PATIENT_ID,GENDER,AGE,SMOKER,FAMILY_HISTORY_ASTHMA,MOTORWAY_DISTANCE_KM,HIGH_POLLUTION_EXPOSURE,ASTHMA_WORSENED
PL7FLSUSIM,F,3,,0,8.09,0,0
RYDPHSD50C,M,15,,0,3.16,0,0
W20NN9C2R7,F,8,,0,3.55,0,0
OXISYUKPJX,U,1,,0,6.77,0,0
5VJMWOTLUZ,U,15,,0,4.93,0,0
9TGVS2E03W,F,10,,0,,0,0
SO64UKX1KC,U,14,,0,8.32,0,0
B1JSV3KJQQ,F,0,,0,,0,1
JM6HTO5TWX,F,7,,0,4.03,0,0
KHTOYOYIE6,F,14,,0,2.03,0,0
XM59JJIP7H,F,13,,0,12.71,0,0
4F6PTB0AH8,M,1,,0,9.99,0,0
OWQ13XROYS,U,15,,0,,0,0
AI1ZLNFR6F,U,1,,0,14.95,0,0
P5SQP1OOJA,M,0,,0,1.33,0,0
PA0I72OMDJ,U,8,,0,11.99,0,0
PHFHOW3XUA,U,14,,0,3.8,0,1
MJB8V8H8PM,M,0,,0,24.18,0,0
D8XOIOLH1D,M,15,,0,8.01,0,0
UH4C21K99Z,F,3,,0,8.57,0,0
WKJWE4QLH9,M,9,,0,11.25,0,0
L3SL966WM7,F,10,,0,3.54,0,0
XTQD50ZXK3,F,0,,0,8.5,0,0
7TOI9VWF8I,U,13,,0,13.3,0,0
0H8K90STP0,M,9,,0,10.22,0,1
QY3ANL02ED,F,8,,0,22.2,0,0
8RBO06FDT5,U,1,,0,3.95,0,0
ILAZ0SFFGW,M,12,,0,3.88,0,0
IW7ZDZK109,M,11,,0,24.05,0,0
UQFLFFBML5,U,0,,0,12.97,0,0
S8LHHOV9FQ,F,9,,0,.36,1,0
YH9YRBX2P7,M,9,,0,.33,1,0
L20GE869FS,M,15,,0,8.34,0,0
V04KHMLPTU,M,2,,0,13.13,0,0
QYIFSYVTM7,F,15,,0,12.04,0,1
CCMJZZ1HGK,F,0,,0,5.78,0,0
RT0RI3RZPL,F,9,,0,29.79,0,0
K1EZDV4L8O,F,3,,0,.44,1,0
65HL5067T2,M,1,,0,2.28,0,0
6E42OAQIO0,F,10,,0,10.97,0,0
X4803OW6QG,F,13,,0,1.46,0,0
48CJ0CYF0B,F,1,,0,7.94,0,1
783TSLCI36,M,12,,0,12.46,0,0
JXDGE6NEOY,M,9,,0,4.96,0,0
R5BCKY9U62,M,0,,0,8.68,0,0
BTYIGJC5Z5,M,2,,0,3.62,0,0
FZOKO108MZ,F,14,,0,6.58,0,0
3YJ25MVUBQ,F,3,,0,13.56,0,0
MY09PWX29S,M,1,,0,4.9,0,0
WSYQ1RONR3,F,5,,0,3.66,0,1
4CKVFCTB8R,F,3,,0,4,0,0
KNGGXRFV0B,U,2,,0,27.51,0,0
F2FQF2XLXA,M,1,,0,.37,1,0
45CWSWGLF3,F,8,,0,,0,0
9MXOY8F7Y4,U,10,,0,5.23,0,0
7YQCPY60ZK,M,8,,0,.95,0,0
6PWG45AD9H,M,7,,0,,0,1
IBZHBO2A7K,F,15,,0,,0,0
7F55DQAPDO,F,0,,0,6.66,0,0
C9V1LEJQFF,F,7,,0,11.82,0,0
3GGPIPRYNB,F,0,,0,,0,0
PWH06PZ45B,M,13,,0,,0,0
BP7UA8O1I0,M,7,,0,.14,1,0
NILY0X227Y,F,7,,0,,0,0
GIR56M579L,F,14,,0,4.38,0,0
ZSV5XJUTMO,F,7,,0,1.91,0,1
JE1KTN0U3Z,M,12,,0,2.91,0,0
Z5R6K8FZW4,F,4,,0,13.53,0,0
294CR5GO7P,F,15,,0,1.11,0,0
VK8BX10O2K,M,4,,0,13.81,0,0
HX7K2NESX7,U,12,,0,,0,0
LYYLECFOF8,M,13,,0,3.72,0,0
TEPSIZ0BWB,M,8,,0,10.28,0,0
D4MMC8FWR8,F,11,,0,1.16,0,0
P9PRPYX1BJ,M,2,,0,10.81,0,0
MHWCT62BGO,M,15,,0,3.32,0,0
0Y1BDF23S1,M,1,,0,14.66,0,0
0KOYAQNP21,M,7,,0,1.07,0,0
0PLG9UG0AM,M,12,,0,3.62,0,1
H1Q6SSSR3U,M,13,,0,8.96,0,0
ASI9OOT0A2,M,12,,0,14.33,0,0
849AKNEQNN,U,12,,0,9.43,0,0
GEJMUZ01P3,F,12,,0,,0,0
TFURTFBWLJ,F,1,,0,1.58,0,1
4O5POIRI6I,U,11,,0,2.23,0,0
SCQI89TC9W,M,14,,0,4.04,0,0
4RTAAWV8I9,M,11,,0,.28,1,0
S8Z8ED5BRO,F,2,,0,,0,0
QWJKRJ8EHC,M,9,,0,4.96,0,1
V6X932CY0R,U,6,,0,3.49,0,0
YVAXKC8A4H,U,15,,0,.86,0,0
IMUYAL53B4,U,2,,0,5.02,0,0
UB39F35VNA,M,13,,0,14.42,0,0
AKVMUMEXP4,F,15,,0,5.99,0,0
9FYPYF75Y4,F,4,,0,2.41,0,0
L977ZJZNKC,F,5,,0,2.69,0,0
V5AYXOU8RE,F,13,,0,12.55,0,0
BUBNWLNPBZ,M,15,,0,3.12,0,0
DD6OQSPYKQ,U,3,,0,12.46,0,0
8LPJ84LV3R,M,11,,0,4.23,0,0
1TKQB85CWN,U,7,,0,.68,0,1
XMANS3Y0JQ,F,4,,0,8.67,0,0
5CHGEIE6FG,M,12,,0,.97,0,0
DC4PDVNHZF,M,5,,0,26.84,0,0
172CUH24F7,U,9,,0,4.42,0,1
8LH77F5UK8,F,10,,0,3.09,0,0
H88C5JND0Q,M,12,,0,4.52,0,0
F7POC8Z9EF,M,11,,0,14.48,0,0
JI6WDRE91N,M,8,,0,4.84,0,0
FY9SZ8ECV7,F,6,,0,1.4,0,1
VWKLU7EUQ8,U,0,,0,13.9,0,0
I68GCMFD2U,F,0,,0,13.15,0,0
5WPNGBBQLA,U,12,,0,5.35,0,0
IS81Z8E474,M,3,,0,5.86,0,0
W07FQAJN33,M,10,,0,14.15,0,0
QUYY1EFE5S,U,1,,0,5.33,0,0
LGAC7GUGZZ,M,7,,0,11.53,0,0
6HFMD63NKO,F,9,,0,7.4,0,0
6CZ5CQ4R5A,F,6,,0,9.63,0,0
1761YD46W5,M,1,,0,1.86,0,0
9TNDLK11M8,M,5,,0,10.09,0,0
07CEC1TFZA,M,8,,0,6.95,0,0
S8H2844T86,M,6,,0,10.23,0,0
OIZYDCYMVL,M,8,,0,6.49,0,0
J2RWCINT13,F,3,,0,5.53,0,0
ZK5F0FGHXK,F,13,,0,1.94,0,0
0CAWAY9MZN,M,8,,0,,0,0
5QZ1KNX9WK,F,14,,0,2.49,0,0
6KOUAYPQ27,F,5,,0,11.99,0,0
4S36Z6NWZM,U,0,,0,22.63,0,0
J1TABAYA0Q,M,11,,0,.5,1,0
9TSLHKDAY2,M,13,,0,13.75,0,1
5CYRRIRKKH,F,10,,0,4.42,0,0
UT6ONDI6HM,F,10,,0,13.1,0,0
870QGDE5AU,F,8,,0,8.22,0,0
CNABAPGOGH,U,1,,0,3.12,0,0
IULTRIM9QT,U,15,,0,11.12,0,0
3B5WXFVQWX,F,0,,0,1.54,0,0
FNDBK18SBK,F,5,,0,,0,0
ZAKJJZADTH,M,7,,0,,0,0
66HCR0C5T6,F,13,,0,4.34,0,0
H5VU81LSDL,U,4,,0,3.91,0,0
G3WHX8AA5Y,M,10,,0,,0,0
76UQ7JCNXB,M,5,,0,14.66,0,0
N0QRFS8CFG,F,8,,0,1.16,0,0
WZOVK92R66,U,10,,0,.53,0,0
EHP8KEJ37H,U,7,,0,11.74,0,0
ZL22FC5GF0,F,10,,0,3.13,0,0
YOOKTS6LKW,M,15,,0,,0,0
EWM2ACNQU3,F,1,,0,2.92,0,0
5WJ0N8C2GU,U,11,,0,10.7,0,0
8PC7BS76JS,F,5,,0,2.71,0,1
0JDTNGCGAW,M,8,,0,4.87,0,0
E1QEL84S5T,M,8,,0,1.5,0,0
XQJSB7KPBJ,U,5,,0,5.53,0,0
SLVARK38CV,M,12,,0,10.75,0,0
EUXYNK05XY,F,8,,0,6.92,0,0
CPJV0S6K4D,U,4,,0,9.29,0,0
APKNJ6J1TB,U,7,,0,10.12,0,0
KVDGYXKD47,F,6,,0,7.96,0,0
NBW9JHNYPH,U,9,,0,12.61,0,0
3BGN42I3DG,F,2,,0,1.13,0,0
Q85QY4DOLX,F,0,,0,9.51,0,0
S6V2P0XTEZ,M,0,,0,8.89,0,0
SY0QGMLGZB,F,8,,0,2.78,0,1
ORCBLIKU8C,M,8,,0,1.45,0,0
4CQJIM8ZBE,F,0,,0,1.98,0,0
SKUCWC12Q0,F,7,,0,1.44,0,0
GNFY6M7KHW,U,2,,0,,0,0
1HAQ8BKUZE,M,15,,0,13.59,0,0
C43HP5F90O,U,12,,0,4.58,0,0
DQUFZG9WM5,F,10,,0,4.14,0,0
8N8KYEKLQT,U,9,,0,,0,0
E2PL3EK3T0,U,6,,0,1.26,0,1
RPCVXKS3Q5,U,3,,0,16.83,0,0
OXQIANE79R,U,4,,0,14.56,0,0
1EVJAVTA7H,F,1,,0,2.1,0,0
VW6GKKIB93,F,12,,0,1.01,0,0
Q5RX567YAX,F,0,,0,3.53,0,0
UEEAD4PBXE,M,6,,0,11.02,0,0
VVOKVMZ7Z5,F,1,,0,8.97,0,0
G8U0WRH0KY,F,8,,0,6.53,0,0
L85PP2GO09,U,10,,0,29.29,0,0
QHTJ9GTWTG,M,5,,0,2.83,0,0
9EPBQM7X61,F,13,,0,2.37,0,0
08H7YBNAR6,M,8,,0,2.31,0,0
0CGX2YUZYH,F,1,,0,.68,0,0
M4E1FHU46K,F,10,,0,2.05,0,0
8NKWOKJKVQ,M,4,,0,12.04,0,0
VI08JBGW7L,F,3,,0,3.19,0,0
Q9OCR6AXXA,M,5,,0,6.35,0,0
TB2A2R1TJJ,U,10,,0,2.81,0,0
39POSIWTXK,F,5,,0,,0,0
2JLEGJMU6J,M,6,,0,1.08,0,0
1N63BVVEAC,M,3,,0,13.56,0,0
3DDYTEH0LY,U,12,,0,2.35,0,1
11VEML39OH,M,4,,0,5.08,0,0
PDB0XLMX22,F,13,,0,2.86,0,0
JXBS751DT5,F,3,,0,.68,0,0
J8DAB77CSG,U,6,,0,4.76,0,0
1BGIUFSH3T,F,13,,0,.27,1,0
W7V1XTR3Q5,F,10,,0,12.11,0,0
D5UMHE59ZD,F,10,,0,,0,0
LJDMRRQP78,F,4,,0,.9,0,0
7UULF7X7HU,M,5,,0,2.34,0,0
U91NREHDLV,U,15,,0,11.42,0,0
OF3ONJFHEE,F,11,,0,5.62,0,1
LFW8BBCQZ4,U,11,,0,2,0,0
FQ68SZ319E,F,6,,0,.59,0,0
8ESFAYAWR0,M,7,,0,5.58,0,0
C5L1K1EI5R,U,3,,0,5.35,0,0
UZ8UH8EKV9,M,0,,0,10.29,0,0
FWLJHHUY84,F,4,,0,13.68,0,0
AF17FJIIIM,M,4,,0,12.5,0,0
Y7QUKOQTTW,F,5,,0,,0,0
CKN87753GO,M,12,,0,13.7,0,0
BLFQYNUZ80,U,5,,0,.17,1,0
OQO032EMLV,M,6,,0,8.07,0,0
0OABCWLE20,M,11,,0,14.22,0,0
4IZRAVXFUD,F,8,,0,7.43,0,0
6BQGLZQ3OH,M,5,,0,2.2,0,0
O1Z51Z8991,M,6,,0,3.22,0,1
TM2XV5A926,M,11,,0,3.54,0,0
BYIVXB3ZKZ,F,1,,0,14.88,0,0
2S3QW2FL7K,M,15,,0,2.05,0,0
5P9LNJL2YU,U,0,,0,4.99,0,0
ZJRSBDQFBU,U,7,,0,6.15,0,0
ERFMYIBINM,M,10,,0,3.6,0,0
4D9QBSZ2X6,F,13,,0,6.48,0,0
7LOLUB9TTX,M,13,,0,2.72,0,0
8OSF9U0TL9,F,0,,0,26.33,0,0
W24RSV3R2K,F,6,,0,1.21,0,0
MA327VTD97,U,10,,0,14.33,0,0
PTMBT1P0NV,M,8,,0,1.09,0,0
MBMYKC0PKQ,F,7,,0,3.45,0,0
5WVI68ESQW,M,8,,0,3.02,0,0
8KM5JLISYE,F,14,,0,13.86,0,0
NSVDPCMD80,M,3,,0,4.93,0,0
ATQL0IG4KR,M,15,,0,.91,0,0
GULTSDFF2U,F,8,,0,12.83,0,0
2C7Q0NB09B,M,11,,0,14.7,0,0
QSI2IVJEQE,F,12,,0,6.29,0,0
9MR4XHM8I1,F,5,,0,29.88,0,0
7VK2R4ZLUI,F,14,,0,2.31,0,0
L71XR204WJ,M,6,,0,4.68,0,0
OE4V6F5INU,U,12,,0,1.54,0,1
CFI12UTIHD,F,1,,0,.33,1,0
R5WXXYTX9S,U,14,,0,2.42,0,0
7QGKKXRHHJ,M,3,,0,13.11,0,0
47RHFC8INZ,F,9,,0,26.25,0,0
LDRHVFQAP8,M,13,,0,1.54,0,0
MVSN8CBHH8,F,2,,0,.99,0,1
UMY7VELS5I,M,3,,0,1.59,0,1
A4KSLKGK5P,U,6,,0,4.12,0,1
G0TFGKWVFL,U,9,,0,,0,0
HBDY5DJINA,M,0,,0,4.99,0,0
7O4TELIZGJ,F,2,,0,.6,0,1
M9LC6607T1,M,4,,0,,0,0
1BX7FGXVBD,M,11,,0,9.82,0,0
01SCDX67LS,M,8,,0,,0,0
KKCCN5O6U7,F,2,,0,4.56,0,1
APS093XAZR,F,4,,0,1.94,0,1
YY6ERC11SF,M,12,,0,1.82,0,1
8MX5H46KNW,M,3,,0,2.53,0,0
FSHJPIJS1U,F,6,,0,14.51,0,0
WUC92VACWX,U,5,,0,6.95,0,0
W5FV96JNLR,M,1,,0,.51,0,0
GMM9ZBXP4U,F,0,,0,.25,1,0
EYJ67CWM9I,M,9,,0,2.76,0,0
1L2JFGVDN8,M,13,,0,,0,1
6QECNTXMUB,F,6,,0,4.65,0,0
8VSXC0W4NQ,M,14,,0,.36,1,0
SGRQFS32DQ,M,11,,0,3.78,0,0
DV3HM31Q78,M,14,,0,11.63,0,0
6JGS9D5KE5,F,9,,0,11.45,0,0
O6BFGQW6P0,F,9,,0,22.5,0,0
MFKCCTVHIF,F,13,,0,2.81,0,1
D59O7ZSLNG,M,14,,0,,0,0
VJM8DDLT06,F,14,,0,.69,0,0
M7PHSD0QVT,M,14,,0,16.29,0,0
P8D0I2HKHD,M,8,,0,8.06,0,0
05JGRRNV4W,U,10,,0,1.29,0,0
OAH71TBWNZ,M,13,,0,1.59,0,0
OKRXD3WMRK,M,8,,0,5.12,0,0
8I49YRNUXE,M,2,,0,12.82,0,0
T5ZLMVSZAY,F,13,,0,1.95,0,0
5WYPBUXGW3,U,3,,0,1.98,0,0
HQI17U7ISY,M,7,,0,4.41,0,0
4JSCCVAET8,U,5,,0,12.65,0,0
7A6N8UJAKH,F,7,,0,4.28,0,0
XHYCRQNP0H,U,9,,0,7.45,0,0
F6YUID7BQ1,F,5,,0,7.85,0,0
A71ROLUU0N,M,9,,0,15.49,0,0
9L0DBB9OSV,F,4,,0,4.85,0,0
4WLHLCLYIB,F,12,,0,.25,1,0
HCU0N6P7MC,U,4,,0,6.49,0,0
CNHHRIB273,F,3,,0,3.81,0,0
M7OXPKK51P,M,15,,0,2.93,0,0
3X600L5ZI3,M,13,,0,1.42,0,0
KDSRPB3XZR,M,5,,0,.85,0,1
RDS29RAPXZ,U,12,,0,12.25,0,0
ASPA8LKO55,F,2,,0,6.51,0,0
5Y6V17MY1N,F,14,,0,4.09,0,0
0XJ03XXJZP,M,12,,0,7.41,0,0
GO2AAVIE97,M,2,,0,21.84,0,0
JD5G4XJ86Y,M,5,,0,13.69,0,0
741LW1UMJ6,M,8,,0,.68,0,0
1EHHUO83PC,F,14,,0,,0,0
1UGEQ286OY,F,8,,0,.61,0,1
JDOBSMTS63,F,5,,0,8.85,0,0
NNTNLN9X54,F,9,,0,12.91,0,1
V7Q5AT9SLP,F,10,,0,4.17,0,0
0SQDEG6E0T,F,7,,0,21.14,0,0
H479IGA9F0,F,12,,0,,0,0
2YJ6M4EY6O,M,10,,0,3.94,0,0
5VZTGAVAQG,U,8,,0,3.58,0,0
7TDN95JA2N,F,15,,0,8.9,0,0
5PLPWZA04J,F,10,,0,,0,0
NMLH00G32K,U,4,,0,9.51,0,0
B9W05L88EZ,U,15,,0,8.16,0,0
0F26LUG6W3,U,10,,0,3.39,0,0
HKLNMVVPK3,F,12,,0,1.67,0,0
JMQ7POWFYO,F,14,,0,11.98,0,0
G57406SZTJ,U,2,,0,.5,1,0
09PMTXFSXJ,M,9,,0,21.23,0,0
H7VHYUVE3Q,F,0,,0,10.52,0,0
DVOE7DNUBT,M,15,,0,9.07,0,0
RT8ZWXX3C8,F,4,,0,.99,0,0
1ZMRY1U2CE,U,15,,0,4.59,0,0
WWCGVAF77H,M,1,,0,.97,0,0
HI71XO9THQ,U,15,,0,6.45,0,0
H66ACTGFV7,F,4,,0,9.88,0,0
1EGC5RLEZJ,U,12,,0,8.24,0,0
0QF2YWD7FY,F,11,,0,.46,1,0
QRHUJZIPPC,M,13,,0,6.42,0,0
7Z7084GJ2L,U,7,,0,9.91,0,0
SP7GQ6B6RM,M,6,,0,14.59,0,0
YTYJLAJBUM,U,13,,0,6.65,0,0
IR90K983Y8,F,11,,0,11.19,0,0
A57DSLXYFM,F,4,,0,14.7,0,0
16F2UJ7WBX,F,3,,0,13.52,0,0
W8ULGVO4GF,M,8,,0,1.06,0,0
RWG4T4FCD8,F,13,,0,1.11,0,0
XPP3NTSNS2,U,12,,0,1.38,0,0
I655AJ5GM6,F,4,,0,1.55,0,0
C74L0BK677,U,12,,0,4.86,0,0
GP5364MYPT,M,0,,0,4.49,0,0
2X531QA2OQ,U,13,,0,11.21,0,0
0GSMCZ24RH,M,6,,0,11.15,0,0
WQEV2BYHP7,M,4,,0,.23,1,0
EJDI4NHIBW,M,2,,0,8.34,0,0
XRVF20QR52,M,7,,0,8.81,0,0
YLIFFSFYRZ,F,11,,0,6.51,0,0
BZID788TTV,F,14,,0,9.16,0,0
ZWWS2EQ7AW,F,12,,0,9.62,0,0
YNJDK61S1K,F,3,,0,2.68,0,0
IFBSDVC730,M,11,,0,2.58,0,0
P4RBLY6QD4,U,1,,0,3.59,0,0
PRQ972VH1K,F,1,,0,2.98,0,0
PC7YM7A4IW,U,11,,0,12.99,0,0
GHOYCGRMWF,F,6,,0,7.28,0,0
BPME0I24UI,M,12,,0,1.16,0,0
LFHC1S8SAS,F,3,,0,6.74,0,0
NMPZXXNH1F,M,7,,0,13.41,0,0
6PFVJSZ2D2,F,0,,0,,0,0
QC8578FM10,F,1,,0,12.05,0,0
UTS9P02642,M,14,,0,.28,1,1
WU6ZHIMC1U,F,0,,0,3.08,0,0
UV5GPTEEOO,M,8,,0,15.69,0,0
DNP4PN0IMH,M,15,,0,6.22,0,0
DXZMRB9Y3W,M,9,,0,6.89,0,0
9CKXXYP4FB,U,1,,0,,0,0
T8V1LPZRV4,F,1,,0,4.55,0,0
87MEYJHV2P,M,2,,0,3.03,0,0
MP9HUWM8TV,F,5,,0,7.27,0,0
RF8DIT6MD5,F,0,,0,8.31,0,0
M18P3KC4NW,M,11,,0,,0,0
JJGP6MKCH0,U,0,,0,14.02,0,0
3X4KALSF14,F,3,,0,1.86,0,0
OY4N311P0R,U,8,,0,.12,1,0
2UYFGXVNAW,U,2,,0,3.84,0,0
KXA2TJFXGQ,F,15,,0,3.19,0,0
QUO1N7G2WY,U,10,,0,28.26,0,0
6W9BR1QLE2,F,9,,0,11.29,0,0
R34LOR9IC8,M,15,,0,2.95,0,0
EKGTB0I45N,F,7,,0,5.27,0,0
PFL4U8PAYT,U,0,,0,5.56,0,1
UKUQC8MI02,F,9,,0,2.97,0,0
OT7YTO15PE,U,1,,0,,0,0
HI2771U6DX,F,9,,0,9.69,0,0
D4V985OEYQ,M,13,,0,.76,0,0
I0LMTQI0HH,M,14,,0,10.38,0,0
4V5W0NBRYT,F,11,,0,.79,0,0
JYOO3FOSN7,M,12,,0,.51,0,0
AOF5FCQVLQ,F,3,,0,,0,0
W33GW2B6KF,U,15,,0,.66,0,0
WQY33MHKZM,M,5,,0,12.65,0,0
WHZJHKL7S7,M,2,,0,13.69,0,0
H9LPREDOAI,M,10,,0,2.34,0,0
C68GFA8SY3,M,2,,0,9.57,0,0
EHI0XMHNSP,U,14,,0,.3,1,0
664E9KFAGG,F,9,,0,,0,0
TPGRMWLZ92,U,7,,0,11.99,0,1
DZ6YTOEDKM,F,10,,0,14.91,0,0
5LRO2EF338,F,14,,0,20.93,0,0
EVLHEY98YX,M,3,,0,1.05,0,0
B38JY9J7S2,M,12,,0,10.47,0,0
48V9R4YK8V,M,13,,0,5.76,0,0
2T6YI292R5,F,1,,0,29.79,0,0
GVTJPR4ZXS,F,9,,0,4.81,0,0
FOX5SV1YE4,M,13,,0,2.63,0,1
QYZS07Y9X2,M,5,,0,10.57,0,0
RFHAWK7RFN,M,6,,0,4.46,0,0
FTNCXN3TMH,U,12,,0,9.09,0,0
W4AW7ZUT11,M,7,,0,13.83,0,0
7ZSAKJ4EMV,M,0,,0,5.62,0,0
ZSNGPO552D,M,5,,0,3.3,0,0
5Z40LYXO1F,F,3,,0,27.15,0,0
5OHP9MKVKI,F,4,,0,10.37,0,0
I8YBOAGFU9,U,4,,0,,0,0
2ML0RXQX6E,M,8,,0,.19,1,0
IKJNX36Z4R,F,3,,0,2.26,0,1
SMJC6JWN1S,U,1,,0,2.7,0,0
YB8IUKHHFC,F,12,,0,,0,0
D3HZ49UWXV,F,4,,0,,0,0
4QOWNVGTJX,F,14,,0,5.7,0,0
LMMUI7J1IF,U,14,,0,3.36,0,0
O6IEXGB8QM,M,1,,0,6.67,0,0
DPHZPC3FT2,M,11,,0,3.51,0,0
GVW06O07CC,M,1,,0,.51,0,0
REVP2DH6M2,U,0,,0,13.42,0,0
YCHMIO0L57,F,9,,0,4.71,0,0
GP9IASMARJ,U,14,,0,1.02,0,0
B0QZGVXR9L,U,13,,0,,0,0
Y110U38UEJ,F,2,,0,,0,0
WASGS61TYQ,F,14,,0,,0,0
YNB7YYYSLA,U,6,,0,,0,0
5UTK53WL4R,F,0,,0,.47,1,0
63Q2HSTR5H,M,7,,0,2.8,0,0
5B4O6Y9RIJ,M,6,,0,2.97,0,0
AG1O27TFJZ,U,3,,0,4.23,0,0
DCN79H3QIY,F,4,,0,12.67,0,0
78378C2LL1,M,12,,0,1.62,0,0
K79O3Z78KU,U,1,,0,4.72,0,0
GH3AZ0S94Q,M,12,,0,.44,1,0
E0X0237A6D,F,4,,0,,0,0
4LVQV6L6DQ,M,5,,0,8.36,0,0
FQFTI3KIQ6,M,14,,0,13.37,0,0
8T6SJ0PCRD,F,10,,0,1.45,0,0
Q7SYYRISGD,F,11,,0,3.27,0,0
TKJS8RWYWO,F,15,,0,2.6,0,0
2FF03VTF6F,F,14,,0,3.59,0,0
74GI57IN0J,M,12,,0,4.86,0,0
XVASVKHYN1,M,11,,0,12.47,0,0
S6GPOF6AI9,F,2,,0,10.03,0,0
U5LDY8IIKR,U,0,,0,3.48,0,0
200GFGGQSG,F,4,,0,8.17,0,0
ULD7ATQ0KV,M,12,,0,8.21,0,0
2ZKRIVAJ63,M,2,,0,,0,1
KE3BFA0B0R,M,0,,0,10.6,0,0
GTFDZ1GPLR,F,8,,0,14.97,0,0
PDP0VXTENO,F,13,,0,7.91,0,0
SS83X904BW,F,0,,0,3.95,0,0
LTEASKUB7N,F,9,,0,2.3,0,0
LI4EVNMJCD,M,15,,0,28.02,0,0
M2Y2E3RGFJ,M,2,,0,2.07,0,0
NFXENLI9JL,U,14,,0,10.15,0,0
1SRGDNNJC1,F,7,,0,3.13,0,0
8N3LCNLL42,M,1,,0,14.34,0,0
8O2SISD3O4,U,4,,0,2.03,0,0
NT74I1M3X7,M,15,,0,13.98,0,0
ZFY9JEC60N,U,9,,0,1.52,0,0
54WKDOEPKN,M,12,,0,,0,0
9KW4MYTG5X,M,8,,0,.32,1,0
XQ7WW9Y2FT,M,15,,0,.78,0,0
TAVXVALTWO,M,14,,0,6.28,0,0
W6I2DQVSEK,U,11,,0,7.42,0,0
W5I3RUIYOI,M,0,,0,7.01,0,0
R1RF9ADIPC,M,7,,0,13.84,0,0
K4V900D7TX,U,5,,0,4.89,0,0
BD7CRR6470,U,0,,0,2.05,0,0
FB2VDV92VK,F,12,,0,5.41,0,0
2J6TNVD00A,F,6,,0,3.98,0,1
R821AZRYW0,F,6,,0,11.31,0,0
RMAQ61YTT4,M,6,,0,1.68,0,0
1RK8A7K5LQ,U,12,,0,3.88,0,0
TGT0SD8MN5,F,2,,0,1.06,0,1
GL24XSBNJJ,F,10,,0,14.08,0,0
Q7JSDBA50M,M,7,,0,1.04,0,0
MFKPEG6CD9,F,12,,0,2.09,0,0
DDTA1GQG13,F,8,,0,.27,1,0
A14DKV3WWC,F,1,,0,1.97,0,0
X1NU6JDYCK,M,5,,0,,0,0
BS9WOXU3TB,U,2,,0,10.66,0,0
FU85FSJ2SQ,F,13,,0,3.69,0,0
3CA3RKE57S,M,9,,0,.91,0,0
O579CW3343,F,5,,0,3.16,0,0
CZBTDD39YU,U,10,,0,.31,1,0
AWFNCN8QFX,U,5,,0,,0,0
CX83DXCR14,F,9,,0,6.74,0,0
K1FV5REGDD,M,11,,0,11.56,0,0
HJZ2JYHMVC,F,1,,0,2.1,0,0
ZKSBEH0Y10,F,15,,0,26.82,0,0
UREFL0JF3A,M,12,,0,15.59,0,0
8KUMC2BSJO,M,5,,0,7.52,0,0
GJI9A9OOIT,F,6,,0,7.54,0,0
XMGWKRKT3X,F,12,,0,3.82,0,0
WBQHTDHKL1,F,3,,0,2.53,0,1
7MK9A9OAL6,F,2,,0,9.41,0,0
4JINL69ZCA,U,13,,0,4.91,0,0
B7QPA8O2EU,U,13,,0,13.53,0,0
XG8E4NIGKY,M,12,,0,4.81,0,1
JQB3M8HKBQ,M,13,,0,15.58,0,0
0416GI9QGI,M,12,,0,,0,0
H2YB9EA4HW,F,14,,0,.58,0,0
J1GQ0LPLOP,F,11,,0,.29,1,1
AU285E5EYL,U,5,,0,1.23,0,0
GU7U79QU5G,M,0,,0,9.47,0,0
OP2AT7J35K,M,10,,0,3.26,0,0
LU1IU473TQ,M,0,,0,14.47,0,0
IOJUTCUAAB,F,0,,0,20.88,0,0
0WLF5BHBBS,M,7,,0,3.44,0,0
KTUH7R3A4C,M,6,,0,4.33,0,0
4SIV5UZK6R,U,14,,0,2.49,0,0
AFU2X6ISSF,M,8,,0,3.85,0,0
BY0ICW3D5G,M,11,,0,9.71,0,0
QY2BANQAI2,M,5,,0,1.84,0,0
9TJ53DG3I4,M,5,,0,4.23,0,0
BX7O1UVH6R,F,12,,0,6.02,0,0
P67RDTO9WE,F,9,,0,5.09,0,1
W5XA5ZAS76,F,14,,0,1.75,0,0
I3FB41HU94,M,0,,0,2.75,0,0
IFZD762COJ,F,4,,0,8.77,0,0
Q93UF662T2,U,3,,0,,0,0
S1MVQRD9A6,F,8,,0,4.68,0,0
LLFCY58PDL,M,1,,0,20.83,0,0
7I0ESVOIAK,M,0,,0,14.62,0,0
P1YE01CKEH,F,6,,0,20.33,0,0
P69JAMNJ2S,F,11,,0,6.03,0,0
CTEAEFOXWJ,M,11,,0,2.32,0,0
1722GLP4PB,M,12,,0,,0,0
6ZAQCZSSXJ,M,1,,0,6.73,0,0
51EWAQXU97,U,8,,0,3.88,0,0
JL9FHT12FR,M,2,,0,.47,1,0
HY5WOWSPLG,M,15,,0,,0,0
UZAD7DUO9X,F,5,,0,5.66,0,0
9O8ILXXD9T,U,2,,0,4.72,0,0
ESAUSSBQVK,F,7,,0,8.59,0,0
K2MWEA1T9W,F,8,,0,3.1,0,0
OYHZB960IL,M,6,,0,12.48,0,0
C5N2RN1V8B,U,7,,0,11.72,0,0
TR5E62276Q,U,11,,0,.26,1,0
TQAFIEJT0R,M,0,,0,4.33,0,0
1QR3L3NJH9,M,10,,0,3.79,0,0
ER2HKMPRAW,M,10,,0,7.72,0,0
QYMDKMZBQN,M,15,,0,9.09,0,0
W20VJKBLE1,M,14,,0,5.15,0,0
S2MY4L82QH,F,12,,0,4.12,0,0
WDR3PW5UQM,U,5,,0,9.75,0,0
OO8BS8NML6,F,12,,0,14.52,0,0
LGF5TTZNNK,F,5,,0,4.37,0,1
4G2QEQLIFC,F,5,,0,4.81,0,0
HZQAWTLHQ9,F,12,,0,,0,0
MBUXJQTHAI,M,3,,0,3.99,0,0
3NFQD3100Q,M,4,,0,3.38,0,0
BDLN93Y6YY,F,5,,0,1.04,0,0
KHGJJP4EUH,M,9,,0,24,0,0
F9CM6V9YAX,F,4,,0,4.62,0,1
9IGOCFFNKW,F,14,,0,3.34,0,1
5V1NB33K3A,F,5,,0,.69,0,0
E34CO5IQGI,U,4,,0,6.42,0,0
Z9LUI3QMOV,M,2,,0,2.18,0,1
NOOJZLSZX5,M,10,,0,2.9,0,1
AM5SUEKCV9,F,0,,0,.8,0,0
IFNW2DOOWZ,U,11,,0,5.44,0,0
NIG388S1HE,U,7,,0,11.98,0,0
MW4IRHY7NP,U,10,,0,3.72,0,0
28F523Z83F,M,0,,0,1.38,0,0
7XMPLYYP6L,M,5,,0,,0,0
31WOCPMG2R,F,7,,0,6.94,0,0
I8A3GJ14FM,M,7,,0,14.37,0,0
MT94HO6BCX,F,3,,0,2.16,0,0
KEALC85ITZ,F,8,,0,9.86,0,0
NBPK2AGNQ6,M,3,,0,2.85,0,0
F7THRIF6TB,M,1,,0,2.06,0,0
EE146GWIDU,F,1,,0,9.09,0,0
2PKP2ENP11,F,13,,0,.13,1,0
JQYH3CO08T,M,14,,0,14.97,0,0
GF59CRZSVT,M,10,,0,1.79,0,0
0HAA5G2Q2X,F,0,,0,3.53,0,0
GPPYFR9SK7,F,6,,0,5.52,0,0
SAGBIAJPAB,M,12,,0,,0,0
YHJQ27T83K,U,5,,0,9.74,0,0
IG5HJ3W3ON,U,15,,0,1.39,0,0
SN82DTRSUC,M,9,,0,10.5,0,0
CI6QUGUIHJ,M,11,,0,4.84,0,0
IUYPQKHMSR,M,13,,0,.64,0,1
9E8DJ6SOKI,F,9,,0,5.16,0,0
34AX5VOJJL,M,1,,0,3.28,0,0
SP6VDL36ZP,M,7,,0,1.7,0,0
FIJ1V1EKTS,M,4,,0,5.21,0,0
N3QLWN77SZ,F,15,,0,2.84,0,0
4BD6GL1TB4,F,10,,0,4.42,0,0
AVYOK925VO,M,8,,0,,0,0
91UYLGIVBH,F,1,,0,3.73,0,0
HV1Y7I5OT9,F,11,,0,8.8,0,0
X1CCHZY4SC,M,7,,0,13.23,0,1
GPWQL84537,M,10,,0,7.01,0,0
E9L6O26UNH,F,4,,0,3.46,0,0
63FA6ACLP7,U,6,,0,4.76,0,1
FUTWVY73OZ,F,13,,0,3.07,0,0
AZX4OHIE3N,F,14,,0,.81,0,0
JGC4RAHDIA,M,0,,0,14.19,0,0
GJ4Y28KTOZ,U,4,,0,14.41,0,0
ZFCCBEKEUT,M,9,,0,9,0,0
HA4WR41A28,F,11,,0,11.3,0,0
VKZM08SG9Y,M,8,,0,7.91,0,0
SARUMU9FZC,F,2,,0,10.42,0,0
XR88LBHHOB,M,13,,0,.16,1,0
KE142X5D3Z,M,14,,0,24.65,0,0
UHD0G4W778,F,15,,0,3.31,0,0
RAUUWN7ICT,M,7,,0,5.52,0,0
YGSPDUF0G1,M,9,,0,.11,1,0
MQCMILC426,F,5,,0,12.23,0,0
B4W1QIK8BW,M,10,,0,4.2,0,0
SB8T8HOMDS,M,6,,0,4.03,0,0
L0TWNCLDLL,M,9,,0,3.78,0,0
3WEQEUY0R4,F,15,,0,6.05,0,0
NBCWRIF02D,M,14,,0,1.04,0,0
JV5XRYAU3Z,F,11,,0,10.92,0,0
5EOKC9WG1M,M,3,,0,3.94,0,0
P356IQZX0X,U,2,,0,13.01,0,0
O0KMG3GY3K,F,12,,0,2.32,0,0
PPV38FV7PL,F,0,,0,,0,0
7FV2CNQMWY,F,14,,0,8.07,0,0
SFF79GZZEX,F,8,,0,4.7,0,0
TUGEM3PNU3,M,8,,0,16.03,0,0
D0VIM3F6BB,F,11,,0,1.75,0,0
QIFXIL43KU,M,13,,0,,0,0
M7YDF0ZTB4,M,9,,0,3.94,0,0
XFPEZ40CQI,F,4,,0,3.4,0,0
8B5UDJ8P6M,M,10,,0,1.12,0,0
N1OOA3LFZL,F,1,,0,1.18,0,0
8ODVM4ZX4F,F,3,,0,5.31,0,0
S8Y9WWWC9Z,F,1,,0,.14,1,0
49XMJ9XMTQ,F,2,,0,4.18,0,0
4HCVT8URDY,F,2,,0,1.46,0,0
DK06EGEMRL,F,15,,0,14.72,0,0
U7BGUE6NSA,U,14,,0,14.78,0,0
8Q9R6Z75MZ,F,1,,0,3.44,0,0
L7PHDR0Z3K,F,13,,0,.75,0,0
RQ8LIWOSJP,F,1,,0,4.7,0,0
R0HT8EY0CB,M,15,,0,,0,0
AKWUU3HNO3,F,3,,0,4.19,0,0
AT9Y7PZZFG,F,12,,0,9.72,0,0
WYBWYDVX4D,F,13,,0,,0,0
ZAN275U4A7,F,13,,0,12.45,0,0
NR2MVQXIWS,M,8,,0,3.54,0,1
WSCFT2H9CG,F,8,,0,.95,0,1
Z5TOT5RWUG,F,1,,0,9.49,0,0
XV3QDTHWYQ,F,12,,0,3.76,0,0
EZVRT6SD2J,M,10,,0,7.84,0,0
XC11T4G56A,F,1,,0,25.05,0,0
TED6GLXPA4,M,4,,0,7.32,0,0
8TA45Z1WXC,F,13,,0,7.29,0,0
KY4XY3NLYM,M,7,,0,3.41,0,0
ABIEXA8150,M,7,,0,9.05,0,0
5BBL62PT05,F,2,,0,.45,1,0
J4MWQ6USVQ,M,14,,0,2.18,0,1
P3OJV2308X,F,4,,0,.62,0,0
1ZF0EBM5V5,U,9,,0,1.17,0,0
PVC83JFPZ5,F,14,,0,,0,0
5YIFMPJGPR,U,13,,0,5.71,0,0
Z4SRYM4DIV,F,8,,0,4.82,0,0
EQTULUBVRR,M,9,,0,13.99,0,0
RMV94CU0BO,F,5,,0,,0,0
456BDED53R,F,2,,0,4.15,0,0
K52N7AB4YD,M,9,,0,1.38,0,0
H6T4ZINKII,F,3,,0,,0,0
NB3UROVX38,F,10,,0,,0,0
OJ54EEFKV4,M,8,,0,3.68,0,0
9UCAEUP469,M,4,,0,11.1,0,0
46GV6B95XM,M,11,,0,3.22,0,0
K2QP4WP1JZ,M,4,,0,4.44,0,0
49I5DVWZQ2,F,2,,0,2.26,0,0
9BBLYCPV4U,M,0,,0,2.14,0,0
24OUNL32B7,M,15,,0,13.42,0,0
ZR51C2STQP,U,4,,0,.51,0,0
EPUB49E4M8,U,10,,0,11.71,0,0
IVEIV78E35,M,13,,0,10.95,0,0
P3LD9XFOI2,M,4,,0,10.25,0,0
DEIBAGXELL,F,15,,0,6.38,0,0
3RDAXPS7N7,F,1,,0,3.15,0,0
DYVEH2HIJX,M,1,,0,,0,0
1B6WA7C2V7,M,10,,0,4.17,0,1
9T181HXV0L,F,14,,0,2.67,0,0
9RXQNQNEOI,F,11,,0,,0,0
7496TVZKXU,F,5,,0,1.21,0,0
QQN12RISPV,F,12,,0,16.87,0,0
5PH1PK2JFY,F,4,,0,.33,1,0
KEGM0QRHGB,M,15,,0,13.87,0,0
0227GVO74Q,M,6,,0,4.63,0,0
GMTN1G4FFE,M,7,,0,2,0,0
GHJSFOWRVU,U,9,,0,.63,0,0
91ET7KG5KE,M,0,,0,8.46,0,0
XYGFVLT1ZA,M,3,,0,1.69,0,0
VAVNYUDFVU,M,4,,0,,0,0
UKKXXYY72P,F,6,,0,1.3,0,0
K6ODO50GED,M,12,,0,2.35,0,1
164WOQSVU4,U,14,,0,3.47,0,0
UJ2CJVH2ZJ,U,12,,0,12.85,0,0
OMF6GFR3RX,U,7,,0,5.85,0,0
7I25KDROZ0,M,1,,0,.8,0,0
03PE1J3TYA,U,9,,0,13.81,0,0
CJDPVK8X35,F,14,,0,9.58,0,0
4Q32CEC2C7,F,3,,0,,0,0
5EDP6EP2K7,U,5,,0,10.39,0,0
PIKPEXOF6J,U,7,,0,.65,0,0
MJAODIK3AO,F,6,,0,14.87,0,0
O8IMXN1TXL,U,14,,0,,0,0
MYS8Y2S8R5,U,15,,0,9.29,0,0
NIFUFS8TAS,U,5,,0,11.15,0,0
WEZDIDIW5J,U,14,,0,10.48,0,0
MCFVPZ22RV,F,0,,0,3.55,0,0
FCQH0KLWVZ,M,15,,0,2.5,0,0
L8SEDWPPPP,U,6,,0,4.28,0,1
6NIFM88SR9,M,8,,0,,0,0
HVTPITD1BT,U,1,,0,,0,0
YKCZK77MC4,F,6,,0,1.1,0,0
4ATOGPFM93,M,1,,0,,0,0
R7BLV74B5Q,F,7,,0,12.88,0,0
B7O4H8F7TY,F,13,,0,6.61,0,0
ETSIOHB4OX,M,11,,0,25.23,0,0
VMXP2NVAFG,M,8,,0,,0,0
N0N8XJOGB2,M,9,,0,2.27,0,0
TZAUYQCBA6,F,8,,0,9.69,0,0
GN643VQ1VE,U,0,,0,13.2,0,0
1H4GQNKDG9,F,11,,0,.84,0,1
HYF3FFRX5A,M,6,,0,5.93,0,0
HKNGSQRYSW,M,9,,0,4.36,0,0
DBDU3YE5CE,F,3,,0,1.06,0,1
NLBVV61M7L,F,8,,0,3.63,0,0
J0GRXSPBFV,U,6,,0,3.58,0,1
BP8Z3YAKMR,M,0,,0,4.91,0,0
AD182JNNEL,M,10,,0,3.07,0,0
VWQ257ZF3M,M,1,,0,,0,0
UFG8789DN8,U,11,,0,2.66,0,0
Z6VPOSU1X8,F,13,,0,,0,0
HKCR56Q2OP,U,11,,0,8.71,0,0
NK01SVQK45,U,2,,0,13.67,0,0
CKIV0430PX,M,6,,0,13.2,0,0
CIH1ZJ2QLS,U,1,,0,1.99,0,0
UGARGE1VGY,F,6,,0,4.39,0,0
ZSG0TFFKIO,M,3,,0,6.66,0,0
KEK6GMZLUW,M,7,,0,.32,1,0
ACGO1F7F72,F,13,,0,5.17,0,0
P5S62H0FIX,F,15,,0,12.76,0,0
MOUIDQU3JS,M,0,,0,9.5,0,0
X8FV8LU0QO,U,6,,0,.51,0,0
VEREJQU271,F,13,,0,3.05,0,1
OXQ4C673P2,U,15,,0,12.97,0,0
AG14H9ROQ9,U,14,,0,.44,1,0
1IULZOH9EJ,M,14,,0,2.37,0,1
W1TKSF94OM,M,5,,0,.5,1,0
7ZWV42ZX7V,M,0,,0,13.65,0,0
9E0HOQZ0IG,U,1,,0,4.72,0,0
DJNKKH21NM,F,8,,0,1.35,0,1
KD0CS2D1D3,F,8,,0,.73,0,1
QFMSTD3V88,M,15,,0,6.52,0,0
ARC9RBKL1L,U,13,,0,3.61,0,1
C150SROW4P,F,4,,0,11.59,0,0
N4EZB992XT,F,3,,0,8.97,0,0
WRSCYU9PJY,U,5,,0,20.45,0,0
NZCIZHA1WN,U,8,,0,.29,1,1
4NVKH3LWZU,F,8,,0,1.18,0,0
WPZNLHLY2O,F,12,,0,13.19,0,1
B2Z992O8R9,M,13,,0,4.12,0,0
8OVUTG9E04,M,2,,0,1.35,0,0
CLBROQ9MM5,M,4,,0,13.02,0,0
NSPL5IEJN6,M,8,,0,2.95,0,1
PCAD2FSBDQ,M,2,,0,8.4,0,0
2CT4UDRS3E,U,11,,0,1.77,0,0
4D2CZ8LJA9,M,2,,0,13.61,0,0
8FNLP02B26,F,11,,0,7.14,0,0
V7MW6UEIHE,U,6,,0,7.18,0,0
UUP01GO7GV,F,3,,0,20.39,0,0
MOZNN4JPVV,U,8,,0,,0,0
GQHYHGS8JR,F,4,,0,2.81,0,0
7O8W3W0P02,U,3,,0,6.71,0,0
2HR5WYQACT,M,12,,0,13.7,0,0
1AKK8IM9W2,U,5,,0,1.08,0,1
AGZQCJMQGR,F,14,,0,4.27,0,0
ISPXF3JDDZ,M,10,,0,,0,0
8Z00LPCJ7N,M,2,,0,14.49,0,0
BYXATJX6FS,M,13,,0,2.04,0,0
HCCV0CUQJM,M,4,,0,6.83,0,0
AL6PUM0A0F,M,3,,0,29.68,0,0
V7DZ56TPSA,F,8,,0,11.57,0,0
ELOSNHNJHN,M,0,,0,12.61,0,0
AOAZ1RATDK,U,7,,0,12.61,0,0
9PHCYX9D7S,M,13,,0,1.22,0,1
I8Y1PWLJU3,M,10,,0,2.3,0,0
D9G570Q6R3,M,0,,0,2.62,0,0
ROSA9STV88,F,6,,0,8.97,0,0
E5EEMBII3T,F,6,,0,1.8,0,0
TKX2Q0DY7O,F,8,,0,1.31,0,0
3T7CC6D37P,F,14,,0,,0,0
F84V6P1U6J,M,11,,0,,0,0
OMA3ED6D9H,M,13,,0,5.02,0,0
BT1HRPNMPV,M,8,,0,2.98,0,0
02W0XWP2KY,M,10,,0,3.65,0,1
REQCUZ09E4,M,7,,0,4.18,0,0
S3F8CH2EWI,M,15,,0,21.62,0,0
6NJEVKRU7C,F,6,,0,.95,0,0
JRLI7VRPH1,U,9,,0,4.07,0,0
66JO99FOV2,U,2,,0,.63,0,0
ALQKJV77II,F,0,,0,2.38,0,0
IRI7GUM2IN,M,1,,0,3.76,0,0
O6NZMTCOK8,F,13,,0,.53,0,0
Y4OO1P2DEE,U,14,,0,1.96,0,1
PWAC4ENMT3,U,12,,0,1.84,0,0
DPXJU67OKG,F,2,,0,1.01,0,0
Z60XTLKMHN,M,7,,0,4.44,0,0
JMI5H23QEB,F,9,,0,3.74,0,0
0WBBPCG9F5,U,7,,0,,0,0
1QZEUHOIDB,F,10,,0,4.55,0,0
RFJMS8EU4G,F,12,,0,.9,0,0
YA8LHU5RJ5,U,14,,0,3.07,0,0
5YQ8WXIEMD,F,13,,0,6.93,0,0
TE4C541SZ5,U,4,,0,13.95,0,0
CM504ZUEG5,F,14,,0,1.32,0,0
VSBQ5C8A31,F,10,,0,2.58,0,0
CI2VBALLU8,M,0,,0,2.79,0,0
TC8J84NADC,F,11,,0,2.73,0,1
MAR8U68IUK,U,11,,0,3.37,0,0
2S0AZGW0S9,M,6,,0,4.57,0,0
II7PWVNEIJ,M,1,,0,4.89,0,0
LSO6O403Q6,F,7,,0,4.1,0,0
6AT68VD71L,M,11,,0,10.1,0,0
YM2ULRFYMX,F,14,,0,1.87,0,0
47U204J858,F,8,,0,1.6,0,1
TFPFJ1OAAJ,U,9,,0,,0,0
9AP7HGQVV9,F,8,,0,4.86,0,0
IMUOC48QYP,F,4,,0,2.11,0,0
P6CIMZI0TC,U,14,,0,5.54,0,0
AMHI2D3KXD,F,15,,0,4.46,0,0
GEFJVZA1SZ,M,13,,0,1.89,0,0
SQUNU93UGD,F,3,,0,6.4,0,0
5TY0CPV8WR,F,7,,0,12.61,0,0
IX1EETTHKK,U,2,,0,9.84,0,0
87XK6P1MFV,M,7,,0,,0,0
QT0R3HACAK,M,9,,0,3.8,0,0
GNEJ8IH6D1,F,11,,0,,0,0
ILMOA8X9LV,M,12,,0,6.88,0,0
V97QHILY0K,M,14,,0,1.11,0,0
M3U9RMWW7W,M,11,,0,13.82,0,0
NCALWS2JCC,M,5,,0,4.46,0,0
I1HBL2801A,F,5,,0,6.52,0,1
ER0V9QHR53,F,9,,0,.41,1,0
AF3U9GUAGM,U,12,,0,4.85,0,0
XBEXNQKEXE,M,2,,0,4.32,0,0
WCN7ZA36WQ,F,11,,0,3.91,0,0
WFI3QWD8EA,M,7,,0,14.91,0,0
F7J4NADKKQ,M,9,,0,.87,0,0
I0K82LI0VV,M,1,,0,,0,1
FEC85FH6UE,M,12,,0,14.79,0,0
XT0ND3VHOY,M,5,,0,14.05,0,0
FAHUN82MJA,M,15,,0,10.72,0,0
AVS3V33TZN,F,7,,0,2.54,0,0
W1NXDHOCSP,U,9,,0,3.93,0,0
TR3TN5WKJR,F,5,,0,12.81,0,0
7B66FAPFQ4,F,3,,0,7.19,0,0
QX3RVVK23J,F,7,,0,12.4,0,0
4JI8ZSBKBB,F,7,,0,8.85,0,0
R5IDXT0HKZ,U,12,,0,7.45,0,0
AZZVS6AHTP,M,13,,0,3.31,0,0
CL8NLNCN7I,M,4,,0,1.06,0,0
QE5MA12S01,M,11,,0,29.01,0,0
IB0QBYKUIW,F,0,,0,6.58,0,0
6AVRIKCJDA,F,14,,0,12.12,0,0
RRM9JIYC95,F,13,,0,5.44,0,0
VPFA8I90GL,M,8,,0,4.29,0,1
MRFI8JXJM6,M,1,,0,3.61,0,0
USK72CCRDL,F,11,,0,8.73,0,0
9WJ7938CXI,F,5,,0,5.42,0,0
TZCZ0F2GLW,U,3,,0,10.59,0,0
DX2YGT73KA,M,13,,0,20.42,0,0
760B9IRBKP,M,10,,0,.81,0,0
TB6XPPCSXD,M,9,,0,3.82,0,0
AYS22055OI,F,2,,0,13.26,0,0
W463LV93MG,F,2,,0,.33,1,0
QBNX5N3GAD,F,15,,0,14.03,0,0
VLH91FMZT4,F,4,,0,1.66,0,0
5HBCX7Z5WY,M,4,,0,10.05,0,0
ETOMR3EO10,M,15,,0,,0,0
9ET42ENGCE,F,6,,0,3.4,0,1
3A8RMVVT5R,M,2,,0,6.72,0,0
7X5YOPKM09,M,12,,0,12.97,0,1
YC464HOL8T,F,15,,0,.97,0,0
BA4N2PPIVJ,F,1,,0,2.63,0,0
J19X0Y2KR3,M,7,,0,8.09,0,0
82O58Y6RFM,M,14,,0,12.04,0,0
3J6JEJ1HCV,F,11,,0,5.25,0,1
I5C3RDB4UY,F,10,,0,1.87,0,0
ICPODD38VE,M,1,,0,5.24,0,0
T4UDQFEZFR,U,5,,0,1.46,0,0
AKN4JX3I4I,F,10,,0,.71,0,1
HINXUJAZ5S,F,1,,0,6.09,0,0
3ISCA7T4G8,F,10,,0,.52,0,0
EE3H5BFOF2,F,1,,0,12.01,0,0
D7KT0B5T3Q,M,15,,0,,0,0
AJ6VW2LBB8,F,4,,0,1.09,0,0
L8OB7CY4BF,F,14,,0,,0,0
0DJ0A8LEP8,M,7,,0,11.33,0,0
ON4HHIBQMY,F,9,,0,4.81,0,0
OB07K5WY2X,M,3,,0,4.95,0,0
YRZPKE4V4O,F,4,,0,.24,1,0
4V2HBC8TKN,F,5,,0,,0,0
BZA8O7VGI0,M,14,,0,2.98,0,0
0Z3NUZH4YT,M,12,,0,3.76,0,0
QX5IA6G2CF,M,1,,0,21.52,0,0
YNKMNWADQV,M,4,,0,4.59,0,0
T5S1FZWJ7L,U,4,,0,1.51,0,0
7L7195SRH9,M,11,,0,,0,0
U1816R0CF4,F,12,,0,3.01,0,0
EMVEXW73GQ,U,15,,0,5.99,0,0
VZSKLE2W9D,M,3,,0,3.59,0,0
UIV4H8JBLD,U,14,,0,6.74,0,0
N31OUUSC48,U,0,,0,23.6,0,1
GLMNZMTMHY,U,3,,0,3.47,0,0
U8BJBPT31N,F,6,,0,13.37,0,0
Y5Y1Y2MQTG,M,7,,0,.11,1,0
D5X57CKKQO,U,11,,0,10.24,0,0
Y4EC4LZZSL,U,7,,0,11.2,0,0
1PQK4QAJOW,M,10,,0,13.99,0,0
TPCDDLAOEL,U,15,,0,,0,0
77MDXUSYU2,U,13,,0,6.38,0,0
9JOEG7Y3KL,M,11,,0,1.57,0,0
52VWRZPTM4,M,2,,0,6.25,0,0
OCE1KH71OD,M,13,,0,5.89,0,0
QR0BUU233C,F,5,,0,2.55,0,0
M0TW9JO0C7,M,9,,0,,0,0
SUXH55NTP3,F,4,,0,,0,0
U6U5BHGXN3,F,2,,0,11.5,0,0
YI6P7H0JXM,M,7,,0,7.58,0,0
M5Z0GGZUC8,M,11,,0,5.67,0,0
TTDI9OW3DZ,U,14,,0,8.21,0,0
ZB37REF747,F,11,,0,1.1,0,0
HDCWU8WC4M,M,4,,0,13.98,0,0
SBB8MVU09I,F,7,,0,3.67,0,0
2JC63ZOBET,M,15,,0,10.18,0,0
SMRILGEN72,F,8,,0,10.64,0,1
9VTR23WJUM,U,6,,0,2.33,0,0
T8Y1LWI4J1,M,8,,0,3.62,0,1
GC84OJYN08,U,7,,0,2.25,0,0
Y2SR0EIB1M,M,2,,0,1.98,0,0
X2TADKYLFA,U,11,,0,.47,1,0
QX8XFXNDBV,M,3,,0,3.18,0,0
W5YM4J4B6B,U,13,,0,4.56,0,1
HRH66D717O,M,4,,0,3.41,0,1
FZJYU800S5,U,10,,0,,0,0
WSO37H94QZ,U,2,,0,7.47,0,1
N0A3DJIU9P,F,7,,0,2.46,0,0
P69HC0LXOC,M,8,,0,,0,0
XWLJRH1MAS,F,11,,0,4.08,0,0
9KTGYB84ZI,U,12,,0,,0,0
MKU7B51T27,F,10,,0,,0,0
Q2111M95FJ,U,8,,0,1.35,0,0
GUFHQNPOLX,F,2,,0,.98,0,0
JIK9FC7IHF,U,0,,0,14.98,0,1
LZDMZ0VWNF,M,13,,0,.93,0,0
69KHGWD6ZP,F,14,,0,10.91,0,0
UKFUEEZAYX,M,2,,0,14.56,0,0
69GJNNQATU,M,10,,0,14.42,0,0
5IEEQQ0E34,U,15,,0,3.94,0,0
X3865P2WF5,F,8,,0,1.74,0,1
TG6YCWX1GL,M,14,,0,4.43,0,0
BFGFALEYTX,U,15,,0,2.72,0,0
4RALB0ERC2,M,12,,0,13.4,0,0
JC0UM76FRX,F,8,,0,2.25,0,0
YIOFA5Y5OO,F,14,,0,5.33,0,0
KOMF0U7X70,F,8,,0,,0,0
OPVJL35MNA,F,14,,0,1.13,0,0
5R4491W5M3,F,13,,0,3.14,0,1
CQBC0EZM59,M,4,,0,4.02,0,0
TP3G81LS7N,M,4,,0,4.57,0,0
0ZRKF5MHNZ,M,9,,0,6.56,0,0
W2D05YYGQ7,F,14,,0,13.86,0,0
YDXZENO1RT,F,2,,0,7.98,0,0
3D8HICJ3RG,M,5,,0,,0,0
P93769VETY,U,2,,0,2.91,0,0
0P558AJUMU,M,15,,0,28.2,0,0
GB5YCRDUXA,F,15,,0,13.63,0,0
L7LQNEB8KO,F,12,,0,1.7,0,0
WRDGB49SWW,F,0,,0,1.79,0,0
IY0C727SAK,F,3,,0,11.34,0,0
ZBGKCV92B6,M,13,,0,8.71,0,0
25C0EN8AM2,U,11,,0,4.44,0,0
98H76EX4HQ,U,9,,0,,0,0
JNXWARI0MQ,U,4,,0,2.05,0,0
4IOQ9XGD33,M,11,,0,1.92,0,0
M27YIZP50A,M,7,,0,3.37,0,1
5626NQCJNV,F,1,,0,3.33,0,0
H4NA1UBBR8,F,15,,0,1.96,0,0
IX18OR28OH,M,15,,0,12.32,0,0
6YUSQJUI9H,U,9,,0,1.53,0,0
YHQ30RJPK4,F,2,,0,2.29,0,1
QVSVS5ZBIX,M,13,,0,.65,0,0
U492VM9TBJ,M,9,,0,7.26,0,0
SILK6SXM6S,F,14,,0,1.68,0,0
U57YRFGQ5M,M,1,,0,,0,0
WK0W4H4Q9Z,M,1,,0,13.02,0,0
EZWAXHS5Y0,F,15,,0,1.44,0,0
DTI3D5KCG9,F,4,,0,19.59,0,0
EO3BZEBWB0,F,8,,0,1.77,0,1
W9DV97DSGV,U,8,,0,5.18,0,0
BYUS60UUK8,F,14,,0,14.34,0,0
W0OTLPMZWM,F,6,,0,8.21,0,0
XP55PIDVL3,F,7,,0,11.6,0,0
9EOEHXCW4H,F,6,,0,1.89,0,0
UPIT5ZQ08R,M,9,,0,13.12,0,0
HLWYU8QNQV,M,3,,0,3.05,0,0
L312GVZC7Z,U,8,,0,,0,0
BF360ZGX6M,M,2,,0,8.83,0,0
KO1MXHFTZH,U,4,,0,12.98,0,0
VMPO7BFFRE,M,5,,0,4.73,0,1
SJW2V0WPA6,M,9,,0,3.42,0,1
S2UFSE2ZPV,F,2,,0,5.31,0,0
REB00MOMAQ,M,11,,0,1.83,0,0
35KDEL23X9,M,1,,0,10.08,0,0
GO9SR402XA,U,13,,0,11.57,0,0
ZXYFLPB3FV,F,3,,0,7.85,0,0
REBVMHE7WY,M,9,,0,5.64,0,0
DNWZ5YV6Y1,U,11,,0,12.84,0,0
H3RU244JGP,F,6,,0,1.79,0,0
WGQ8WPKU5A,M,4,,0,5.27,0,0
052H44RUDE,F,1,,0,3.79,0,0
YPXOH2FT0K,U,14,,0,,0,0
8KAMDF3ETI,F,4,,0,.98,0,0
4SDFURF5S8,M,7,,0,1.82,0,0
J9ZM6O49CO,F,11,,0,1.44,0,1
PGOI94QG5Q,M,2,,0,14.37,0,0
SSJ2M53EP6,U,13,,0,9.86,0,0
HCF92KQMYE,F,13,,0,13.81,0,0
94N7UDWILJ,U,0,,0,1.63,0,0
4FX4MKOVGC,F,6,,0,6.41,0,0
LEIS5T670D,F,10,,0,2.27,0,0
M19177T941,M,14,,0,15.66,0,0
NJ30YVKZI9,F,15,,0,2.19,0,0
CEVID5JFOU,U,9,,0,2.79,0,0
PUJRN158V4,F,4,,0,11.02,0,0
T05GW91E2S,U,11,,0,13.76,0,0
XRSQKZUHT3,U,8,,0,9.37,0,0
CU9DWZOO3R,U,2,,0,3.7,0,0
MU8E2OW479,F,5,,0,13.18,0,0
RTYUBJ46RH,M,7,,0,,0,0
P8EGVFC813,F,14,,0,10.12,0,0
917570VNV4,F,6,,0,.31,1,0
HLBAPMJ30F,F,11,,0,4.67,0,0
08J44ROD8R,M,11,,0,.45,1,1
6T5OEMC8T1,F,2,,0,13.65,0,0
TYV6UDA2L4,U,7,,0,.99,0,0
LVXJT8VKEW,M,8,,0,.54,0,0
26GS6F8JTP,F,10,,0,4.43,0,0
AIHJJ14C04,U,0,,0,13.93,0,0
JXJL3HEJF6,U,8,,0,1.56,0,0
3WVZOS1POU,F,14,,0,14.02,0,0
NTN06L05Q9,F,6,,0,13.66,0,0
7WFZUYZ5KI,U,11,,0,7.73,0,0
9YVMWG6J6G,M,0,,0,.11,1,0
HLQY4MKSOE,U,15,,0,7.67,0,0
IQKZ2QLQCC,M,11,,0,,0,0
9HQEN9I8LB,U,2,,0,1.13,0,0
NHZBZIHR79,F,15,,0,4.48,0,0
H1T2KCO6AC,U,4,,0,,0,0
15JPKRCXP7,F,14,,0,5.37,0,0
TRTMJ53XA0,M,14,,0,9.39,0,0
WPB06UI78M,U,1,,0,.66,0,0
42SAHL4REI,F,6,,0,11.67,0,0
JWVT4HGDUD,F,3,,0,.63,0,0
1XPHINY4NJ,F,7,,0,11.24,0,0
VD20G9JGWT,M,7,,0,.49,1,0
BQNQT0OZZ8,U,6,,0,1.54,0,0
L6T7YR1HTN,U,6,,0,27.35,0,0
0EIIQHQFOF,M,1,,0,3.14,0,0
18AB6FP2O3,M,9,,0,11.07,0,0
0CV9MV1XT0,M,10,,0,,0,0
ZP880MDI7U,F,9,,0,2.25,0,1
ET35U7PTNB,F,10,,0,10.57,0,0
K8TK2KONYV,M,11,,0,,0,0
PMQFWAUXQL,M,12,,0,11.06,0,0
BZIHJ3Z3LJ,U,10,,0,3.39,0,1
Y2PZT47ZN2,M,12,,0,10.88,0,0
3HG0OF4M62,M,9,,0,4.37,0,0
PPO03EU6HS,F,14,,0,8.03,0,0
HT66PBURF1,M,8,,0,10.18,0,0
FCAFGNWKUG,F,14,,0,,0,0
4ESXTXYULD,M,6,,0,6.88,0,0
WXEYP2MM8H,F,8,,0,21.67,0,0
ET6TB6RBJ7,F,11,,0,1.89,0,0
TW3KHVI3HZ,M,9,,0,6.65,0,0
3OMSKO8IIU,M,2,,0,,0,0
EPKQQCAE5D,F,3,,0,2.6,0,0
A6H7MZ0ISX,F,13,,0,10.35,0,0
IBE8ORGEP7,M,0,,0,3.92,0,0
EJIMGX1FDA,F,4,,0,.9,0,0
F2GSZPSPRJ,U,3,,0,14.83,0,0
1QV7PY2WVY,U,9,,0,15.84,0,0
QJQ6F9ASKR,F,6,,0,6.61,0,0
SS4GSM67MJ,F,0,,0,.25,1,0
UKF7RVG85G,F,12,,0,4.87,0,0
YV5MXSI4ZW,M,3,,0,6.79,0,0
YLCXQNM6YJ,M,5,,0,1.82,0,0
AWWEBUHVE8,F,3,,0,,0,0
L4EE6ULJN9,U,8,,0,13.69,0,0
NZJS4KNAU3,F,0,,0,6.57,0,0
R5RPT72ASE,M,11,,0,18.95,0,0
O7JLDWZ30D,F,11,,0,6.98,0,1
9V8G7BQ12T,F,14,,0,7.19,0,0
9H8EVTDX1V,F,5,,0,3.55,0,1
BB2N4UEK2A,F,12,,0,6.07,0,0
76XXGSJ0NN,M,1,,0,1.9,0,1
MT9QT0HKKN,U,10,,0,11.21,0,0
O814CDQFKO,M,15,,0,8.37,0,0
V6ZCZWBNSV,F,6,,0,1.38,0,0
TJ84IQJ0M5,M,6,,0,9.75,0,0
WIELRWR2RY,M,13,,0,26.84,0,0
C1ZZE0ZGYB,F,10,,0,.93,0,0
1BBF65PMSQ,F,0,,0,9.43,0,0
PWSHISTYXV,M,13,,0,11.73,0,0
XD8FJ5V3NQ,M,8,,0,.22,1,1
EP26OZU5CO,F,7,,0,2.8,0,0
S259HA0UL9,U,0,,0,7.2,0,0
YSLOB72O9T,M,5,,0,6.09,0,0
UUEMEKPGB8,F,4,,0,6.63,0,0
CEQUB9X2UK,F,8,,0,24.24,0,0
1ISJYIOO2A,U,2,,0,1.16,0,0
L5FMIULYVG,M,14,,0,4.68,0,0
RC45BQPHKQ,M,14,,0,8.95,0,0
0AGOA3042D,F,0,,0,.42,1,0
FM5VMCKF7T,F,2,,0,4.28,0,0
WN90VTS850,F,11,,0,2.45,0,0
YIUMDMW4Z2,M,2,,0,3.08,0,0
QXO3XDIF1R,F,2,,0,13.66,0,0
TJE55IQ7H7,M,7,,0,21.73,0,0
B6ZCQRQ30X,U,13,,0,2.21,0,0
BO3YE3KOK7,M,13,,0,29.23,0,0
LQTGYOBPZD,F,8,,0,3.72,0,1
9Z6C72PD0C,M,13,,0,.84,0,0
5DCO50H8N4,M,5,,0,1.82,0,0
E0214WDAET,U,14,,0,,0,0
VU0JJJ53C5,U,12,,0,6.34,0,0
Z202D434PJ,M,7,,0,10.04,0,0
D0CU0LP8E5,M,1,,0,3.53,0,0
ZBV7SRWJUK,F,7,,0,1.41,0,0
YMNDJDX5I1,F,10,,0,2.97,0,0
OPOMP86GW4,M,11,,0,4.02,0,0
7SCEDTMRQV,U,3,,0,,0,1
OYQ5T77KZH,F,7,,0,,0,0
C21WUBLJN0,M,11,,0,15.75,0,0
4OWNR4G5PM,U,10,,0,,0,0
51ECVMKMR4,F,9,,0,1.96,0,0
J9B48WXSVH,F,10,,0,.85,0,0
S844HTHVNQ,M,5,,0,,0,0
UZWHO8FE15,F,14,,0,9.67,0,0
EF4DVAYA41,M,8,,0,3.01,0,0
G5XWH4TLPV,M,4,,0,7.56,0,0
AUHS5YQY40,M,11,,0,.98,0,0
C8N8KSB95K,M,2,,0,1.88,0,0
OG13H5J2OF,F,6,,0,8.27,0,0
4G88DBR6VH,F,9,,0,7.13,0,0
EYR0TRL82O,F,14,,0,.25,1,0
NYCMN6KVGZ,U,4,,0,1.08,0,0
RETOD1ACMW,F,9,,0,2.29,0,0
5S31SAO5D2,F,14,,0,15.42,0,0
I66OMK7I1X,U,12,,0,.17,1,1
FDDMXBPQJL,U,10,,0,7.85,0,0
35HPUJ7JM4,M,6,,0,11.22,0,0
FANI2WOIIY,F,3,,0,1.67,0,0
XG3ETHE32Y,U,0,,0,15.01,0,0
SWWMZ06O81,M,8,,0,1.03,0,0
N7FAGHHL0R,F,9,,0,1.41,0,0
05XDRKT6N4,F,7,,0,5.76,0,0
CHSNS9JVLW,F,1,,0,13.3,0,0
KYQQQP3S1S,M,10,,0,5.95,0,0
V3IZE2W3NH,M,4,,0,2.22,0,1
E8T61HVLC6,M,12,,0,1.32,0,0
ZYGRCUUUMK,M,11,,0,10.93,0,0
IIHSR58U1F,M,3,,0,3.95,0,0
0DBBFP84E2,F,1,,0,13.09,0,0
PLZFT4KFYS,F,14,,0,,0,0
SRIUSEBG3Z,F,15,,0,5.91,0,0
WCEV69VIRS,U,6,,0,,0,0
FWZ3R9SVQR,F,9,,0,1.33,0,0
IILF0K8SL4,F,15,,0,9.92,0,1
1CW377TTBJ,F,7,,0,1.11,0,0
BSRGZ83P37,M,9,,0,1.75,0,0
LQTPKP71GS,F,6,,0,.58,0,0
QK74VHFGN2,F,14,,0,10.44,0,0
KN7QAONJJR,F,14,,0,.29,1,0
E9TBXC4EKW,M,2,,0,,0,0
8T5KHX79NF,U,15,,0,12.77,0,0
C0554ORBO0,U,5,,0,3.54,0,0
X0VZLQYXMQ,F,13,,0,9.03,0,0
16YKNXJTO9,M,9,,0,7.01,0,0
VSI83RU7DO,M,8,,0,13.64,0,0
8S6JP281HN,U,14,,0,.37,1,0
V8R97R71DK,M,8,,0,.65,0,0
6POQ7C9BPD,M,0,,0,4.61,0,0
OSGF896SV8,F,15,,0,5.88,0,0
GJPA0X02L1,F,6,,0,3.57,0,1
DN4DN4BO54,F,8,,0,.9,0,0
4OHFJ0H3EI,U,3,,0,17.34,0,0
8S1JOUCFBF,U,10,,0,1.57,0,0
XQG8HPYCAJ,F,1,,0,7.25,0,0
3S24B0GUNJ,M,14,,0,,0,0
XYISM2OTXK,F,11,,0,11.6,0,0
FHQKZ43Y6C,M,7,,0,4.99,0,0
EOOYPYOHBA,M,10,,0,12.81,0,0
TKKPMV7XP3,M,4,,0,.21,1,0
3XIC12J2P8,F,4,,0,13.64,0,0
LMNTWPMG4H,U,15,,0,4.23,0,0
XW3PDRUZIV,F,0,,0,.25,1,0
BFGXC60W5Z,F,4,,0,4.92,0,0
CR4ABO2AGJ,M,12,,0,9.71,0,0
6T2YLVQOTW,M,10,,0,27.26,0,0
8NI5F8XK6C,U,15,,0,8.52,0,0
XW4IMUIN0W,M,10,,0,1.15,0,0
2BKADVMMQA,F,0,,0,9.21,0,0
X65ZS4GQT5,F,1,,0,7.39,0,0
H1D1HHNU9L,F,4,,0,11.56,0,0
1V1VZY3Y8J,F,13,,0,8.23,0,1
4DT3LCMNKB,U,4,,0,2.1,0,0
9Z73ZOOMHQ,M,6,,0,,0,0
0ZR2FTXD91,M,14,,0,3.1,0,0
GJTBLTVICZ,F,14,,0,5.24,0,0
HPJX3MAH1T,F,15,,0,4.12,0,0
AKSHVWNQG9,U,7,,0,7.17,0,0
4IHRJYAE1M,M,8,,0,2.58,0,1
RRDHAQ87BH,F,10,,0,5.22,0,0
10ANV00OSG,F,4,,0,2.39,0,0
7Z8J8ZP5VL,F,10,,0,14.36,0,0
VH0S2YG45D,F,6,,0,13.01,0,0
1RT9KE1BPC,M,11,,0,3.34,0,0
RQN01HCL11,M,12,,0,10.3,0,0
IW9K7TF9OK,M,6,,0,3.74,0,0
V2ECN3YFB3,F,15,,0,10.51,0,0
UGNHTF1A28,F,12,,0,3.95,0,0
2MN7XUDAJ2,F,3,,0,6.6,0,0
2GX6YT9OUV,M,10,,0,12.31,0,0
6LADT5P7VH,F,15,,0,12.06,0,1
RUTELM5W8Q,F,7,,0,11.22,0,0
OWGZGIOAZR,F,4,,0,,0,0
WZIN2O9TFO,M,6,,0,10.25,0,0
W983S5QCIF,F,0,,0,.53,0,0
PMP5OZ2AC7,F,1,,0,13.59,0,0
UCXASSCS2A,M,6,,0,3.21,0,0
7XRDK0M47Y,M,5,,0,,0,0
PSNL4LH54O,M,1,,0,1.54,0,0
VD6XJSC5TT,U,1,,0,,0,0
4AEOWGCGKQ,M,2,,0,12.36,0,0
KYK7VQ2UUT,F,10,,0,1.42,0,1
N5G5CICVT2,U,3,,0,4.35,0,0
09Y60V77IG,F,13,,0,2.15,0,0
NN0PA1LOUJ,M,6,,0,2.41,0,0
1L8IIYT5M2,M,7,,0,1.78,0,0
MWJ3PALIQS,F,15,,0,11.85,0,0
RCPVO8STY3,M,12,,0,1.96,0,0
KWNGCTLF43,U,10,,0,14.67,0,0
PHGTSSB0ZC,F,10,,0,4.4,0,0
MX2VQ7P9IN,M,3,,0,.16,1,0
SMS9QI6RIW,M,3,,0,9.38,0,0
LFZR6WGDBR,M,6,,0,.74,0,0
34MZZQKXA0,F,2,,0,15.97,0,0
8N7HEQ61NL,U,3,,0,14.81,0,0
XAQ4E2B7N0,M,3,,0,4.85,0,0
PQA5NLCR0U,F,5,,0,3.97,0,0
TVGRNSEN74,M,8,,0,10.91,0,0
6C4OY4VMB2,F,1,,0,4.68,0,0
GGUB6TEP1N,U,0,,0,1.6,0,0
CGXYFW0DLQ,U,3,,0,5.37,0,0
JOQ4HV8TCP,U,3,,0,14.76,0,0
IZXCNGQIGY,F,0,,0,10.16,0,0
FNFW5IXFQN,M,7,,0,10.54,0,0
DWIQRVFSXO,M,14,,0,1.75,0,0
2C17E2KUF8,F,10,,0,10.23,0,0
ILQDZ4M0HO,M,10,,0,12.55,0,0
6Z93NKWLVL,F,2,,0,4.05,0,0
PN80SRLU3S,F,8,,0,8.93,0,0
WA1OGUVQSP,F,9,,0,6.18,0,0
36B1GCLZUW,F,15,,0,2.86,0,0
VOTPU2E03L,F,12,,0,.99,0,0
3TBT8X9ZVG,M,4,,0,,0,0
08C7V37XBC,M,10,,0,5.11,0,0
W4QRGB2LIV,F,3,,0,3.99,0,0
34SA3QE0MP,M,7,,0,4.4,0,1
H2QHIOQF7B,U,13,,0,,0,0
KXCFB1E7JA,M,4,,0,9.65,0,0
O6MS2WUNK0,F,6,,0,13.16,0,0
R3TGFGA0U0,U,15,,0,3.33,0,1
J4G0PJFTL1,M,0,,0,8.7,0,0
IY60R1J31E,U,10,,0,2.9,0,0
F5K8KXJE41,U,15,,0,1.04,0,0
116N18EI9A,F,5,,0,9.05,0,0
Z391GTI9P0,F,7,,0,.38,1,0
FPLGAEE9GI,F,5,,0,3.1,0,0
W8ROW0WEPC,M,7,,0,,0,0
14IQ7RNMR8,M,5,,0,12.95,0,0
3TS3XM7LOF,F,6,,0,,0,0
EULN70JL2L,M,1,,0,13.54,0,0
NIX4NZRAXY,F,3,,0,4.88,0,0
WT89421A0X,U,6,,0,3.56,0,1
UGRKC6YEZ4,M,8,,0,4.66,0,0
FW6DKOFGS4,M,11,,0,1.54,0,0
U0RRUCMEY4,U,15,,0,4.48,0,1
8FVPRHDNGL,F,12,,0,.81,0,0
JARSYTWFPU,M,7,,0,14.2,0,0
4HNRW009AO,F,7,,0,,0,0
FQS6ZWWI1C,U,3,,0,11.15,0,0
LXF7PO4YYQ,F,11,,0,4.16,0,0
MVXNXXEKOB,F,7,,0,1.8,0,0
6B7VIB3HYG,M,6,,0,,0,0
VCM0HAWCP5,M,8,,0,,0,0
SWPTG4BLQI,F,15,,0,17.54,0,0
4JFTLTOYKR,M,12,,0,,0,0
V6QVN34IRK,M,9,,0,7.06,0,0
9G7DQV946T,M,0,,0,14.08,0,0
3T3ERVOTAC,F,0,,0,8.03,0,0
93UG8GM0FO,F,5,,0,7.48,0,0
RA6FF3KI82,U,0,,0,4.13,0,1
CXIVN7W4PT,F,10,,0,4.15,0,0
RRMM1LAIUR,M,10,,0,2.23,0,0
WUTZPT9K5X,M,5,,0,4.87,0,0
E2RB2EWRIA,U,14,,0,14.38,0,0
8IFJBZJH4G,F,10,,0,3.65,0,0
F1AS73BOK3,U,6,,0,2.57,0,0
GH71A9KDCA,F,12,,0,3.01,0,0
2HHBF86XYU,F,6,,0,.32,1,0
ODAGHWS4R0,M,5,,0,.62,0,0
ST837HEAM6,F,12,,0,.5,1,0
I1J2JF2REJ,U,6,,0,3.54,0,0
YY2VGVIV2X,F,13,,0,4.64,0,0
45O7KXCADD,U,10,,0,11.87,0,0
5KC7VGWF6G,F,13,,0,6.81,0,0
FEF60A70KQ,M,14,,0,4.47,0,0
WCBUI79OOK,U,8,,0,4.23,0,0
BG1KCBWP2I,M,9,,0,5.98,0,0
HIG2M5RCS6,M,11,,0,4.69,0,0
Q06AEPS85Q,M,4,,0,.5,1,0
HCZI8NL63P,M,12,,0,12.49,0,0
JP8DLVUPJE,M,9,,0,5.72,0,0
0MXNOI5OII,M,13,,0,12.3,0,0
7AB4JJTSXB,M,3,,0,4.03,0,1
NTZ077I164,M,4,,0,28.13,0,0
S56ELWA0KI,F,15,,0,9.28,0,0
85W4QLSCWN,M,1,,0,,0,0
EOQV9404ZO,F,14,,0,.54,0,0
1Q687HQPJQ,F,1,,0,3.1,0,0
QV2C8ZXHH5,U,6,,0,11.93,0,0
WMP9YANAYI,F,1,,0,,0,0
5W7SN45NKH,U,11,,0,9.29,0,0
YUKANMCOO1,U,8,,0,15.15,0,0
5HW4AXQXNF,M,1,,0,1.23,0,0
UXK4GHKCQU,F,15,,0,.36,1,0
37RBOGAZH7,U,6,,0,10.39,0,0
VYGI86YO8S,F,3,,0,7.73,0,0
CG5TSJ8DYE,F,7,,0,3.03,0,0
X89M0E5P4C,U,12,,0,,0,0
FMO5A5Z8G1,U,2,,0,11.57,0,0
ROOKNAX24Q,U,9,,0,.22,1,0
JWJ58MA1Z9,F,15,,0,29.94,0,0
1EKREVDHPN,F,14,,0,,0,0
NB12V7FL3V,U,5,,0,4.99,0,0
AE642O7FU0,F,5,,0,11.44,0,0
60OIIO7LOW,M,8,,0,4.85,0,0
P3WG7UC4ZP,M,5,,0,7.27,0,0
WCVEPIJG3K,U,9,,0,4.25,0,0
CGWAK1KHQN,M,11,,0,4.1,0,0
XKJELC9Y7F,F,13,,0,14.39,0,0
6CIUCSCR7P,M,12,,0,11.69,0,0
BP1T4A7UY4,U,2,,0,15.58,0,0
69H1DBKVIR,M,7,,0,8.63,0,0
GCXGCQNPQ4,M,0,,0,4.15,0,0
OV5C6J812G,M,4,,0,,0,0
JXVTANIDOD,F,6,,0,7.64,0,0
JEQKA6CS8F,M,13,,0,3.65,0,0
1U699LX2QV,U,6,,0,2.16,0,0
Y3FNC5KXAL,F,2,,0,7.2,0,0
J8G2PPC0GA,U,9,,0,4.43,0,0
3WF5IT5A9P,F,11,,0,3.14,0,0
FYO4YY1D6N,M,6,,0,13.13,0,0
37XASMT24E,M,4,,0,2.05,0,0
71YLA333Q6,U,9,,0,1.99,0,0
C5OS6D4Z64,M,13,,0,1.04,0,0
ELLYXGTO4H,U,7,,0,14.13,0,0
N8SQ3L721Q,F,1,,0,13.53,0,0
DXHEAHEEXU,U,13,,0,11.5,0,0
YSCYT7AXZ7,M,3,,0,7.79,0,0
NWI011X09F,F,9,,0,14.13,0,0
0F18XLIGWW,M,4,,0,.35,1,0
A0IMZCCUHO,F,10,,0,4.27,0,0
TU4OWQ5ZC5,M,10,,0,,0,0
5VELX1YP40,M,14,,0,2.94,0,0
XJOEQGMREA,M,14,,0,2.25,0,0
6WN3KCAY07,F,12,,0,.34,1,0
IM6ZDBFLPE,U,11,,0,12.77,0,0
G88ONWTG5F,F,10,,0,11.66,0,0
2EYSU3QZ3C,F,11,,0,.15,1,0
IWCERZIKFG,M,8,,0,.2,1,0
70LI0HB925,U,3,,0,5.11,0,0
DWCYLCW3I3,M,6,,0,.35,1,0
1QGEI3BAKK,M,7,,0,,0,0
2MZMDZMRMV,F,7,,0,4.62,0,1
1JJFYZSE82,F,6,,0,3.99,0,0
7WHBDPFNXT,U,6,,0,3.08,0,0
MV9NTDTW0J,F,7,,0,2.56,0,0
21NAAWR4BU,F,3,,0,7.19,0,0
0D1YONK5SE,M,13,,0,4.87,0,0
OQQ2AK16WK,F,9,,0,11.8,0,0
HFPY1KE07Y,M,7,,0,2.54,0,0
LRBWVHY8FZ,F,4,,0,1.17,0,0
ECLIQ2QCSM,F,8,,0,3.02,0,0
XYN8K9UKOW,M,11,,0,4.02,0,0
QX4M5JFEUL,M,24,,0,4.96,0,0
MDL0KBK8H2,M,17,,0,3.07,0,0
OZHQ49GV1W,F,17,,0,1.76,0,1
U4RTFQIZ61,M,23,,0,10.52,0,0
7E4A9ODZEP,M,20,,0,.11,1,0
DG84HM0FMW,M,20,,0,.52,0,0
O7VHCRKHVG,M,20,,0,3.69,0,0
1RPC0BOV9Z,F,24,,0,24.52,0,0
CPX80R3O58,F,19,,0,4.33,0,0
BZW28IU1EK,U,16,,0,1.74,0,0
QI6NEI3HN9,U,19,,0,5.69,0,0
VT2TD4T2GR,U,18,,0,9.05,0,0
INPCI5EAEN,F,22,,0,,0,0
31MEPLGCKD,M,16,,0,1.86,0,0
RG4Q9GAGR1,F,18,,0,,0,0
J1QUZ1R5DJ,M,21,1,1,4.8,0,0
YXEYX2SH50,U,24,,0,3.59,0,0
9Q0UGTU32O,M,16,,0,29.03,0,0
U2MI6OXH3I,F,21,,0,,0,0
HQ730QCSK3,U,19,,0,8.13,0,0
4192PM9K5J,U,23,,0,,0,0
3FIUX8XSJ3,F,20,,0,1.73,0,0
E9FH335XQ0,F,24,,0,13.52,0,0
9E21WNDDT5,U,23,,0,5.3,0,0
XGM9GDXI8Z,F,20,,0,1.77,0,0
P9UAU6L72H,M,19,,0,4.61,0,0
NPV592V0Y4,F,17,,0,8.43,0,0
9N5PKADFII,F,21,,0,4.99,0,0
ONXX2IA0ZK,M,17,,0,5.02,0,0
CZUXZ3FVDL,M,16,,0,,0,0
W2OQFNBH9N,M,24,,0,1.33,0,0
L21A9W1IMJ,F,24,,1,2.71,0,1
AVUXYZHIL7,M,22,,0,9.36,0,0
EO2P0YABN5,M,21,,0,.54,0,1
LAWF0O82AS,F,19,,0,7.97,0,0
G48JW4RA5D,M,24,,0,4.14,0,0
493R6M2G7E,F,19,,0,3.23,0,0
CSR0U8ZE47,F,16,,0,4.25,0,0
R2D6RHRKT1,U,22,,0,1.84,0,0
KVN4XG57O8,U,24,1,0,2.12,0,1
GMR0SONK87,M,2,,0,6.09,0,0
URSMO4FAXH,M,6,,0,,0,0
APW5950F9J,F,8,,0,2.89,0,0
2BETHVOA6B,F,8,,0,,0,0
QWUX090V6X,F,15,,0,,0,0
1YETTD06DU,M,4,,0,1.7,0,0
H2K772TOJB,F,13,,0,3.22,0,0
A6GST54O5Z,M,14,,0,.43,1,0
QXWIDOW2WY,M,2,,0,2.23,0,1
81E56O06AK,U,1,,0,.36,1,0
AS2P2NFBMT,M,7,,0,.75,0,0
875C9Q9DPC,M,14,,0,.69,0,0
APRPKEU1JZ,F,0,,0,2.01,0,0
KSZCEP02JT,M,14,,0,2.32,0,0
ME0LMUHIX8,M,3,,0,2.99,0,1
VDR99FOFGR,M,13,,0,10.1,0,0
8MR6BE20OQ,M,2,,0,.44,1,1
08DE6SYV15,F,5,,0,3.13,0,0
6PW9RNUYD1,U,3,,0,.75,0,0
Y0TAZCG74R,F,1,,0,2.93,0,0
PLJJXKYCXK,F,1,,0,,0,0
IB8H3T15AJ,M,15,,0,1.11,0,0
87RY7C5VJ0,M,8,,0,.11,1,0
2QT07L862U,M,14,,0,.55,0,0
HQAS8VTZYR,F,3,,0,3.64,0,0
0SE5PLHCS4,M,14,,0,13.51,0,0
CQFC0U47EQ,U,3,,0,,0,0
QI6QC7QDQJ,M,3,,0,1.4,0,1
8GVOH79ZP4,F,8,,0,3.3,0,0
GK3GFT8DQZ,U,10,,0,14.78,0,0
XK6S8ITWKK,F,5,,0,7.09,0,0
5JM6DJRBYC,M,7,,0,.97,0,0
4P93MCVMJX,F,13,,0,.49,1,1
TE2Q890QPW,U,10,,0,2.73,0,0
GHFAXFSXQ1,M,2,,0,5.63,0,0
VGZK7BTIKY,F,8,,0,4.84,0,0
K7FNKW90RX,F,13,,0,.83,0,0
7VVP2IPEP8,F,9,,0,.49,1,0
MZK6K7TV8J,F,13,,0,3.33,0,0
8FFDPYQ93S,F,13,,0,2.61,0,0
SAEHAKAOO2,F,12,,0,3.29,0,0
HXDEOKS0JB,F,8,,0,11.16,0,0
C1VJ27YA7I,M,7,,0,29.19,0,0
1WYYU15PV5,F,2,,0,9.41,0,0
UCHS311N55,F,9,,0,3.84,0,0
01O6NI8XZT,M,9,,0,8,0,0
YL6SO6GR35,F,13,,0,2.35,0,0
E8PPYGNRI0,F,14,,0,,0,0
5EW17N00W0,U,14,,0,,0,0
XMFCQA91JM,M,13,,0,2.89,0,0
CFI4ZQ9GCJ,M,4,,0,8.83,0,1
Q90V0JKDIZ,M,9,,0,3.43,0,0
HN3RBZQ3FS,F,5,,0,3.94,0,0
CUE2FHEO6T,F,8,,0,3.92,0,0
8M39ZCMR3N,F,13,,0,11.47,0,0
JBXRAYOXBA,U,4,,0,21.16,0,0
KZDI0AYOZH,M,6,,0,28.86,0,0
1ULC4QOU0A,U,3,,0,.16,1,0
9TIOO04STV,F,4,,0,.86,0,0
HEZER4DYW3,F,7,,0,13.93,0,0
SVR7467T2L,M,2,,0,3.65,0,0
Y8M46WNPIF,M,14,,0,17.5,0,0
3AWBIGK2AG,U,5,,0,3.93,0,0
R4A2KRC3JB,M,3,,0,12.7,0,0
CMD3Y53GJ4,F,12,,0,4.03,0,0
KSCR5ZML29,M,5,,0,1.19,0,0
1F9TBVJRF8,U,10,,0,9.9,0,0
2Y3LK3EYY9,M,6,,0,1.56,0,1
G64VJT52WK,F,13,,0,4.4,0,0
D1URHSOAWB,M,13,,0,18.67,0,0
JSQZSXMQ4R,F,4,,0,4.35,0,0
EOMAR5GTLS,M,11,,0,,0,0
PLSLHKV9B5,F,7,,0,2.09,0,0
C263QMUT3A,M,15,,0,1.5,0,0
3NGAFLJ4KV,M,7,,0,1.03,0,0
VUBPH4JAG5,F,8,,0,3.01,0,0
87VTPUP2Z2,F,10,,0,9.76,0,0
VYL93D4NU2,F,4,,0,5.5,0,0
TR4VUAG3BE,M,15,,0,8.91,0,0
ZZK3D5XM7G,M,11,,0,14.43,0,0
HCAE8NI0DB,M,11,,0,1.23,0,0
Q3BS79NFTN,M,5,,0,10.45,0,0
VO30OB1A1X,M,2,,0,27.26,0,0
STPUBFLDR5,M,5,,0,2.27,0,1
6PBAWG7ZYQ,F,9,,0,3.47,0,0
AOTI6RTJQD,M,4,,0,,0,0
D6T1LVGVHW,F,3,,0,.45,1,0
G7011M1H3L,M,9,,0,3.15,0,0
A6MO4MTCU1,U,14,,0,8.53,0,0
OSB2U7GP1M,U,12,,0,,0,0
YP656RBDUT,F,9,,0,5.87,0,0
4PG4NRJ3LT,U,4,,0,,0,0
931W9C2OF0,M,15,,0,3.11,0,0
IU8AR36GW7,F,12,,0,,0,0
VH85A1SAH1,M,3,,0,,0,0
DUS3O0JYOY,U,10,,0,1.31,0,0
0YEK4EZ0GN,U,15,,0,4.01,0,0
5T58RK9NTG,M,1,,0,,0,0
ST0YEMTDZA,F,7,,0,3.95,0,1
TSDZ37PDT6,F,7,,0,8.23,0,0
37ZRWZW8MV,F,13,,0,13.78,0,0
BKH4J58GQX,F,15,,0,3.94,0,0
L3N3YWAKG2,M,5,,0,24.36,0,0
AQ2B36H5PW,U,7,,0,2.01,0,1
J53TYI13RD,M,14,,0,2.7,0,1
5NVBBLZ1EU,U,2,,0,,0,0
WN9X5BMB49,M,3,,0,12.73,0,0
1X7GPVQG9D,M,12,,0,4.94,0,0
GYCPMPOKJG,M,2,,0,2.92,0,0
6UQ5LXOGNE,F,14,,0,,0,0
7T1R4C03VT,F,7,,0,3.42,0,0
H1L6VFOQ0U,M,2,,0,12.92,0,0
QRCGR1K29X,M,12,,0,4.52,0,0
LE0XDAFIHP,M,15,,0,3.65,0,1
939L7G3OCC,F,5,,0,6.17,0,0
WUEZ1I4WCU,M,6,,0,2.87,0,0
7E1MTYEGWS,M,1,,0,3.13,0,0
KDI6C3PPAO,M,3,,0,,0,0
KTOPOOBWXE,U,10,,0,7.28,0,0
9GND70TXZY,M,8,,0,,0,0
TOKVH4XA5B,F,12,,0,.71,0,0
0MKKQMWRA8,U,11,,0,12.48,0,0
RUYO113ZH9,F,0,,0,12.42,0,0
1R32U847GO,M,14,,0,12.31,0,0
7I5A6LIBCA,M,11,,0,13.14,0,0
YDNE3I44CA,F,11,,0,2.57,0,1
MRIDU3WHQC,F,12,,0,4.93,0,1
2ZAZ69A2TQ,M,4,,0,1.45,0,0
GDQ9RZQT29,U,9,,0,4.4,0,0
UKG4NZW368,F,9,,0,3.82,0,0
PZEJSEWD2A,F,12,,0,1.18,0,1
QRTTS1LOIV,F,9,,0,7.02,0,0
5YSBFVZKF4,F,4,,0,13.46,0,0
KR4Z94J4D1,F,2,,0,4.73,0,0
83TOS6MAXM,F,11,,0,8.49,0,0
R24RVX3A0W,M,6,,0,8.74,0,0
MLQYWUFPQD,F,15,,0,5.21,0,0
KHEE0GU1UJ,F,7,,0,11.78,0,0
I19M3T245L,F,5,,0,11.65,0,0
MNC1ECIQ5V,F,5,,0,10.44,0,1
6P8GVWR3EI,M,2,,0,8.86,0,0
2Y8OHWIHD0,U,0,,0,.95,0,1
MCKOAHUPT6,F,6,,0,1.23,0,0
7JBQH6DH9X,M,0,,0,5.4,0,0
HSPGF04VZU,F,14,,0,3.37,0,0
GNRANU6TV3,M,3,,0,6.34,0,0
YH6JLMNTDV,M,12,,0,9.51,0,1
17SHGEFT51,M,2,,0,13.39,0,0
X1F4L0I86N,M,15,,0,4.4,0,0
68EG3PF5FP,M,11,,0,6.34,0,0
LCQG5VTAUW,M,7,,0,8.85,0,0
C6TCGK2AKS,F,7,,0,,0,1
0MDC62TSH7,F,5,,0,10.94,0,0
KNHP2P0PZC,M,11,,0,13.66,0,0
I4BFT5T79J,F,13,,0,4.81,0,0
UOE4WRI2ZJ,M,8,,0,1.15,0,0
CPZBTZS32F,M,14,,0,3.25,0,0
2RYGT4VUW9,F,10,,0,7.57,0,0
R8QBWWJ7LL,M,14,,0,11.41,0,0
TX64TTIQTB,M,11,,0,.44,1,0
408LGKD9NM,U,14,,0,1.89,0,0
NM1ZG211U8,F,15,,0,11.53,0,0
KPT2MR3NRO,F,7,,0,.79,0,0
9VNBQG9THE,U,15,,0,.29,1,0
YMQH1Z38RJ,M,6,,0,,0,0
YLKYBDK77Q,M,3,,0,11.51,0,0
4ZJODJBL3H,M,10,,0,10.37,0,0
T4UMRG2KM9,F,11,,0,16.83,0,0
UVC5JE1543,F,12,,0,11.48,0,0
D6ORQ345ES,M,8,,0,9.72,0,0
J86O1IZZG2,M,11,,0,26.09,0,0
V9P4LD3K6M,F,14,,0,9.35,0,0
6K6MHEZXUK,M,14,,0,4.13,0,0
1M4HW2ORUZ,F,12,,0,28.64,0,0
ZYPHZB3S0F,F,1,,0,20.75,0,0
RX5LOVQR4V,F,5,,0,1.1,0,0
NSCTAY963T,F,14,,0,.49,1,1
JSKPUS8PB5,M,12,,0,14.51,0,0
K0A1PEQ7DH,F,5,,0,12.35,0,0
YO9AE7CC17,U,10,,0,2.21,0,1
GWZKVGGXMM,U,11,,0,3.6,0,0
FGE19A46V7,U,12,,0,25.56,0,0
CCBRFOOVPX,F,5,,0,3.97,0,0
DWNFRV50J5,M,1,,0,4.8,0,0
LE4PMBUNJL,M,0,,0,4.54,0,1
5SJZ0DDKLR,U,13,,0,1.7,0,0
IPQV2124SZ,U,14,,0,,0,0
18ANM5QE3R,F,0,,0,7.88,0,0
JICRPIPU8R,F,11,,0,13.84,0,0
LTFN448LIQ,M,12,,0,13.11,0,0
2YY27DS12T,F,4,,0,26.97,0,0
33SVH3MU3I,F,10,,0,1.09,0,0
RN8N1PF0DF,F,23,,0,4.94,0,0
9IZBUZ3G7D,U,22,,0,8.93,0,0
9XT47T1LWK,F,22,,0,3.15,0,0
CAEQVKG4E1,U,24,1,0,5.23,0,0
2FQE628BHN,F,23,,0,1.83,0,0
Q269R7QW2E,F,20,,0,.68,0,0
FXPPK2JOWB,F,16,,0,12.6,0,0
ADF9YM0M6J,U,18,,0,8.76,0,0
D6YCR5KRRP,M,21,,1,17.28,0,0
XR0LCHCP6U,M,16,,0,4.26,0,0
IPJOAOE1Y1,U,19,,0,28.27,0,0
904ELP4DRQ,F,19,,0,15.73,0,0
EL28QD5XDA,M,20,,0,23.94,0,0
SEKALZORPQ,U,23,1,0,2.71,0,1
DOQ1SYGW9M,M,19,,0,14.17,0,0
D47BIK9RT5,F,21,1,1,.45,1,1
HS9E92FH1W,F,21,,0,4.45,0,0
VILWH3VBOB,U,22,,0,2.93,0,0
8LFZS361GZ,F,18,,0,.37,1,0
V4YQGZWLBH,U,23,,0,13.08,0,0
I372E4JZ3U,M,19,,0,2.83,0,1
KNVT69Y33K,M,21,,1,.64,0,0
JHYITEAO5L,M,21,,0,14.82,0,0
AQE3TTQ6N5,F,20,,0,,0,0
MYJHDLHIHJ,U,20,,0,.97,0,0
6EF2PX16ET,F,23,,0,.89,0,0
RCS5YTAV4X,M,17,,0,3.61,0,0
FN15SJNPGY,M,22,1,0,13.74,0,0
OKBUJQVX7T,U,24,,0,4.52,0,0
QCXYYXDJPJ,M,24,,0,2.87,0,0
V1RB52RYOS,M,22,,0,11.6,0,0
VS4VY3MNZV,M,16,,0,,0,0
Y9AX19UTXQ,F,18,,0,1.79,0,0
C6NFE91OHE,F,22,1,0,1.29,0,0
ZBRRTZDD64,U,16,,0,2.95,0,0
8J705COX82,F,22,,0,1.92,0,0
SMY8GGL9SR,M,17,,0,29.47,0,0
DJX49FJ61L,F,20,,0,.59,0,0
KUCTK2F0GN,U,19,,0,12.48,0,0
2AV0VA7156,F,24,,0,14.97,0,0
XV8KMM39YN,F,20,,0,2.81,0,0
138RW4RE2Y,M,17,,0,22.02,0,0
Z39P8YCWER,F,21,,0,9.87,0,0
A8JZMIGFAL,F,17,,0,4.36,0,0
2DNNMU9LPK,U,23,,0,5.15,0,0
LWDY084FPD,F,24,1,0,12.93,0,0
2ONN4HH7DW,M,21,,1,3.13,0,0
DW7JKM16CD,F,23,,0,8.27,0,0
VOIQFHF8P0,U,23,1,0,.86,0,0
1TAEHSHJXT,M,16,,0,5.91,0,0
T1GS71GYME,U,24,,0,4.4,0,0
LZSUW22CNZ,F,17,,0,7.51,0,0
5TD4ESAMJJ,F,23,,0,,0,0
TOXSJ24RBZ,M,20,,0,2.36,0,0
8OE3BJXXNO,U,18,,0,4.56,0,0
RECAJI3MC2,F,23,,0,,0,0
LM3RQVEFWP,F,22,1,0,7.58,0,1
VKZ9JVJNYA,F,22,,0,,0,0
30DGZCP1X9,M,19,,0,4.33,0,0
NPXAMKAPKP,F,23,,0,3.29,0,0
M2Q39PMQCF,U,21,1,1,24.06,0,0
WCWTVOEWT1,M,23,,0,3.53,0,0
ZPKJMAZMWE,U,21,1,0,14.02,0,0
FMQ8UHZB3G,M,20,,0,6.54,0,0
IL0W6NBDLO,F,23,,0,3.12,0,0
ZIIWMZKP0A,F,16,,0,,0,0
JG166F8J8N,M,24,,0,12.01,0,0
RCTNYUCY4P,F,17,,0,8.3,0,0
ZF7V4FHMHQ,M,19,,0,10.13,0,0
NXYQVXQI9T,F,19,,0,,0,0
8ZHTNEI8MO,M,23,,0,8.2,0,0
82MK1MMNCC,M,23,,0,11.33,0,0
OF29HVPYVI,M,24,,0,,0,0
LR92VNRYYY,U,17,,0,13.34,0,0
LA7LP8QGB4,F,22,,0,1.96,0,0
OX26D93SWI,U,24,,0,,0,0
70VDXZR3K5,M,20,,0,2.53,0,0
553J4JITNL,F,17,,0,9.69,0,0
9AXQI8IE3A,F,17,,0,3.33,0,0
YS6BYYS00I,M,18,,0,18.21,0,0
W1NKJ7KZ5J,U,17,,0,4.97,0,0
TPOKA1VL3R,U,24,1,1,4.08,0,0
JCC7IC59I2,M,16,,0,2.06,0,0
KGU0PYZQ6D,M,17,,0,12.77,0,0
ILJ2WSW2P6,F,20,,0,4.43,0,0
3EM4DP6FS3,M,21,,0,8.28,0,0
C8TMW5ESJM,M,20,,0,5.39,0,0
OVT4JAPJIT,F,18,,0,4.56,0,0
LVSP0Q2FPI,M,23,,0,5.4,0,0
PYYT4NNAZH,F,16,,0,,0,0
PDM529JIDC,F,16,,0,,0,0
P574DF8E03,F,16,,0,.83,0,0
681CD14A9F,M,22,,0,21.95,0,0
VC0E15V1ZP,U,22,,0,4.03,0,0
4T4WXB6H4E,U,20,,0,7.97,0,0
YQFSU8UAU7,F,22,,0,4.24,0,0
2STGITFBMP,M,23,,0,,0,0
TOMEMBGQEA,F,17,,0,20.74,0,0
GF9O5Q7CIX,F,19,,0,5.61,0,0
HJEDZ1IRLS,F,20,,0,8.36,0,0
PJ1TCB7DVN,U,23,,0,4.95,0,0
QE58K7GVRT,F,16,,0,20.88,0,0
XRN11I2VIU,M,22,,0,9.49,0,0
NQ20TAPKKZ,M,18,,0,1.07,0,0
8XXN2L0DJQ,F,24,,0,13.1,0,0
80R39HJ2UU,M,22,,0,4.76,0,0
5Y63F1NON9,M,20,,0,,0,0
P7D21IEWQX,M,22,,0,12.99,0,0
4NY5XAFHWR,M,23,1,0,,0,0
7JHL2QMKTM,F,21,,0,7.74,0,0
4WYK6GQC9P,U,24,1,0,3.62,0,1
YODR628QIF,M,19,,0,2.01,0,1
ASU3DR8F66,M,21,,0,10.79,0,0
V9GVQ81ZW3,M,16,,0,7.15,0,0
EZ11L9V8QO,U,24,1,0,3.73,0,0
BH9HJRPSG7,M,17,,0,.91,0,0
VF7GJRXE94,M,23,,1,2.88,0,1
0FYJJI5O1P,F,16,,0,,0,0
A429F7XFR5,F,21,,0,,0,0
YMG6ZBFK8H,M,21,,0,1,0,0
PB3OZQL2QH,M,24,,0,10.68,0,0
L1Q1WFF1YA,F,23,,0,1.7,0,0
MSTO9JU76B,F,20,,0,1.04,0,0
36TTU2NSN3,U,17,,0,12.99,0,0
4A45BJI4UE,M,23,,0,1.69,0,0
ISEZ6GC8U7,U,22,1,0,4.68,0,1
8EP4GMKKZ2,F,16,,0,13.91,0,0
N3SZSGWZMS,M,23,,0,8.16,0,0
TMWGXWDKJH,F,24,,0,2.71,0,0
QWS0CKE7JV,M,24,,0,13.07,0,0
2DJWMV19OI,M,18,,0,5,0,0
492NCA8FC2,M,19,,0,3.67,0,0
20I0NVKR2B,F,17,,0,6.88,0,0
GN93PVV7J5,U,24,,0,10.05,0,0
G1IHOFH1MV,M,16,,0,10.76,0,0
02WHMN9OXY,M,21,,0,19.1,0,0
DPV5MXCSOE,M,20,,0,2.27,0,0
U1OGFE9CFJ,U,18,,0,7.89,0,0
6N418YTM7J,M,17,,0,26.47,0,0
JZ7CYA8ZTK,U,20,,0,13.17,0,0
M50XCQP8R6,U,18,,0,2.43,0,1
9T3E3WF68P,F,18,,0,,0,0
S25RD4YOK4,M,19,,0,.94,0,0
WS6IFTBUK9,F,19,,0,8.73,0,0
IF9AARSVB0,M,16,,0,4.32,0,0
HI030KWDZT,U,20,,0,8.98,0,0
8ULVF2XRWP,F,21,,0,6.31,0,0
1QKRNHNADL,U,19,,0,4.15,0,0
NTG542HC31,M,19,,0,.63,0,0
PF18PSPWCD,M,20,,0,3.97,0,0
7W3XT4NXXJ,M,17,,0,8.37,0,0
RT7ZAYT53D,F,16,,0,.55,0,0
2SXQPP4VSW,F,24,,1,17.19,0,0
GYAXU1UDHQ,F,23,1,0,3.95,0,0
9SXJDY1GYE,F,16,,0,3.64,0,0
2E0Z3XAH0A,U,23,,0,4.63,0,0
X71DTAG0S5,M,16,,0,2.54,0,0
TJWKA3YE6B,F,16,,0,18.52,0,0
HQXLGF3WI1,F,19,,0,13.05,0,0
YRZVW7C75I,U,24,,0,5.63,0,0
GBIVVJL4QO,M,17,,0,,0,0
UVNTCEZAIV,M,17,,0,14.6,0,0
UY458A4XQW,M,21,,0,4.01,0,0
VHIB44R13M,M,24,,0,8.98,0,0
IU646LDPMC,U,16,,0,19.67,0,0
YV6UHT2TYY,U,19,,0,16.83,0,0
8SHBDB2ESM,F,18,,0,,0,0
9O3971F27K,F,16,,0,.47,1,0
56O0Z7R4A2,F,20,,0,4.9,0,0
AK8WCP3E02,U,23,,0,5.85,0,0
DJ3G74KL7C,M,16,,0,6.5,0,0
UBG6GVFKML,M,18,,0,10.08,0,0
REEKAYRIVP,M,23,,0,20.79,0,0
55GFD3D3JS,F,24,,0,5.46,0,0
CNGGF1LH6K,F,24,,0,,0,0
ISPVF78ZTD,M,20,,0,12.9,0,0
C1MH4RVN3W,M,24,1,0,14.14,0,0
VXD9SSUQAL,F,16,,0,.74,0,0
GZC7HGNJZG,U,23,,0,.56,0,0
EK603W3LCJ,F,18,,0,12.33,0,0
KXGOWIISI3,F,20,,0,4.23,0,1
7DI75R2DQ1,F,24,1,0,,0,0
HNF81J2USV,U,24,,1,8.44,0,1
2HJP78A3A5,M,19,,0,1.77,0,0
2XQKKC8WVM,U,21,1,0,3.55,0,0
IZ4TKD3EK8,M,20,,0,.21,1,0
O7SKN9TCM8,M,24,,0,12.24,0,0
A0RP8J9ABY,M,24,,0,1.56,0,0
2QJ4W34GHT,F,17,,0,2.98,0,0
B3XZEJBIE6,M,24,,0,10.67,0,0
6OKN4Z0ZHC,F,20,,0,14.59,0,0
584PHRRXEB,F,19,,0,,0,0
BXGO8Y7QU6,M,23,,0,14.93,0,0
S36ZM7JCPG,U,16,,0,4.67,0,0
QKP7BIIMIS,M,16,,0,18.37,0,0
UWQCP71CUZ,F,21,,0,3.16,0,0
LEB7RNGA61,M,20,,0,14.56,0,0
FRHKXHTKTV,M,21,1,0,3.69,0,0
XLWHIBEKQG,F,16,,0,3.38,0,0
59XTO6H61J,U,22,,0,1.58,0,1
SQK64VKLBD,F,17,,0,4.8,0,1
JD9INSXLP0,M,18,,0,8.67,0,0
N7GS8UO7JF,F,22,,0,,0,0
OQDX9Q7H6N,M,22,,0,4.02,0,0
K8N682ZTEU,F,18,,0,1.58,0,0
ZAS88GHV40,M,23,,0,.55,0,0
Z2CWCMS330,M,19,,0,.77,0,0
R0EK9GZTG9,F,21,,0,3.32,0,0
SKH87OG1B5,M,18,,0,12.58,0,0
1RFG3TD3I5,F,23,,0,,0,0
UQPDN6F72P,U,16,,0,7.69,0,0
26DHFSJ36Y,F,21,1,1,4.51,0,0
UKT32JS4D7,U,24,1,0,2.17,0,0
YGBYMNB4WF,M,21,,0,3.74,0,0
BILRXLPMC7,F,22,,0,,0,0
XYED2M3YEA,F,23,,0,13.65,0,0
Z61MN9V8NI,M,23,,0,3.02,0,0
E4CITGCRDB,U,19,,0,2.26,0,0
TY889MLACG,F,16,,0,2.11,0,0
GR4LE5UUU4,U,24,,0,5.68,0,0
I2RHMKZVJL,F,21,,0,28.95,0,0
XDTDLKYRC7,M,21,,0,1.79,0,0
NDWZ1RQ3X6,U,21,,0,.64,0,1
JVMTUYH8HE,M,20,,0,4.49,0,0
ORLMG29TOK,M,21,1,0,,0,0
6077B3ORXJ,F,16,,0,1.06,0,0
QRVJG3B5Z3,M,23,1,0,21.16,0,1
NVRPZFI9OA,F,18,,0,,0,0
66O7N1Y3YK,U,23,,0,29.61,0,0
QK4792NQ0U,F,17,,0,.73,0,0
BRD3QRST3L,M,23,,1,7.25,0,0
G70R1ZVBXH,F,19,,0,4.03,0,0
LC6YACWUCZ,F,18,,0,.48,1,0
4DRP982MHC,F,18,,0,6.14,0,0
HAIKGORRPG,F,21,,1,4.41,0,0
8ZFD4EVMD4,U,23,,0,2.67,0,0
OHTU00LXIK,U,18,,0,,0,0
4EGRQLNM7T,M,18,,0,1.37,0,0
3V4DITTAGA,F,24,,0,4.09,0,0
PUQHLH7GP8,M,24,,1,.95,0,0
XZU5130H70,M,20,,0,8.19,0,0
SEM43D5HKT,F,24,,0,7.97,0,0
UTG0FEUMCU,F,24,,0,12.08,0,0
TICFWBWM95,M,23,,1,13.29,0,0
C85V5Z6J1G,F,20,,0,14.63,0,0
R4WYHS4SOF,M,22,1,1,2.53,0,1
T03IFFXQGC,M,18,,0,2.67,0,1
4MLZR4N1OX,F,23,,0,1.55,0,0
WPUEKMJT1Q,M,23,,0,10.96,0,0
GHU5DTZUCN,F,17,,0,.96,0,0
K23FORPOA0,M,18,,0,2.32,0,0
GXCRTXOJ1F,F,23,,0,3.06,0,0
EWD6TI4H16,U,24,,0,9.6,0,0
1VQX20QSCP,M,21,,0,.83,0,0
884XYV3CDG,U,18,,0,9.04,0,0
4KFBDM14V9,M,20,,0,3.71,0,0
M5Y7E354I8,M,20,,0,18.47,0,0
MJW6QVIB5X,F,17,,0,1.77,0,0
WY9V98T6M6,U,17,,0,,0,0
1DCPF3XACE,F,18,,0,7.76,0,0
2SSSNI5MEB,M,17,,0,9.78,0,0
4URUE6IB3P,M,23,,0,2.09,0,0
GTGNGUVTAF,F,21,,1,2.57,0,1
9QUL2R4R5A,F,17,,0,14.97,0,0
JAEJK4V1DH,M,22,1,0,14.59,0,0
JOREHLAPKM,F,17,,0,2.35,0,0
0OJS7V0LHP,F,24,,1,2.05,0,1
4VP7E2P7R3,F,20,,0,1.8,0,0
NVJ3XYOETC,M,19,,0,13.93,0,0
SOT3K0QYST,M,22,,0,14.1,0,0
GRSO1TIO1C,F,23,,0,8.74,0,0
72ZKD9KYKS,U,20,,0,.72,0,0
YQRHZFW4TA,F,22,,0,4.28,0,1
PM0SMYSXLU,F,20,,0,3.42,0,0
04JULDP031,M,23,,1,13.85,0,0
TOY7VMWCYT,U,20,,0,,0,0
IB8HDX0U05,U,24,,1,13.49,0,0
EEPT5VIX8D,M,24,,0,3.5,0,1
3YOFFGC308,F,18,,0,1.58,0,1
XEK7D7MSQI,M,16,,0,12.29,0,0
L41Q6WL9U4,M,22,,1,,0,1
WE4BXHM40X,F,16,,0,2.32,0,0
SER2TLUHYF,F,17,,0,,0,0
N2WYWZEQH9,F,19,,0,7.39,0,0
9A1QK7I5A7,F,17,,0,,0,1
QUESTOH9NH,F,19,,0,,0,0
O0MCZTKQXS,M,16,,0,.97,0,0
1J7ZDD8572,F,23,,0,2.11,0,0
RKZTG1D6SU,M,24,1,0,2.34,0,1
15VOY9Z2OE,F,16,,0,10.4,0,0
MSAAU4YJ44,M,16,,0,3.45,0,0
AGQXC1DJEX,F,19,,0,8.78,0,0
ZYNY4CA7TU,U,16,,0,13.2,0,0
QPAJ1I8KTJ,U,16,,0,,0,0
WCZ4M1NQ0I,M,23,,0,7.87,0,0
XPBH49WQ8T,U,16,,0,.92,0,0
XXFKKR7DMC,F,21,,0,9.4,0,0
JQIWJ92GZA,M,19,,0,4.48,0,0
9YUBY2XW9R,M,21,1,0,16.53,0,0
U5ES7XDA5J,F,19,,0,22.15,0,0
7E2O8STGNN,F,20,,0,7.41,0,0
0XOSRP5XJ0,U,19,,0,9.85,0,1
XL7L4VG0XM,F,16,,0,.46,1,0
CNG19TRAPC,F,19,,0,2.75,0,1
5S1V5YEUGA,F,17,,0,11.67,0,0
VISKQV5PH1,F,17,,0,,0,0
FZ5GT2LL27,M,21,,0,4.77,0,0
KB8LBF8F1G,F,24,,0,2.8,0,1
X6142E7F6Y,F,24,1,1,7.9,0,0
T1X1IV6FW1,F,20,,0,10.71,0,0
CVFOT1LKCP,M,22,,0,.25,1,0
1TS4UAAOYH,M,16,,0,.8,0,0
LC9R3T07G9,F,18,,0,6.63,0,0
M25OQAFQID,U,17,,0,11.63,0,0
48CS2XJISF,M,20,,0,11.05,0,0
5X6PD7CBEQ,M,20,,0,10.41,0,0
MZ712BYHEQ,M,18,,0,13.63,0,0
MELE79ZJ53,U,21,1,0,.49,1,0
PT7315EQQT,U,16,,0,2.78,0,0
TNLS3DO6ZO,M,16,,0,.85,0,1
W9K25J7QJX,F,23,,0,2.14,0,0
0P33UKOQCA,F,16,,0,8.41,0,0
EKBOVT9S6E,F,16,,0,3.53,0,0
U2JGCCX4QY,M,17,,0,14.31,0,0
7XIBAKXKZW,M,17,,0,4.31,0,0
OXOS3FS5JI,M,21,,0,3.24,0,0
SHH6N3NX0Y,U,19,,0,2.19,0,1
M1LG2NNWTP,M,24,,0,.29,1,0
WSGKQEHQ7S,F,19,,0,6.96,0,0
0HLCXMBFRS,M,23,,0,1.71,0,0
DO1XKDB0JU,F,16,,0,1.32,0,0
FA6J7V65F7,F,16,,0,1.92,0,0
B1HEWRQTB7,F,22,1,0,4.04,0,0
3A5SDMOIZ3,U,22,,0,21.24,0,0
A711P10C38,F,20,,0,11.99,0,0
ZY7WRPOCYW,M,22,,0,2.26,0,0
XHW9YJPQBL,U,16,,0,1.25,0,0
6MDJLM015I,F,20,,0,7.81,0,0
TCMVCMWV96,F,16,,0,6.71,0,0
T3FZL56FHT,F,23,,0,3.94,0,0
A8WBCENYMJ,F,23,,0,3.09,0,0
ETFVRCDYXU,F,23,1,0,4.43,0,1
I6M9KTAOX1,M,16,,0,27.67,0,0
1LK2NI9Y32,F,24,1,0,4.96,0,1
L9JBGWFB9G,F,23,,0,1.4,0,0
5Q6P2C82OX,M,21,,0,,0,0
U0BTIBGWLK,M,19,,0,1.11,0,0
9JT1XSB6ZP,F,20,,0,4.18,0,0
RLVWBUWP6Q,U,21,1,1,9.05,0,0
MBNXR3DG3P,F,21,,0,10.45,0,0
B91M87C1JA,F,17,,0,4.54,0,0
WJHDE68J77,U,18,,0,1.36,0,1
K7D59KDTR7,M,21,1,1,4.99,0,1
8R3WZLDF1S,F,21,,1,4.93,0,0
9NYVXX9Y11,F,16,,0,4.34,0,0
OE13B8NMNT,F,16,,0,26.81,0,0
5154XBOUD7,F,17,,0,13.42,0,0
BRSABKJR67,M,17,,0,1.9,0,0
WP1DAV8B79,M,22,,0,1.17,0,1
9WWONSZQXE,M,16,,0,14.46,0,0
N0L908T35U,F,16,,0,13.23,0,0
IRCY5UU624,U,19,,0,16.02,0,0
U44Z1SMD43,U,16,,0,10.05,0,0
V6R8PO5F3E,U,23,,0,1.85,0,0
JJJJ7L64G1,F,16,,0,11.32,0,0
9NGD29U4LI,F,21,,1,2.8,0,0
STB53GSGUU,M,23,,0,4.13,0,0
JOJU4KDI4H,M,24,,0,7.81,0,0
IIN29FWKDQ,F,22,1,0,2.89,0,0
KO8QPIHLK4,F,21,,0,.75,0,0
MI8B9LJW1U,U,24,,1,9.61,0,0
P69E9QET02,F,23,,0,5.03,0,0
DHJJAVOELX,U,23,,0,2.96,0,0
H4B4RLYEFH,F,20,,0,1.08,0,0
ZP5ILYBH3O,F,22,,0,3.5,0,1
G11NS9W3L0,M,16,,0,12.41,0,0
I0DABKHF6C,M,22,1,0,6.18,0,0
LK8ATKTXWB,U,17,,0,8.54,0,0
7SRRJ24SPQ,M,17,,0,,0,0
7BH9X1EX61,M,20,,0,,0,0
ATT3U2KZUI,M,18,,0,8.5,0,0
VR25Y9KOOR,F,16,,0,,0,0
P6HQY6C4LK,M,21,,1,,0,1
KH7JJM7IFJ,M,17,,0,2.82,0,0
Z2WAD74SVF,F,17,,0,5.34,0,0
52RTTSO1AT,F,23,,0,.47,1,0
CEX87ZGS8I,F,22,,0,10.12,0,0
NZ00PZW13U,M,21,,0,.77,0,0
LYZSFP7XD1,F,22,,1,12.67,0,0
ZRC5O4SMXD,U,23,,0,1.46,0,1
HQKGWEBIYS,F,16,,0,1.79,0,0
4DCXY94DCZ,U,20,,0,.53,0,0
IVI094WX0Y,M,18,,0,.93,0,0
7IRY7XEX1E,U,24,,0,.75,0,0
PYAE6X1B20,U,23,,1,21.1,0,0
EVSVG4U4C2,F,17,,0,4.54,0,0
QRPTRIMUO6,U,21,,1,25.24,0,0
ZA9U2Q7NZ3,M,17,,0,.99,0,1
7Q48L7YLN8,F,20,,0,8.7,0,0
CYH055ZNYU,F,24,,0,6.8,0,0
ZCP792U62B,M,23,,0,29.09,0,0
JZYKQN2SMH,M,24,,0,22.31,0,0
HE43YWQ6LF,F,19,,0,10.41,0,0
00MF3YOO3Z,M,19,,0,12.02,0,0
ZD3WV78V34,M,19,,0,12.43,0,0
HEPRXO1TO5,F,23,,1,1.59,0,0
VEKQDKMP05,F,19,,0,,0,0
0S0GUTUCNY,M,19,,0,,0,0
TG1KU82GGP,U,16,,0,11.77,0,0
HQBGPW6L8B,M,19,,0,2.63,0,0
J06XWU0LBY,M,22,,0,1.25,0,0
V9AFKVIPI9,M,22,1,0,13.75,0,0
F2S5YEQVTI,F,19,,0,4.36,0,0
P5I9X15VI8,U,21,,0,2.05,0,0
VYQWPT0WNS,F,17,,0,2.63,0,0
SD6XVGFA0I,M,22,,0,,0,0
7IAI7INVPT,U,21,,0,.82,0,0
9LRQW75WR1,U,21,1,1,8.97,0,1
UBQ8UIT3YK,M,22,,0,1.86,0,0
MAPJNA8HA8,F,21,,0,7.89,0,0
0ACFM20OIF,F,18,,0,4.1,0,0
24HV4861FS,U,23,,0,2.11,0,0
FMBNWDGMWW,M,16,,0,9.93,0,0
FEZZ2ZAM04,F,17,,0,3.52,0,0
FI8JWHNX29,M,24,,0,6.35,0,0
VAL5T9FQ9R,M,20,,0,2.17,0,1
W6PMD0U20G,M,16,,0,9.37,0,0
USLPFAHNVX,M,20,,0,7.54,0,0
GS8YGJAB4A,F,22,,0,14.69,0,0
9LXBA2G5HZ,M,22,,0,.76,0,0
9DK87F544Q,F,20,,0,8.8,0,0
1DI1H9MQEQ,F,24,1,0,1.29,0,0
8BB4ZOJJYM,F,22,,1,6.86,0,0
3IR6EE256R,M,17,,0,4.13,0,0
LCQF316UOC,F,24,1,0,,0,0
C6GNL9PEFT,M,18,,0,6.46,0,0
JXFUUQWX6S,M,23,,0,14.97,0,0
DI64DRM305,F,17,,0,5.91,0,0
AX6VBLGOT3,M,21,,0,1.19,0,0
14WPNC6H3D,M,24,1,0,.87,0,1
QJNH9YS0F6,U,23,1,0,11.39,0,0
UON4TSSHNB,M,22,,1,3.45,0,1
NZUV815RQS,M,16,,0,,0,0
917HFKYV34,U,16,,0,10.82,0,0
MYLVD4B2CA,M,20,,0,8.4,0,1
QTVEVRDBOK,U,18,,0,,0,0
6WH8522L1E,U,23,,0,6.85,0,0
78B5TFB6VI,F,18,,0,4.95,0,0
RE420148PE,M,23,,0,,0,1
49A0IUUTUI,M,20,,0,4.84,0,0
1REPNX4MEL,M,24,,0,5.74,0,0
5NZS4DAALO,M,21,,1,2.96,0,1
TT0Z3HGV9S,F,18,,0,4.37,0,0
9MJZE6SCK7,U,19,,0,8.82,0,0
JX53GFBGDD,M,22,,0,1.75,0,0
8EASH7QMQZ,F,18,,0,4.26,0,0
831WOK29B6,U,17,,0,11.65,0,0
FP96UDUP8L,F,24,,0,4.22,0,0
X16HYVI8UG,F,23,1,0,1.77,0,0
T935TQ7OUK,U,22,,0,4.55,0,0
PTEL7IHTZZ,F,16,,0,,0,0
81JYYTBVIL,M,18,,0,11.91,0,0
EAG99OMO3N,M,19,,0,11.55,0,0
DG8XBTE57I,M,23,,0,1.63,0,0
2A7AK0MZQR,U,24,,0,7.97,0,0
ITQODTSZMP,M,16,,0,4.88,0,0
D25FYE2PNE,F,24,,0,4.48,0,1
Z17MUVGKPW,M,21,,0,2.76,0,0
F87KCFVALQ,M,19,,0,,0,0
H5R5K6V80U,M,19,,0,,0,0
6D4673BKEX,M,19,,0,2.46,0,0
I48ROVXEHJ,U,21,,0,10.15,0,0
H87KB7ZJD1,M,21,1,0,3.94,0,1
I9DWV5OE7M,U,24,1,0,12.58,0,0
N44XX1GHBR,F,21,,0,10.23,0,0
FVAKDXONLE,F,19,,0,1.49,0,0
2GEZ19TVWG,M,23,,0,,0,0
JKICIX638B,U,21,,1,6.36,0,0
R91KMPOAJY,U,20,,0,,0,0
LGB400RT8J,U,19,,0,12.14,0,0
0QU5WKX0SH,M,22,,1,1.57,0,1
PNBFZNBU0O,M,19,,0,3.62,0,1
QHE14YCAU7,F,17,,0,4.29,0,0
DJCPK6SIUA,M,21,,0,2.11,0,0
G52JGEVILY,U,19,,0,3.1,0,0
GSAGG19WE5,F,23,,0,11.6,0,0
CZM1K9MISV,M,22,,0,3.23,0,1
GDZKUZJPVM,U,19,,0,14.68,0,0
L94AM269AW,F,19,,0,8.55,0,0
8JFNEMDNQO,F,21,,1,3.76,0,0
WZD0JFQO7S,F,16,,0,,0,0
9IGFWQC58J,F,19,,0,,0,0
QKSJJ7Y88T,M,20,,0,5.66,0,0
H9D80YFGMU,M,20,,0,8.61,0,0
B2D6V14UCZ,F,18,,0,8.67,0,0
V88BANTHFT,U,17,,0,18.51,0,0
8WC5F0E05E,U,22,,0,13.58,0,0
O7YMIMZJCZ,F,17,,0,17.95,0,0
0LJRNNDGBZ,M,22,,0,3.92,0,0
354JQ01V4I,F,23,1,0,2.79,0,0
HD5YVYC2LE,F,16,,0,1.45,0,0
ZAWAIKQS42,F,16,,0,4.24,0,0
AQ9SE0LTWS,M,24,,0,9.27,0,0
GUOGS4LFQI,F,18,,0,8.62,0,0
R91ZXTAP8T,F,19,,0,7.63,0,0
WX2SXDHSAF,M,24,,0,6.27,0,0
03HQUZZY6W,M,19,,0,,0,0
O29R8HSHAI,F,20,,0,.51,0,1
HQLJ5U2UL9,F,17,,0,2.97,0,0
SP1HHORJ0V,F,21,,0,1.27,0,0
OYF4ON593N,F,18,,0,6.45,0,0
Y25UMO2W7X,U,22,1,0,2.21,0,0
TO42RF3GAD,F,16,,0,3.31,0,0
IGLJ0HBYBO,M,19,,0,1.5,0,0
BXBCJ4G1UJ,M,24,,0,.77,0,0
BVZDDC4CME,M,16,,0,10.95,0,0
T0QUU1B99Z,M,21,,0,5.68,0,0
X5RCZO6IR1,M,22,1,0,4.68,0,0
0D2BC3EK9S,M,18,,0,2.33,0,0
JHQIKDJ140,M,16,,0,,0,0
SCB31LX72T,M,16,,0,12.37,0,0
7F6TE2TWKA,M,21,,0,3.8,0,0
SJYTTFXE0D,M,21,,0,,0,0
499CF1N4P5,M,16,,0,4.32,0,0
22EH3JKFMU,M,21,,0,,0,0
6LM52BUSWA,F,22,,1,4.67,0,0
EL3I381AKL,U,20,,0,1.3,0,0
OB4HQ499CO,F,23,,1,8.5,0,1
Z7GXESW26O,M,16,,0,8.02,0,0
AGEEL0MMV6,M,20,,0,4.43,0,1
I6TVRMCGG8,M,20,,0,,0,0
PLTQKVQYWX,F,19,,0,4.06,0,0
G4PCMQ5T26,U,17,,0,3.22,0,1
PD7JSON0AA,U,23,1,0,1.9,0,0
D5ALQ1WLDR,F,20,,0,.97,0,0
F5DPO5G3LP,F,19,,0,5.35,0,0
UTETDL9XGS,F,17,,0,8.17,0,0
D1Z8QLN0W3,M,17,,0,1.19,0,0
S4C2IIBL4K,M,21,,0,3.82,0,0
ISGLOXI6AK,F,22,,1,,0,0
CKYFRT3D7B,M,20,,0,1.81,0,0
KO0SLLUZHI,M,17,,0,13.25,0,0
QTVGCS8NQZ,M,19,,0,3.29,0,0
HJ5C003Q19,F,19,,0,3.72,0,0
MG545NEH85,F,24,,0,4.86,0,1
RVVYN5GOTT,U,21,,0,10.3,0,0
NVAHD0PJWR,M,19,,0,11.96,0,0
7XC7H4LS02,M,20,,0,.66,0,0
UADW8W57VZ,M,22,,1,2.69,0,1
IBTWZ2DX6D,F,21,,0,1.72,0,0
LO0PCZ5W2I,M,16,,0,4.57,0,0
H03CVOI6MT,M,21,,0,1.5,0,0
CDNAQRWJI5,M,19,,0,.46,1,1
PNZ4UUE3T4,F,24,,0,2.54,0,0
F2FBJES7F2,F,20,,0,13.7,0,1
3OPJJ9BYY3,M,22,,0,1.51,0,0
YIKWPIR6HE,M,21,,0,19.93,0,0
J6YTUIT71M,U,23,,0,3.36,0,0
11T4G1K95X,F,21,,0,3.33,0,0
421F1497F5,F,24,1,0,1.87,0,1
3F1RFA20NR,M,19,,0,13.49,0,0
98U52X3U2E,F,20,,0,2.97,0,0
GE6NAHFIW9,F,16,,0,2.75,0,0
MAZMIX5X1N,U,20,,0,,0,0
P7EIG5189Z,F,16,,0,1.48,0,0
RAXZC9MYE8,M,19,,0,7.84,0,0
MHXDDTHW02,F,24,,0,14.35,0,0
98QROX8GCQ,M,16,,0,7.41,0,0
T7NPDSAWA4,F,22,,0,5.49,0,0
TAXDNL8BTK,U,21,,0,6.77,0,0
WZFXJDRTGM,F,24,,0,12.45,0,0
64TOH16LMQ,U,23,,0,18.52,0,0
N8LR2XWAD7,M,16,,0,.67,0,0
Y2I9P7QZBM,F,17,,0,3.48,0,1
GVTQUS6FPA,M,17,,0,1.29,0,0
1J8GJK0HWJ,F,22,,0,4.43,0,1
4UXX61QUV6,M,23,,0,.88,0,0
T87SEIQPSI,M,22,,0,.43,1,0
VOZOD3758V,F,16,,0,.94,0,0
YBZ1Q7K7BR,M,16,,0,2.21,0,0
M81Z8W4Q3T,M,21,,0,14.05,0,0
EH6TICBQPR,M,24,1,1,1.94,0,0
RW1GR0DYYH,F,22,,0,.8,0,0
8UJM9AS77S,M,23,,0,8.23,0,0
B7874FX6LR,F,24,,0,1.68,0,0
75ELUNCV3V,M,17,,0,9.59,0,0
OOCALXBW8T,F,22,1,0,13.54,0,1
WHFNHYTM56,M,17,,0,4.68,0,0
OURHRWFDHI,M,20,,0,1.1,0,0
02D3W3ACJ9,M,18,,0,2.05,0,0
XBHPAP6X8V,F,24,,0,2.07,0,0
Y3K5GKV5T7,F,20,,0,4.69,0,0
9RRJHL53HQ,U,17,,0,19.44,0,0
ZJS024LPP5,F,24,,0,1.45,0,0
GX5FZ31YEM,U,19,,0,2.73,0,0
ANN1NX84OI,M,19,,0,4.48,0,0
GQWWXJ93GX,F,24,,0,10.47,0,0
NEFK8PFDJ6,U,18,,0,4.71,0,0
GTLU8UKYMD,M,24,,0,13.65,0,1
UAHWUXV7ZB,F,22,,0,2.15,0,0
W0DPQ590QT,M,22,,0,13.21,0,0
QX9I9PKH6H,F,17,,0,,0,0
HH0RXILZZ2,M,24,,0,12.77,0,0
6FO2SCI2CI,U,24,,0,1.86,0,1
7B9IKYIFJG,F,19,,0,1.96,0,0
J9QUOTTZ1N,U,20,,0,2.49,0,0
KVVC7I4RLH,M,21,,0,,0,0
SHJFJS7JYO,M,22,,0,12.99,0,0
DDVM7QQJZE,U,17,,0,4.56,0,0
Q0CBLAVB5S,F,20,,0,8.41,0,0
CA6HJOSJ0Q,M,19,,0,1.18,0,0
JIMYAD3USF,M,21,,0,6.71,0,0
Z5H99ZZBQB,F,23,1,1,22.38,0,0
TRVMPIOAKG,F,16,,0,10.53,0,0
48DMV3OH90,U,20,,0,1.08,0,0
UGS8LYZV3Y,U,16,,0,7.05,0,0
UTBVH3UBJR,M,17,,0,14.33,0,0
6NTSXN2IE7,M,17,,0,8.78,0,0
JF30NF4KMW,M,23,,0,7.15,0,0
SIEQHEZWZX,F,22,,0,1.19,0,0
EAGI7WLKO6,F,23,,0,11.85,0,0
CSWLG0T2W7,M,24,1,1,.12,1,1
YV7FVDUN6Z,U,24,,0,,0,0
26HMH0H5RN,U,22,1,0,3.22,0,0
XMLFA1STZD,F,17,,0,10.95,0,0
5JPXJR1K93,F,24,,0,.51,0,0
BJXF4MY084,F,19,,0,4.51,0,0
7U6DOYCGV5,M,24,,0,,0,0
EMB3536MM9,M,23,,1,11.14,0,0
D95I7K5UX0,F,16,,0,8.55,0,0
59P10Z8TE7,U,19,,0,2.49,0,0
658ZEJWVOV,F,23,1,0,4,0,1
BQH6OE161O,M,21,,0,,0,0
UR46MMKT46,F,22,,0,6.4,0,0
A7UD60NT3N,F,24,1,0,3.64,0,0
EI3MDE3TY1,U,17,,0,2.59,0,0
S20F0SJE9F,F,19,,0,,0,0
XE6BUR0YDE,M,24,,0,4.64,0,0
D2T00H4J94,M,23,,0,2.58,0,1
MKRYFOD6MC,F,19,,0,2.48,0,0
J3Q9KFFS8R,F,22,,0,12.55,0,0
8SG1CPMLPK,M,16,,0,18.46,0,0
7KTKE57JYS,U,21,,0,1.41,0,0
9HBZ467USD,F,23,,0,14.19,0,0
TT5SNCHBD7,U,18,,0,8.25,0,0
006LPC4Z97,M,20,,0,1.85,0,0
LJGIK3PPJI,F,23,,0,28.38,0,0
1XD2WW1CLX,F,19,,0,2.54,0,0
EZYUH3RBSR,F,16,,0,4.39,0,0
DJGUKAMB63,F,18,,0,3.17,0,1
L842DWHK40,M,20,,0,6.69,0,0
JK19HY8KE8,U,20,,0,4.61,0,0
VFVMX5J0X4,M,22,,0,4.49,0,0
81SN68HL33,F,16,,0,2.52,0,0
H85ANDUHK7,F,17,,0,2.06,0,0
OUWJXBVUM4,F,21,,0,14.67,0,1
BQBZ0530V5,M,22,,0,.73,0,0
0NWZ9SBAV8,M,20,,0,7.14,0,0
IBUJVLW5YB,F,17,,0,3.21,0,0
PMLE23J052,F,19,,0,6.29,0,0
16L26J3MGX,U,21,,0,2.14,0,0
YBGWDRAG7M,F,21,,0,3.54,0,0
KIEVW249RB,U,19,,0,2.85,0,0
YWE43M5SYK,F,22,,0,1.19,0,1
F4TAAFLJ8T,M,20,,0,.92,0,1
GSPBNTXNW7,M,17,,0,3.89,0,0
XR2AEAL9EU,M,18,,0,13.87,0,0
FURR2KD110,U,22,,0,1.07,0,1
FPU0JEW8QX,U,24,,0,1.87,0,1
K84SY3GWUC,U,23,,0,2.55,0,0
SBEK93V28M,M,22,,0,3.43,0,0
CQ1DYDW6WT,F,22,,0,,0,0
41ZQXNL1PJ,M,21,,0,.39,1,1
LD4BDUGDSI,F,22,,0,,0,0
7PMVINOKZZ,F,19,,0,.27,1,0
HBK6XE7VAD,F,18,,0,2.89,0,0
VMN71AQB9M,U,17,,0,2.78,0,0
J1SYVH51XI,F,23,,0,29.98,0,0
FFRHE36ED1,M,23,1,1,8.04,0,1
MRXZOGNTGV,M,19,,0,2.2,0,1
9MHBEXNPFD,M,21,,0,11.45,0,0
8BYV52UOER,M,16,,0,1.74,0,1
VFRCLNPZFE,M,20,,0,11.76,0,0
ECD0AC6X5J,F,22,,0,2.35,0,1
M8YTKBSG1L,F,23,,1,,0,0
SI941R63AG,F,16,,0,,0,0
5F10F62UM7,F,17,,0,2.18,0,0
A4FATTDFDD,F,23,1,1,4.32,0,1
02UO68C7T4,U,16,,0,3.68,0,0
FD6J7JHOEH,M,23,1,0,4.8,0,0
WLHYE0A6H5,F,21,1,0,2.32,0,0
ZNCZO4253H,U,16,,0,1.61,0,0
JJSHG1HAH3,U,16,,0,7.58,0,0
QS3NA79ANQ,F,18,,0,.99,0,0
TAKWNXASM9,M,22,,0,.87,0,0
4OJ5JJ19EX,M,17,,0,4.49,0,0
W8KVB19QH6,U,19,,0,,0,0
64Y7YFC4LR,F,17,,0,.8,0,0
KZCMRRIK6E,M,21,,1,1.46,0,1
OLJV49E0B9,U,18,,0,8.85,0,0
7HK657VBC8,F,16,,0,,0,0
8BUFWEO9Z5,M,19,,0,.51,0,0
U2N1L6PFBM,U,22,,0,4.82,0,0
3DFAXJMK8P,F,24,,0,3.84,0,0
0V6E1RMTSP,M,18,,0,,0,0
3PB59599LH,F,19,,0,7.49,0,0
51F2ENPG1J,F,23,,0,.76,0,0
VO0H10B49J,U,23,,1,20.17,0,1
7LD5MC35OU,F,23,,0,1.42,0,0
XRHCSJUQHU,M,23,,0,2.38,0,0
UJ0A9QNIR9,M,23,,0,3.45,0,0
E3X57PEILV,F,24,,0,2.83,0,0
MN0ANFM6GK,F,16,,0,3.26,0,0
02PEVEAKM6,F,21,1,0,14.76,0,1
Y17YNU3CEJ,M,18,,0,13.79,0,0
D8WPBX0SBL,U,16,,0,4.95,0,1
JORJG57RRF,M,18,,0,13.33,0,0
UL9JDXMGWF,F,16,,0,17.5,0,0
QDKASN7G12,F,22,,0,13.63,0,0
LQG69YIZWG,U,24,,0,.71,0,1
94B3JKAXDT,M,16,,0,4.12,0,0
DVDQVAI017,F,16,,0,3.73,0,0
YJZK1RQMNJ,M,18,,0,9.4,0,0
IH1AU0INKW,F,16,,0,1.41,0,0
M91BA15F0L,F,17,,0,6.67,0,0
K6GUZ2SO5Y,M,21,,0,3.42,0,1
EIA44P9FEP,U,23,,0,11.65,0,0
926PWZY877,F,19,,0,3.08,0,0
W720IB0EMH,M,20,,0,9.01,0,0
C312K0T612,F,22,,1,9.18,0,0
UANX8RJ7MR,M,22,,0,5.63,0,0
L0TE9RUZFF,F,24,,0,11.43,0,0
EV557PMUDF,M,22,,0,,0,0
PUIEPFTXQS,M,19,,0,6.27,0,0
WPRIUHAQUM,M,19,,0,21.85,0,0
90E2NUASGV,M,18,,0,9.95,0,0
N6XHQRR43C,F,16,,0,14.42,0,0
DE80ZBA2C8,F,16,,0,,0,0
N1SJV5H7C6,F,20,,0,8.55,0,0
ZZZ604QCAN,U,16,,0,5.25,0,0
IZTILXQZYS,F,16,,0,7.87,0,0
FEDCYYQ0IU,M,24,,0,14.92,0,0
98G0XPTCPG,F,19,,0,,0,0
9II68CUDK7,M,18,,0,,0,0
IWP4VGW7VW,M,17,,0,6.42,0,0
6ZXWFIGCGK,U,19,,0,,0,0
2LCDQQ7Q26,M,22,1,0,1.49,0,0
652UX2IVHR,F,22,,0,17.09,0,0
PL932ELNK2,U,16,,0,8.9,0,0
CF5OOUFLXW,M,21,1,0,1.66,0,0
FQRQB97XHB,M,22,1,1,2.35,0,0
3JNV6C1JD1,U,23,,0,3.4,0,1
ZQB50XNKQJ,M,16,,0,12.6,0,0
I8VST673GQ,F,20,,0,10.18,0,0
FXCLAEPE2G,M,20,,0,1.09,0,0
CF57O67K4B,U,23,,0,.48,1,0
JX9RDJR4GL,F,20,,0,2.48,0,0
6WOO8UOIGC,M,20,,0,1.93,0,1
7T00H3AYSY,M,23,,0,2.63,0,0
CJO8B5Y8FN,U,21,,0,.14,1,0
TT4YVTEK1W,F,24,,0,12.03,0,1
XVF0B1RSI8,M,21,,0,,0,0
YUJEWY3HOJ,F,20,,0,3.74,0,1
L5G00ATKDG,U,22,,0,1.8,0,0
SNWUS2KYBT,M,17,,0,1.14,0,1
4BTA3MEFSW,M,23,,0,2.72,0,0
Y3RFJJ4I4X,M,20,,0,23.5,0,0
CQNRAXJQFK,F,23,,0,11.27,0,0
IJ2CYHZ52R,M,21,,0,4.51,0,1
67CIZ4LHUO,M,16,,0,.28,1,0
F3NRZCDG1N,M,20,,0,2.87,0,0
4BDXKVIDL8,F,18,,0,3.22,0,0
OVONZLH91M,M,22,,0,3.7,0,0
AZ8K398WLR,F,20,,0,2.9,0,0
ZQSJHW2JZZ,F,21,,0,8.96,0,0
SN9JARWIRS,F,20,,0,7.09,0,0
HXXUT513GK,F,20,,0,,0,0
Z9QOJ9OPK9,M,18,,0,4.37,0,0
LWJCT4W64Q,M,19,,0,27.06,0,0
SJEQP5T4QH,M,18,,0,5.18,0,0
I3RD4X67EA,U,23,,0,2.75,0,0
M0TC5VWB3Y,F,20,,0,13.64,0,0
V2ZTOAOXUL,F,16,,0,13.57,0,0
97SF6MDR6K,M,18,,0,,0,0
Y3HMGEKNR6,F,21,1,0,2.64,0,0
DSV0T3XRJF,M,20,,0,13.06,0,0
YMD9GOHGOW,F,22,,0,7,0,0
EIC21F1W8C,F,23,,0,,0,0
7Y5M4HREQQ,M,22,1,0,25.3,0,0
0NI8IGR7DQ,F,20,,0,8.46,0,0
HPEWUXWSQV,M,24,,0,11.93,0,0
DWLPHNIEEF,F,16,,0,23.42,0,0
BFAH0VLF26,M,23,,0,13.64,0,0
KARVZ4LBT8,F,22,,0,2.73,0,0
FYORVI6OK9,F,21,,0,5.21,0,1
77MGH96ZN3,F,22,,0,21.37,0,0
M9OYIUF9RA,U,19,,0,2.16,0,1
6GYZ60L561,U,24,,0,3.23,0,0
6SZUD5TI1Q,F,16,,0,14.21,0,0
Y6616BIXV7,F,22,,0,11.51,0,0
9BFDH0YJ3K,M,21,,0,4.65,0,0
X1M05LN3V5,M,23,,0,8.75,0,0
4JZD5E9APF,F,21,1,0,3.05,0,0
F7B7U34O0E,M,20,,0,9.88,0,0
YYE558A3E0,U,21,,0,14.97,0,0
WK5BMD1C3W,F,23,,0,10.39,0,0
WG4OLPS5S7,F,16,,0,2.12,0,0
PPW5ET4RGM,U,19,,0,10.24,0,0
7FRA449BKU,M,24,,0,.22,1,0
GYZ5J3Q0WU,M,19,,0,1.9,0,0
121BHF9WZA,F,22,,0,2.54,0,1
IFNPCQ3N2U,U,23,,0,2.29,0,0
J628IRRIH5,M,19,,0,.32,1,0
I7VR376XOC,M,19,,0,2.47,0,0
YXFSMRWT67,F,23,,0,6.01,0,0
1LW56SZKL8,F,39,,0,7.86,0,0
DRF7WR6MTP,F,44,,0,3.83,0,0
O7V83X3EM4,F,34,,0,3.48,0,0
EUKVPH53RL,U,35,,0,,0,0
PUYP8DHWX8,M,24,,1,3.94,0,1
U5K4SRCV5R,U,24,,0,2.1,0,0
4O8KI0HKH4,F,16,,0,8.8,0,0
3JA0YR4I7R,F,21,,0,2.25,0,0
BZDPUBUY8H,M,17,,0,11.56,0,0
1KBGYT0CHJ,F,18,,0,,0,1
0FGKRUEA3F,U,18,,0,2.58,0,1
KR4TU51H1S,U,16,,0,.13,1,0
U6OIVPHDRL,F,20,,0,3.63,0,0
9WPIBGAXPC,M,17,,0,.74,0,0
76A9K57209,U,22,,0,4.8,0,0
F6UQZ2YBRD,U,22,1,0,3.91,0,0
X8JWBD1IY1,U,19,,0,27.81,0,0
WAM4IM1CD1,M,18,,0,1.32,0,0
DEVOZDC60T,U,20,,0,9.54,0,0
NQYR0PFVK6,M,20,,0,2.88,0,1
LY5AR94KV9,M,19,,0,7.99,0,0
LNKB8V2LP3,F,24,,0,13.14,0,0
QDX8RDFKO4,M,24,1,0,11.28,0,0
47SYPZF9SM,F,16,,0,1.77,0,0
JB5SIYHVK4,M,21,,0,.33,1,0
07HY4FLJA9,U,24,1,0,.93,0,1
WQ4PGAHORW,F,16,,0,3.95,0,0
MW5JKNCTFV,U,17,,0,2.65,0,0
O6OAYY36Z3,F,16,,0,8.23,0,0
RNV2QI2H91,M,21,,0,2.75,0,0
GC8GJLEN68,M,17,,0,11.63,0,0
JKT0CHYSKZ,M,23,,1,11.78,0,0
KYYBQS2KG1,F,17,,0,.85,0,0
9LC7TYL73N,M,18,,0,.17,1,0
3B8M87OFRO,M,23,,0,1.84,0,0
2ORLOY8ZGN,M,22,,0,4.57,0,0
E7JC4L9GG8,M,16,,0,.2,1,0
VUXQM1BS1J,M,20,,0,1.02,0,1
SRVG52Y52Q,U,22,1,0,12.83,0,0
CEMQESLMXL,F,21,,0,5.88,0,0
ZU19MQY643,U,21,,0,1.69,0,1
P1VVBJOL0X,F,19,,0,13.05,0,0
DF7VHDQQE1,U,16,,0,13.74,0,0
QZM2DSZJQA,F,20,,0,2.6,0,0
325G01P391,U,18,,0,1.61,0,0
85V077HEW3,M,19,,0,12.81,0,0
2BOYLO0F0H,F,23,1,0,27.14,0,0
860GDDUPLL,M,17,,0,4.69,0,0
BLNGBJXJIK,F,16,,0,.82,0,0
MW27YX0WMW,F,24,,0,5.28,0,0
NRBEKUHHG5,F,21,1,0,1.38,0,0
Y8PYSXLDJG,M,18,,0,6.01,0,0
NW6HTB3IY3,M,21,1,0,5.26,0,1
Z5AOGDWK5C,M,24,1,1,13.58,0,0
ADVUFNZIIA,M,19,,0,11.95,0,0
CXAPLW9RH9,M,21,,1,11.55,0,0
9VTIYAZALI,F,18,,0,8.5,0,0
F7SVXJZVHC,F,24,,1,,0,0
65AHUG2X31,F,16,,0,6.02,0,0
N9B90LWMIT,M,16,,0,9.34,0,0
RGP2XPF0HO,M,22,1,0,7.11,0,0
72SO6M1C3Y,M,22,,1,,0,1
8920AYU16X,M,16,,0,2.24,0,0
G5BNLXII37,M,17,,0,2.18,0,0
61OVV73JV2,F,19,,0,9.02,0,0
2NUVLNA91T,F,19,,0,1.25,0,0
2LEYJD5HR7,F,24,,0,4.17,0,0
7R2QMJK8T0,M,22,,0,,0,0
60PCODW8MO,F,23,,0,2.53,0,1
W2I8UA2PTB,M,22,,0,5.56,0,0
OJQ61QRA4T,M,18,,0,5.59,0,0
CQSZYNHW6D,F,22,,0,,0,0
53ZZ25SR68,F,21,,0,11.33,0,0
ODHQXQGI5N,M,20,,0,11.09,0,0
EKXRY2YPLU,M,20,,0,12.33,0,0
AK5WIKY2Z5,M,21,,0,1.35,0,0
AQLCW2L4BC,M,19,,0,6.17,0,0
P34UDAZG31,F,18,,0,6.78,0,0
6FUV40DNKI,M,21,,0,,0,0
SYZHOVAV3S,M,20,,0,1.12,0,0
N8OUCZSIUS,U,24,,0,.38,1,0
YIU2MD3TM3,M,16,,0,4.59,0,0
WK29XV6MOL,M,22,1,0,7.46,0,0
39N5XEOYFB,M,17,,0,7.24,0,0
C2YCAL9K0W,F,23,,0,,0,0
IGE3NVPJ73,M,19,,0,1.28,0,1
EDVLTJTEZ1,F,21,,0,2.45,0,0
EMIKDM7066,F,22,,0,12.08,0,0
ZIAWL2711R,M,24,,1,5.77,0,0
BMSAPI5L93,M,24,,1,9.17,0,0
BFC5CWUR8B,M,17,,0,4.05,0,0
50TB3ZA9K1,F,24,,0,3.03,0,0
WTF7WKHKBO,F,20,,0,,0,0
8I6JZG0S2N,F,16,,0,6.24,0,0
KZOZL5S4DZ,F,17,,0,.69,0,0
Z8UKEM4826,F,22,,0,1.25,0,1
D64CYCB0O8,M,21,,0,1.9,0,0
TI88KGRPF3,F,23,,0,8.61,0,0
X4DH97TMIO,M,18,,0,,0,0
CI7VJUI7LM,M,16,,0,,0,0
7IKNGZQ5PY,F,21,,0,,0,0
SSK3ANDGPO,F,19,,0,10.61,0,0
MRKSTL1ZQI,U,19,,0,3.85,0,0
FA59KECH7Q,F,19,,0,1.57,0,0
U92ORA6PV5,U,22,,0,9.39,0,0
FT9RCFYTLJ,F,20,,0,3.87,0,0
JKVSPTKBOO,M,16,,0,10.89,0,0
ZI5HM2UJAX,M,22,1,0,11.34,0,0
SYCHU3UCFC,U,18,,0,5.15,0,0
FS50AE58L6,M,19,,0,20.48,0,0
NK2ARNQ541,M,20,,0,11.12,0,0
2OC6M6LU51,F,22,,0,11.86,0,0
AZXKNFAAFK,M,23,1,0,13.7,0,0
ID14W8XLAR,F,23,,0,.18,1,0
8JJUHWMKK3,F,19,,0,13.2,0,0
CU88RB5RC8,M,23,,0,,0,0
2LWJ2SPZU4,U,23,,0,4.34,0,0
TVR3RTNG9S,M,17,,0,1.36,0,0
YZ7T5AUGYQ,F,20,,0,4.1,0,0
F6YBKCEKH5,F,20,,0,7.42,0,1
IJS4KCP5A9,M,23,,0,3.41,0,0
6P6LH62TP1,F,18,,0,3.13,0,1
QETM7EFJB5,U,17,,0,4.84,0,0
TBTT027T33,F,23,1,0,11.14,0,0
FY36VJBWGJ,U,23,,1,4.13,0,0
IO2MDY2EZE,F,24,,0,1.45,0,0
NHNP12V73S,M,20,,0,13.77,0,0
J48CYBPHR4,M,24,,0,7.66,0,0
94WBWMFQF1,M,23,,1,29.51,0,1
KPYUSQ3PTH,M,19,,0,14.07,0,0
ZYFZMCJX2W,M,22,,0,12.23,0,0
5R7CANO67O,M,21,,0,3.28,0,0
1GBMB5R7P9,U,24,,0,2.73,0,0
DTNXA9CXBU,M,16,,0,12.92,0,0
A423ERY3I8,U,23,,0,1.65,0,1
ZEXEYJC6X0,F,21,,0,15.15,0,1
LVDHL41SWD,F,19,,0,1.38,0,0
CZ7PRG3RVL,U,22,,1,28.19,0,0
HDHJM4AMP8,M,19,,0,11.08,0,0
ZIAOHHHF6C,F,20,,0,1.48,0,0
SGGM3KX2HH,F,22,,0,2.92,0,0
VKQMVR4RYY,F,20,,0,13.33,0,0
RMEM92PVXX,M,17,,0,12.87,0,0
50F3U6EQVD,M,20,,0,2.97,0,1
SF9J09XT5S,F,20,,0,.86,0,0
VJL4W1QUKT,F,20,,0,,0,0
BVPOREUBYG,M,17,,0,2.86,0,0
A34MB4XD5D,M,17,,0,.58,0,0
VVQBGZ61XN,F,17,,0,3.15,0,0
OSOJPOGYVO,M,20,,0,14.87,0,0
RA2TWQVL5W,M,17,,0,2.54,0,0
OKO8JVUDDT,F,22,,0,3.21,0,1
IHIMDDQZ12,M,21,,0,2.86,0,0
7FHZ9H1F0P,M,16,,0,,0,0
86Q3O4TGK8,M,16,,0,26.31,0,0
A5KP39BHTJ,F,17,,0,11.3,0,0
727SXXWLF3,M,17,,0,1.3,0,0
JOWD7IESKA,U,17,,0,6.07,0,0
0OMPNV0013,U,19,,0,4.74,0,0
T2W9055W2G,M,22,,0,2.35,0,1
JVBFCFMXZA,F,20,,0,6.11,0,0
NM5BZHKOHB,U,20,,0,1.25,0,1
IPAPD4MMJT,M,17,,0,13.85,0,0
U8BEXJJ912,M,23,,0,6.07,0,0
UH5C1OBU19,F,20,,0,5.81,0,0
ZNH7RSV4WK,F,18,,0,2.47,0,0
W8FY5WLMT3,F,16,,0,3.72,0,0
EV1Z8TW85I,M,23,,0,1.44,0,0
KP0JWCL217,F,21,,0,3.85,0,0
B3OU4R5DNF,F,30,,0,,0,0
9HT22H0QVQ,M,36,,0,6.55,0,0
VT7TQ8FPWJ,U,43,,0,28.72,0,1
F2P86JH3GW,F,44,,1,2.74,0,1
ADNVQMW2AU,F,32,1,0,4.33,0,0
519F07PYZQ,F,27,,0,1.03,0,1
7C6R721KFF,M,43,,0,2.75,0,0
BPISEHJYU5,U,32,,0,5.7,0,0
4PS5OISKKZ,F,34,,0,3.73,0,0
DRXDGV04QE,F,30,,0,,0,0
GUT17APTPU,U,38,,0,.67,0,0
3FLI3O8EZ5,U,32,,0,2.2,0,0
4D8ZAFP020,M,30,,1,3.19,0,1
BVSTXXZ6AF,M,27,1,0,12.43,0,0
ERH6KM3BSP,F,29,,0,5.32,0,0
8P5LLK5INB,F,28,,0,2.77,0,0
2AEPKIYCXT,F,33,,0,5.74,0,0
24XTAN7WUR,F,27,1,0,1.65,0,0
FWXWL00EYE,F,37,,0,1.26,0,0
51OCLXMX2P,F,31,,1,3.26,0,1
8LIZ4FHHUL,F,25,,1,21.86,0,0
E2S5BLBEG0,M,44,,0,4.45,0,0
CVB22AJ4GJ,U,33,,0,4.71,0,0
PFW097G8YP,M,32,1,0,12.35,0,0
1I1OBW2K9C,F,37,,0,1.54,0,0
E3SQ5RXHRP,M,36,,0,13.96,0,0
WP68Q7CUFT,U,39,,1,2.14,0,1
55RQCUGLS7,U,38,,0,4.57,0,0
NV9Y51MNHM,F,35,1,0,14.71,0,0
KHCEIDEF6R,F,39,,0,13.53,0,0
8DE3C45ADU,M,34,,1,2.73,0,1
SR14DHJ78A,U,35,,1,14.23,0,1
Q6RWSPIPQ1,M,30,,1,5.02,0,0
KMRMFIZM67,F,29,,0,12.69,0,0
1WAZBK4772,M,28,,0,12.74,0,0
CT00QAC6K5,F,39,,0,1.36,0,0
QUEJZYSEKS,U,35,,0,8.79,0,0
C2Y8B88KWA,U,44,,0,,0,0
AIZ1EPU9H2,M,35,,0,3.47,0,0
140BOI5R8D,M,37,,0,11.31,0,0
NKXQ9MUUR9,U,39,,0,8.44,0,0
ARPQCI7R2A,M,26,,0,2.64,0,0
RSVPDEY808,F,29,1,0,2.01,0,1
LIDMPHXH7Z,F,29,,0,10.95,0,0
V9EBQBYAOB,F,41,,1,12.29,0,1
4XX59YTUYM,U,35,,0,3.06,0,1
K51TAGSXPE,F,25,,0,1.28,0,0
Y671HV8SF0,F,44,,0,4.45,0,0
ULXZB6KRWF,F,42,,0,10.5,0,0
F6EGVZ8DMZ,M,27,,0,7.26,0,0
D1RSL83XI1,U,25,,0,14.28,0,0
DJXMHJ33BG,F,35,,0,1.93,0,0
NQYJD1JWPT,F,30,,1,.86,0,0
63MSLVPVHR,F,40,,0,.21,1,1
9PBZKLBSRX,F,36,,0,12.14,0,0
RU9O2I2N6S,U,34,,1,2.13,0,0
9ZPJC6M2RZ,F,36,1,1,11.18,0,0
T317ZYK63Z,M,42,,0,2.65,0,0
LYNNDBGFR6,M,41,,0,9.7,0,0
R0V5O6Q61E,F,27,,0,1.81,0,1
0Z6FTNDLBZ,M,38,,0,3.62,0,0
P9Z20MSUKT,F,35,,0,2.94,0,1
HWK07BW2IC,M,29,,0,18.34,0,1
GA6ERSK5F4,U,40,,0,,0,0
R9B1RW906M,F,43,1,0,20.88,0,0
LNKIY7977T,U,41,,0,3.41,0,0
GGMCT3NOLI,F,25,,0,,0,0
U3T2DWGY3N,M,26,,0,5.3,0,0
BQ8BVDA3KO,M,27,1,0,.12,1,0
I8U3EN4TCF,F,25,,1,3.22,0,0
9CF2YIRW7W,F,30,,0,4.8,0,0
TXLS5Y3CPZ,F,29,,0,4.89,0,0
6R5SY052E4,M,38,,0,23.19,0,0
OFADKAR34R,M,27,1,0,4.52,0,1
Q3DBZAICLH,U,26,,0,3.49,0,0
CQ9K2AXC09,F,28,,0,1.7,0,1
UQOWW9H5UP,F,35,,0,4.85,0,0
WDFFLJM208,F,37,,0,10.65,0,0
URMTKQMBD0,F,37,,0,1.49,0,0
94F5XLFAXC,M,41,,0,2.01,0,1
H07IA954H5,F,25,1,0,2.14,0,0
EZ3R9ALGHP,M,35,1,0,.66,0,0
4KQBRMNLQH,M,44,,0,5.73,0,0
XTVJJ6B2UC,U,35,,0,.71,0,1
Z9P6VRBJVJ,M,33,,1,4.5,0,1
BVA56YYT63,U,33,,0,5.89,0,0
CEU1CWSEW9,M,28,,1,3.86,0,1
GUFP95JFQE,F,35,,0,29.21,0,0
H0C3ZQX8NU,F,44,,0,3.63,0,0
GS2KTLOEXJ,F,34,,0,5.05,0,0
D4GOTHYT9N,F,27,,0,.42,1,0
5X178MVOT1,U,41,,0,3.05,0,0
F7VQGIZKHA,F,37,,0,12.19,0,0
LJ36BWAATK,M,29,,0,7.02,0,0
ZLG351JDA6,M,42,,0,14.66,0,0
040Z8MIY47,M,29,,0,.58,0,0
2CUZBI2C4H,U,38,,0,13.81,0,0
74ANPC5WMH,M,26,,0,3.67,0,0
BILDMSGOXW,M,30,,0,13.58,0,0
RLB7RXAWN4,U,39,,0,4.9,0,0
9087EQTFVO,F,38,,0,4.79,0,1
L0B1LSC7KM,F,42,1,0,3.73,0,0
AFNQ4N0BXV,F,38,,1,4.64,0,0
OZDD2MMMB9,U,27,1,1,,0,1
CZ01UDCCOF,F,37,,0,8.55,0,0
SEDL2TPWXI,U,30,,0,5.31,0,0
Q3VB36RE19,F,42,,0,14.28,0,0
DGHT6VESOQ,F,37,,1,4.25,0,0
HYD5AGR7AB,U,32,,0,13.3,0,0
O9OT6J7PJ8,F,28,,0,12.64,0,1
GCA492QMMZ,F,34,,1,1.74,0,1
Z3GHSNXGBJ,F,39,,0,4.07,0,0
O80G273MKQ,U,28,,0,7.66,0,0
HOSU5Y8NXQ,M,35,,0,.21,1,0
6RWS13GTXY,F,27,,0,,0,0
4Z1UACHSH0,M,40,,1,9.92,0,0
EB4OVV1BIB,U,33,,0,11.51,0,0
TDEN702XUH,M,42,,0,,0,0
UCC2NCJWM4,M,38,,0,4.78,0,0
KSY597X0AO,U,26,,0,4.35,0,0
NAOK56ZGUU,F,29,,0,5.92,0,0
EOPK3QGYPF,F,44,,0,7.14,0,0
IW4HYUNXJ2,F,40,,0,9.08,0,0
YZ3QA0KS9K,U,25,,0,,0,0
TH8Y1FNYLV,U,30,,0,9.18,0,0
TPRIVTBNPA,F,27,1,0,6.33,0,0
67FNAKXH9N,U,40,,0,2.7,0,0
9SYBB6Q1BH,F,25,,0,1.52,0,1
013XCDD4P6,M,30,1,0,1.79,0,1
J5P8M8JFRN,U,39,,0,1.87,0,0
DJHFYGPY0Z,M,35,1,0,2.13,0,0
CPWLXK0T1Z,U,34,,0,.43,1,1
4GEWVBHIJH,U,44,,0,9.08,0,0
T6LUDQLOV1,M,35,,0,26,0,0
A15DONZ7WN,F,40,,0,,0,0
1DXHW62CGF,M,33,,0,4.44,0,0
YJB0A8TPJJ,M,30,,1,4.8,0,1
69RWQM8A1N,F,31,1,0,6.22,0,0
Y62EE0ESF2,F,37,1,0,3.93,0,1
S7IK6EQBIE,M,30,1,0,4.66,0,1
YHRRS62L8M,F,34,,0,3.26,0,0
S8YP2BDH3P,F,32,,1,1.23,0,1
NEO6MXD4V8,M,40,,0,10.54,0,0
KSUNS88NAY,F,34,,0,13.07,0,0
G3LWVWT8RH,F,25,,0,1.08,0,0
YVBCRUCDT4,F,30,,0,3.99,0,0
2HGATX083K,F,43,,0,,0,0
4S4IBQF12R,F,25,,0,9.41,0,0
D8PMGY0OVQ,M,28,,0,1.04,0,0
A01323QMRD,U,36,,0,11.14,0,0
VX12AY3U4N,F,27,,0,2.53,0,0
DB1DQKZ9AZ,F,39,,0,12.36,0,0
2FE5HQE1AL,F,29,1,0,12.69,0,1
X61MLE1B5M,M,39,1,0,1.77,0,0
2J2S6YTG10,F,26,,0,14.94,0,0
SWQE908C0Z,F,28,,0,4.83,0,0
0O9HS4HMIY,U,38,,0,13.04,0,0
FBBVSBMXNP,F,39,,1,.98,0,0
JUMHM4XIFV,M,39,,0,4.4,0,0
WSR9K8BN3T,U,39,,0,11.27,0,0
6XU1BK19I1,F,33,,0,3.72,0,0
8HRJRTV0NZ,F,35,,0,5.79,0,0
RK9J0O7F5Z,F,27,1,0,1.63,0,0
8QGFJDQW7M,F,28,,0,11.22,0,0
LJ3ZGQFFVZ,U,40,,1,.22,1,1
68GIWADJU2,M,39,,0,12.15,0,0
YFVYALAWCK,M,37,,0,9.23,0,0
2Q3LJBYMF3,F,30,1,1,11.87,0,1
3F1CCRTI1D,M,27,1,0,2.4,0,1
VZ8PBGHDHC,F,39,,0,2.08,0,0
F8H3N5ILC7,M,44,,0,4.83,0,0
GCTS1HZI12,U,42,,0,14.23,0,0
558EP3225F,U,27,,1,8.08,0,0
I349VWRFOH,F,31,,0,2.09,0,0
MBPDP2UQK9,U,35,,0,13.54,0,1
GCAR3OWD36,M,25,1,0,,0,0
CZIAJG4SCW,F,39,,0,3.55,0,0
IF97ZOIUZ8,M,44,1,0,14.88,0,0
ES8IHDVB3V,F,31,,0,1.38,0,0
ETIF02FJ3G,M,39,,0,1.16,0,0
TOGIUPXO9A,M,37,,0,,0,0
BHDMQX1OOE,U,29,,0,14.62,0,0
RX5MU2I65L,M,39,,0,3.93,0,0
13L9AX4KBV,F,31,,0,3.48,0,0
DW16HET7MB,U,33,,0,1.92,0,0
HHYTBCNUPR,M,32,,0,9.86,0,0
6YDTM1ZZ2J,F,42,,0,17.43,0,0
DA70W53LL2,U,40,,0,14,0,0
3L92A8S12X,M,38,,0,3.9,0,0
1LFGPFUG8D,M,43,,0,2.13,0,0
J5AORVZH2V,U,31,,1,2.06,0,0
RO89Z5PYIO,F,38,,1,3.08,0,0
1LCOG6XCAI,F,33,,0,1.82,0,1
FK0D75QD6E,U,26,,0,4.71,0,0
ZZYSFI9K7M,U,31,,0,3.06,0,0
35RYY4OOIW,M,27,,0,4.66,0,0
UKMI6VVVPT,M,39,,0,1.96,0,0
2HEZCTYREE,M,28,,0,4.06,0,1
5BTOF462OY,F,33,,0,1.58,0,0
BPL2PLCC9R,F,43,,0,.24,1,0
PH2RRXWCVK,F,25,,0,4.03,0,0
E2LFC23GTF,F,42,,0,4.4,0,0
0FF7FQVDO3,M,41,,0,11.9,0,0
9E1X6XC5XY,M,34,,0,3.18,0,0
GT38XDJ6VH,F,42,,0,10.51,0,0
G55GIFLWAV,U,36,,1,2.37,0,0
WBT0X9VQI6,M,35,,0,12.55,0,1
CYAPJ64ONA,F,35,,0,14.5,0,0
76RHRVY824,M,27,,0,6.7,0,0
ZAUQ0D7LBN,U,41,,1,10.83,0,0
GWX01JMJWQ,M,34,,0,13.15,0,0
ZY4JP6N8JS,U,43,,0,5.47,0,0
E7CPQEESRO,F,38,,0,.12,1,0
XV3KHUG2B2,U,33,,0,28,0,1
SZPMJIFIK2,U,40,,0,2.64,0,1
I2EFA21BZP,F,32,,0,4.61,0,0
HAC3BT8RK2,F,37,,0,8.69,0,0
RX4TBQS1Y0,F,44,,0,11.95,0,0
E7IVNE93I6,M,32,,0,21.96,0,0
VKVYFCU2AS,M,40,,0,3.41,0,0
BLBFJENZML,U,26,1,0,.79,0,0
7PBNGVW862,U,25,1,0,28.68,0,0
NXAHJYEBBW,U,39,,0,,0,0
P841A3REDZ,M,35,,1,3.45,0,0
WSQYM0SZR7,F,29,,0,3.59,0,0
2YA94ZLFSX,F,37,,0,.64,0,0
QZA5C1GZT3,F,29,,0,3.2,0,0
SO4JFEQDDV,M,31,,0,12.59,0,0
8JTJ433VHK,F,36,,0,10.1,0,0
HBAVJFKFLT,F,42,,0,3.4,0,0
Q1TD5TNTON,U,43,,0,11.06,0,0
RAP4AAK5GA,U,25,,0,2.56,0,0
NK2T0ORFGA,M,41,,1,6.65,0,0
NUDDRWY61G,U,33,,0,4.85,0,0
8L2MFPFYPW,M,39,1,0,11.73,0,1
N6J8NLLCZ3,U,29,,0,2.71,0,0
GU1Q81E75A,F,37,,0,,0,0
06AFLCE9OJ,F,35,,0,10.07,0,0
RT711G6LVJ,F,29,1,0,4,0,0
8SQ10SIZX1,F,40,,0,12.73,0,0
Y0L2WH2FXB,U,25,,1,6.8,0,0
SPNF39A7KF,F,27,,0,4.59,0,0
OI6V5G7L09,F,41,,0,2.2,0,1
YSLS0D626F,U,31,,1,4.1,0,0
0HZ0EX7ZWD,F,27,,0,,0,0
Q1FMK1IRJK,M,34,,0,3.17,0,0
DCUPNCOKYA,M,26,,0,13.75,0,0
26UHYFAH8Y,U,33,,0,2.31,0,0
TPD992T86P,M,40,,1,6.13,0,0
M6I3485YAP,F,37,,1,12.32,0,0
MCY72CD7NT,M,35,,0,2.52,0,0
HE6H0RT7KS,U,40,,0,4.92,0,0
G8ZTEXSG98,U,38,,0,4.56,0,0
V007WB5KC8,M,34,,0,1.58,0,0
I1UQ8DW8EF,M,31,,0,4.94,0,0
91TYH0E5LE,M,42,,1,,0,0
X3O7T1M9QX,M,44,,0,1.82,0,0
WHMEOSG1OX,M,31,,0,4.75,0,0
Y7WVW7W0UU,U,35,,0,8.95,0,0
OZ1IUNI9JU,M,31,,0,,0,0
2IFDX2IJ71,M,33,,0,4.92,0,0
CUU0J42ZSZ,M,30,,0,3.84,0,0
YNXL54KAUE,M,43,,0,.37,1,0
8X5DPSIBZR,F,34,,0,4.49,0,0
78HA358QZ8,U,30,1,0,14.28,0,0
TIMOXULFKN,F,32,,0,2.18,0,0
I2BK70JNP9,U,39,,0,13.94,0,0
9ZKY9HQX91,F,35,1,0,2.38,0,0
BYBYWM8DAV,M,26,,1,2.91,0,0
A88XWA5KGQ,F,30,1,0,2.54,0,0
7QDZDXJNEP,M,41,,1,4.09,0,0
V5IJBMZ7PR,M,31,,0,11.4,0,0
89A6823ZL1,M,35,,0,5.47,0,0
97I3RTV0HM,U,26,,1,7,0,0
94H99X2FA3,M,37,,0,12.73,0,0
9A5Q2K51XP,U,25,,0,.6,0,0
FGF1GEVW8X,M,37,,0,1.25,0,0
7155FFHU1C,M,28,,0,27.72,0,0
HZJ35DBHQS,F,27,,0,12.91,0,0
DD4ELT6AWC,M,25,,0,,0,0
3R3ZSC0X7T,F,41,,0,8.39,0,0
GY4NG7NYG6,M,40,,1,,0,0
GY99VJGF8U,M,31,,1,5.87,0,0
P9UP4KW0FB,M,31,,0,14.74,0,0
CMF3WZVDCK,F,36,1,0,13.53,0,0
8QDL3Z010N,F,40,,0,,0,0
NEXKLEXIF5,M,29,,0,7.28,0,0
Y0C9ZUAH6E,U,25,,0,4.76,0,0
MHSVEQHLEM,F,28,,0,14.35,0,0
4LEATC6DM2,U,28,1,0,6.42,0,1
S8MKPKRE8E,U,26,,0,3.97,0,1
2ZEMSMHAMR,M,44,1,0,11.39,0,1
HI8ETW0BEU,M,30,,0,10.11,0,0
NNLIVV73JP,M,31,,1,9.49,0,0
XWVGL6V1X0,M,40,,0,3.85,0,0
YQWXIFEKFP,F,38,,0,4.68,0,0
BKJKQQN6CR,M,33,,1,4.65,0,0
ANX78EXEE3,M,33,,0,,0,0
O3PMHI6JM0,U,43,,0,4.48,0,0
YQV6U32IMZ,F,32,,0,11,0,0
A3NX0AKSK5,U,35,,0,1.11,0,0
ZELEKJZU9M,M,35,1,0,4.64,0,0
3EMK3MS5S8,M,44,,1,5.49,0,0
C0WA6JU6K2,F,32,1,0,5.21,0,0
CUF44OC27V,F,27,,0,1.21,0,0
Z9Q00J359E,M,40,,0,2.87,0,0
QNQ62GFG20,F,27,,1,2.56,0,0
TY7EZV1FSG,M,35,,0,1.7,0,0
1QTTGYJT8P,U,36,,0,1.33,0,0
QPW4DF962D,U,37,1,0,10.76,0,1
J2LKELFID9,F,35,1,0,.58,0,0
IRAN2DXSRW,F,33,,0,4.16,0,0
RG4ZDXCEWI,U,31,1,0,.72,0,0
L6ZMTNA6ZA,F,36,1,0,13.82,0,0
TGCZ3459L2,F,32,,0,.72,0,0
W29YBYJQZM,U,26,,1,2.57,0,0
GD1CKYVKUZ,F,37,,0,4.65,0,0
HEO1J5W1AJ,F,36,,0,14.03,0,0
IYQP29J7X1,M,34,,1,,0,0
DTJ8141AFW,F,36,,0,1.28,0,0
4XELEZZGV2,F,44,,0,,0,0
2AR2UOP2VS,M,40,,0,3.58,0,0
AIZD9NYVM0,F,43,1,0,.61,0,0
369DO2TT4K,F,35,,0,1.94,0,0
E6SDT6M55J,M,33,,0,3.25,0,0
NIMJC7QD0W,F,40,,0,6.46,0,0
BGHY4DXOTI,U,39,,1,,0,0
B01WZDX2WC,U,28,1,0,,0,0
LPJ9G71S80,M,29,,0,3.56,0,1
WQ258DGNUI,U,40,,0,14.15,0,0
9GB8DH5IIS,F,37,,0,2.57,0,0
E2OOSDPFCZ,F,42,,0,9.91,0,0
TWSSNTLBP4,M,36,,1,2.02,0,1
1CAKVUUVB9,F,40,,0,2.33,0,0
1M1DKH2OAX,F,35,,0,5.17,0,0
J99D8DKPAA,M,33,,0,.47,1,0
NWR6YRIZ9Y,F,38,,1,15,0,1
IU02234SE2,F,31,,0,,0,0
8NT8SWY9JJ,F,36,,0,6.43,0,1
NGY3AFXOG3,F,40,,0,23.88,0,0
9GO8GHU05T,F,41,,0,5.04,0,0
GFVOWHRX9D,U,26,1,0,,0,1
FQTN9GCEX8,F,35,,0,.47,1,1
W7O6Y7YDWM,M,30,,1,3.91,0,0
ONMF3P6H5Y,M,37,1,0,2.31,0,0
X3LRE3CEB2,F,34,,0,4.21,0,0
IQD9HD4P04,F,41,,0,20.34,0,0
FCLR2AVWPB,M,39,1,0,4.69,0,1
PONR0WN2U7,U,34,,0,2.47,0,0
9D4LNH7SHU,F,32,,0,5.84,0,0
0NK02W13L6,M,33,,1,1.09,0,1
5VDCE3PJEH,M,26,,0,12.14,0,0
Y6RS0R3LD0,F,37,,0,8.3,0,0
M23B9VYK2U,U,31,,0,3.91,0,1
C5G2L4VCFE,U,25,,1,.29,1,0
ILT7G6C3LB,M,38,,0,12,0,0
UU9TZ6XI79,M,28,,0,2.54,0,0
2AQHU90FWL,U,35,1,0,,0,0
AWLN0BYCQB,M,36,,0,13.66,0,0
4Z2YR8XTBS,F,37,,1,13.02,0,0
D62OOJ7MY3,F,32,,0,3.96,0,0
BWSPZQUGCR,M,26,,0,,0,0
75QZWOUWE2,M,41,,0,4.02,0,0
MI3KBCN3H0,U,41,,1,12.11,0,0
4Q1SAFLHKA,F,42,,1,.6,0,0
41WLCWGPHG,F,44,,0,.68,0,0
V3SOZ99AGK,F,43,,0,3.93,0,0
V7673MFM0W,M,35,,0,6.59,0,0
AWSLGS75X6,F,44,,0,.69,0,1
T6RBRKBS23,F,39,,0,1.14,0,0
H7KARBYM02,M,37,,1,2.93,0,1
GCUKJLVTCB,M,38,,0,16.49,0,0
W6QITEGHP7,M,40,1,1,7.87,0,0
XY63WBIKYC,M,35,,1,11.33,0,0
X3D41W4P5N,M,28,1,0,10.55,0,0
MZUZ45KC5U,M,26,,0,4.32,0,1
KDIIRE0E8C,U,43,,0,9.43,0,0
5A1QCYLL7M,M,28,1,0,8.69,0,0
TX93WKCH4L,M,40,,0,9.36,0,0
A2O0LQNSPW,M,37,,0,9.77,0,0
UKWRZ4TPIE,M,32,,0,4.12,0,1
QX25KCVFO7,M,27,,0,4.44,0,0
B2HE1UM6JJ,F,40,,0,8.59,0,0
LL83AO32Z7,M,27,,0,3.51,0,0
HH0OCB9PX6,U,39,,0,11.73,0,0
B0A66SP6PR,M,43,,0,10.54,0,0
ORYST0PAMB,M,44,,0,2.76,0,0
8AL6ZZGHG7,M,36,,0,.74,0,0
TBQRAZT29A,U,41,,0,6.98,0,0
ENXR3Y2PA5,F,35,,0,7.98,0,0
HZ0DK9R7KI,M,34,,0,12.07,0,0
WOL02OT40G,M,32,,0,3.89,0,0
A67IKFL5A6,U,39,,0,.78,0,1
MZTJMRQJ8F,M,39,,0,3.48,0,1
J59JM7RQ3X,F,30,,0,9.98,0,0
QYL7I1C9ZG,M,40,1,0,.63,0,0
U3MPINW8VX,F,44,,0,4.01,0,0
2STKUNIBLO,F,42,,0,10.23,0,0
UI34FY2M4C,M,34,,0,.94,0,0
8LUDKBKEBO,U,36,,1,8.49,0,0
PFEE42ACDN,M,38,,0,11.23,0,0
JYS3VEIW4A,F,25,,0,,0,0
DFHZU7XDLU,F,39,,0,10.58,0,0
4I6E2EAM2U,M,28,,0,.99,0,0
HSK0LGIZKY,M,39,,0,8.2,0,0
ICACSF2JZ0,F,33,,0,4.5,0,0
B453LMXOQ3,M,26,,0,1.75,0,0
V3OC9B4MLH,F,30,,0,2.32,0,0
82D4EXDSXM,M,42,,0,29,0,0
4Q29RB5NII,F,36,1,0,.56,0,0
559VIXVUYS,U,41,,0,,0,0
DFW2HLBP5Y,F,29,,0,14.34,0,0
KZRYBJRZI1,M,36,,0,.92,0,1
W5ZW6AVLVL,F,37,,0,4.3,0,0
ZJ84EUN1J2,F,35,,1,9.04,0,0
QRW1JX7H7H,M,42,,0,.12,1,1
BMWU3V5UNF,F,37,,1,1.52,0,0
00DWYUZ4UY,M,40,,0,4.21,0,1
VP7W1B7KV7,U,29,,0,3.74,0,0
LG4RUOBYE8,U,34,,0,4.76,0,0
OI815I12P7,M,26,,0,23.24,0,1
J79WO5BEOZ,F,36,,0,4.15,0,0
0NQX1M8N76,U,31,,0,4.94,0,0
TAXOMKOPOW,M,33,,0,.13,1,0
I9VUCI8UEA,M,39,,0,,0,0
6NV67AE39S,M,44,,0,,0,0
IC0FXJJ9H3,F,38,1,0,3.96,0,0
DNZE21RBEW,M,37,,0,1.73,0,0
1PZ6XPFL2X,U,41,,1,5.6,0,0
755H97UVUN,F,44,,0,3.45,0,0
4LWSOZ91MO,M,27,1,0,1.35,0,1
JSYTEPLSO8,F,44,,0,16.22,0,0
MR8CSC7FEI,U,29,,0,6.99,0,0
SGPZVRT0G2,M,35,1,0,4.53,0,1
LZMNSVNUI2,M,28,,0,,0,0
DVZJRAPPXR,F,27,,0,,0,0
4YNRQS6Y21,F,31,,0,,0,0
GKREQRM7BG,F,26,,0,4.63,0,0
ENYOI3KJ9G,U,40,,1,2.61,0,0
T5415VKKCF,F,42,,1,2.92,0,0
J70C12CZOE,F,30,,0,1.53,0,0
HVUTMFGH8N,M,41,1,1,8.82,0,0
TYU790JFH7,U,32,1,0,.28,1,0
108TMG9GXQ,F,35,,0,1.66,0,1
TTYS1IJY7S,F,30,,0,,0,1
CHQY1ZIW41,M,31,,0,3.24,0,0
TRUPRKZ6DJ,F,41,,1,5.29,0,0
6U8HGBXGO0,F,31,,0,,0,0
7F2ASUID6U,M,35,,0,.16,1,0
6VVLO2GJYV,F,34,,0,12.9,0,0
IMTZLZDU2A,F,34,,0,8.35,0,0
OTVXYZHENE,F,38,,0,19.16,0,0
7S61HYO1B2,U,39,,1,14.89,0,0
HZBCVWYR0T,F,26,,0,3.53,0,0
DZETBA67ZY,F,37,,0,1.35,0,0
VCXZI7Z5WC,U,37,,0,11.24,0,0
EPV81VTF6K,F,43,,0,24.18,0,0
7P8EFQSOGQ,F,29,1,1,5.44,0,0
EPAP7I3B24,M,33,,0,3.53,0,1
SH2OXJTLX9,U,35,,0,5.61,0,0
H2DS6Q89VL,M,26,,0,4.13,0,0
BKN07QKL9R,F,30,1,0,1.83,0,0
ULHUZJRNU5,M,34,,0,4.84,0,0
0F127I5SHT,F,34,,0,.26,1,0
UV5TYAHAAL,F,39,,0,4.57,0,0
BQD7SEP6VH,F,41,,1,9.2,0,0
0MOQS6Y2ZN,M,37,,0,6.91,0,0
1OHIWZM4ML,F,43,,0,,0,0
ONX1S3RGUD,U,43,1,0,4.54,0,1
D4UHA1KYD6,U,36,,0,1.46,0,0
SL0LLRFHAW,F,33,,0,2.5,0,0
BSY7MICCW7,M,31,,0,1.79,0,0
6XFKCDYXB9,U,33,,1,12.29,0,1
JQ75G8T3NC,F,44,1,1,1.38,0,0
WL4Y5CXGOA,M,38,,0,2.14,0,0
9EF8GTKL9O,M,31,,0,3.56,0,0
GTLDHJXJ4N,M,25,,1,1.42,0,0
S4K1ORFUNN,F,36,,0,11.35,0,0
5Q0G573MAO,U,25,,0,1.76,0,0
FBH7SVX5GJ,M,43,,1,1.19,0,0
RL4O4EXWC8,F,40,,0,2.48,0,0
XSH6DTKI79,U,27,,0,1.39,0,0
0II0NJ43O6,F,43,,0,6.28,0,0
TGRBIQYY20,F,25,,0,2.07,0,0
8H1KTP8TAS,U,28,,0,12.61,0,0
TY86O6DL8J,F,40,,0,,0,0
SV0VDVFIX7,U,31,1,0,4.81,0,0
0P5TXIJSYS,F,33,1,0,,0,1
DQS6VJ92TL,F,37,,1,14.32,0,0
K4U1RU0XQQ,F,36,,0,4.12,0,0
FSU6D9NPGV,F,27,,0,2.14,0,0
OFS29WBIN6,U,31,,0,4.66,0,0
C3FP9MX208,F,26,,0,21.43,0,0
I17SUKCH0K,M,40,,0,.36,1,0
0L4GHAVY65,M,31,,0,,0,0
767OL756I7,F,31,,0,.82,0,0
PWI0M4H2VS,U,33,,0,1.13,0,0
032MFVGX98,F,28,,0,2.64,0,0
QUMWJEY62L,U,43,,0,4.45,0,0
523QEJCEV9,M,32,,0,2.29,0,0
JYRPYFXH44,M,30,,0,,0,0
5P2DWB2E1B,U,26,,0,14.34,0,0
3E7FUE179E,M,41,,0,7.56,0,0
TYL9WFCB7I,F,34,,0,1.75,0,0
NCZOPL0VYQ,M,37,,0,2.47,0,0
V7IB1IYBL3,M,44,,1,7.41,0,1
YFKCX3FWWL,F,34,,0,1.53,0,1
5NO2D5V0RU,M,41,,0,4.57,0,1
59KPEWD2Q2,M,35,,1,,0,0
PGPVWW4KUW,M,37,,0,14.65,0,0
OS7LB62D62,F,28,,0,10.34,0,0
Y35GYXB7EB,U,38,,0,12.16,0,0
7ZQDBW4NSL,U,27,,0,,0,0
R968Z93JSQ,M,32,,0,1.77,0,0
RY6EM05HX8,M,26,,0,2.65,0,0
MLX0B7BQFG,M,37,,1,2.25,0,0
KKI6WFR8X3,U,42,1,0,9.07,0,0
K6JJD84QKB,M,26,,0,29.52,0,0
UCQRVHJCCZ,F,28,1,0,4.33,0,0
OIDVVQMP6V,U,25,,0,5.56,0,0
Q6HILA67PG,M,28,,0,,0,0
5KQ43Y3ZYV,U,40,,0,,0,0
IPCGO6TSYT,F,39,,1,14.7,0,0
SURJ6LFOIE,M,33,,1,4.9,0,0
MS1RA2E7Y7,M,39,,0,4.23,0,0
5WMT6SF50P,M,25,,0,.66,0,0
36QT0VPIEK,F,30,1,0,8.95,0,0
C7N6LLBF5S,U,28,,0,,0,0
8YRA7W5Q5A,M,39,,0,14.48,0,0
I45YQ27Z5V,U,28,,1,2.28,0,0
L68J20L3VF,F,37,,0,2,0,0
RNQD4WDQ9Y,F,38,,0,16.58,0,0
G1Z968P2MH,M,26,,0,2.05,0,0
E29EDJODZ3,M,38,,0,,0,0
K6J9AJZR47,M,28,,0,27.6,0,0
ZH7OYTEICP,M,42,,0,6.16,0,0
QFF85R5ZCT,M,33,,0,1.16,0,0
227NJSZH6A,M,31,1,0,13.85,0,0
3QQ28GBI78,M,34,,0,14.72,0,0
M4071IH5MG,F,41,,0,7.21,0,0
QL5XYCV824,F,38,,0,11.93,0,0
SKNRM2J9IM,F,41,,1,12.57,0,0
EIXAZRH8H8,U,33,,0,3.37,0,0
B4EU735N3K,F,39,1,0,10.12,0,0
DUZ8SADJQI,M,26,,0,,0,0
048Z4XQM20,U,42,,0,8.19,0,0
NSHHQX08VU,M,35,,0,6.47,0,1
XGD7BARSU7,M,28,,0,3.25,0,0
J263GG7GS4,M,31,,0,2.98,0,0
18XAF1MQF4,M,28,1,1,9.09,0,1
9GFUJEHEM9,U,33,,0,.31,1,0
87IRNLHGNQ,F,43,1,0,.98,0,0
DYKKFHNQ7O,M,44,,1,7.74,0,0
8WM4Z23428,M,41,,0,1.95,0,0
XNA513PYC3,U,44,,0,7.82,0,0
773028TTB4,M,32,,0,2.55,0,0
UFD72CPQ47,M,44,,0,20.07,0,0
TCSS1ILUO7,M,25,1,0,5.09,0,0
5LLXTZAWD4,M,36,,0,.17,1,0
57UAMNYELH,M,43,,1,4.56,0,0
6ST50LT7BV,M,36,,0,.65,0,0
CJWR7DPENF,F,28,1,0,11.75,0,0
6M2TNNXQ8A,F,36,1,1,7.32,0,0
XQQERHCK9H,F,43,,0,1.81,0,0
DT4R5AVQXP,M,28,,1,3.93,0,0
ZSUW8QXNGH,M,41,,0,6.59,0,0
XLLBADMJRZ,M,32,,0,.2,1,1
SVSW8S5M5T,M,36,,0,7.57,0,0
BIWA9FEZUN,U,27,,0,1.07,0,1
PNDQ2HCP91,M,29,,1,3.52,0,0
8TQZD49YPA,F,41,1,0,11.92,0,0
S6BOZ5RKCD,F,32,,0,5.61,0,0
KSG96SBKBC,F,33,1,1,14.91,0,1
YMAWN6Q6VD,M,42,,1,4.67,0,0
278AD8MUMU,F,33,,0,,0,0
QF0R9ZU74W,F,26,,0,5.17,0,0
O9PIO48174,F,42,,0,,0,0
2SUMX7ZTCQ,F,32,,1,10.87,0,0
61EKMGVZ64,M,41,,0,7.35,0,0
M9MDPWFZFZ,U,34,,0,3.59,0,0
DCFE676PZL,U,37,,0,2.13,0,0
HII07XALZZ,U,27,,1,4.59,0,0
0A4EUK7TAM,M,43,,1,2.05,0,0
V71W2DOIA7,U,38,,0,3.1,0,0
02BJ2F9KPL,U,34,,0,13.75,0,0
E7PIDX4CAS,F,39,1,0,7.7,0,0
TO5OR3BV8N,M,44,,0,12.5,0,0
8B4DCH6NV7,F,36,,0,4.4,0,0
EUKZ7J7K69,F,26,,0,4.84,0,0
W2BRF304IM,M,27,1,0,.97,0,0
4LOBEN4G5U,U,37,,0,2.2,0,0
RA8SKXSZNW,F,25,,0,3.9,0,0
LQM6W8MNEA,F,33,,0,5.03,0,0
TOTVZFGJM7,M,36,,0,1.01,0,0
U6LC4PGG7K,U,38,1,1,.22,1,0
RUJP635UFU,F,36,,0,4,0,0
7XK24IBMEQ,F,42,,0,,0,0
ZX1PP5DAY9,U,39,,0,2.28,0,0
OASEAHMDPD,M,30,,0,9,0,0
QRFK16MI4K,F,41,,0,1.39,0,0
ZAE7GV4U25,F,35,1,0,10.1,0,0
LAZMAHK23Q,M,29,,0,,0,0
57U3GTGJUI,U,42,1,0,.91,0,0
4T8KI52AEY,U,26,,0,2.89,0,0
BZCKAPGWMI,U,28,,0,2.44,0,0
FS6RFU7WMI,M,26,,0,5.93,0,0
XS9KQHF4FA,U,30,,0,.15,1,1
QFSJOT88FM,F,44,1,0,1.64,0,0
5FZW5JVYPQ,M,27,,0,10.53,0,0
SVF8HS6O6L,M,38,,0,,0,0
7GAXUYL0YS,M,37,,0,2.68,0,0
BKQ95MSR3P,F,25,,0,13.77,0,0
6ASDV1B8S7,M,44,,1,,0,0
NLBIA27S25,U,36,,0,3.39,0,0
ANZZ4DF01K,M,40,,1,2.14,0,1
NIVMILJG4H,F,29,,0,2.64,0,0
3FIMKLI8U3,M,39,,1,10.97,0,0
YJRAUKLUM9,F,44,1,0,4.63,0,1
42E3JEMMKG,F,41,,1,4.22,0,0
UFQI8118N0,M,27,,0,4.64,0,0
ALBQVBQMC0,U,36,,0,4.77,0,0
C85SF089PX,F,44,,0,4.07,0,0
SH16KMMLP4,M,28,,0,2.14,0,0
4JMR1EUZEV,F,44,,0,13.1,0,0
AO28B4FKQ1,M,37,,0,2.26,0,0
XRUXMOWVUB,M,43,,0,.41,1,0
XQT0E2CJCL,M,25,,0,13.99,0,0
WM57066Z0A,M,28,,0,2.49,0,0
CFVRAF2ZWW,M,43,,0,11.76,0,0
JMYNFZ2NPT,M,34,,0,,0,0
V5KFGQFMDF,M,44,,1,1.95,0,0
N0ZHZW5DHI,U,40,1,0,8.85,0,0
EMOUWAC4RA,M,28,,1,4.98,0,0
JEFYYYBVRT,U,38,,0,2.04,0,1
ZA80K81WGN,F,36,,0,14.93,0,0
DMZ4Q7V7EU,F,30,1,0,5.48,0,0
INQLLBIG0T,U,30,1,0,6.31,0,0
BJWY18ZQFR,M,32,,1,2.68,0,1
JJV524U3FL,F,43,,0,5.41,0,0
P52ZRZY6W1,F,30,,1,2.19,0,0
WV69JB4Z6I,M,33,1,0,2.99,0,0
ZU0VE6ZERF,F,28,,0,,0,0
QAW7TMQ0G2,F,34,,0,3.34,0,0
02EHMCIFHS,U,30,1,0,1.93,0,0
T4WMD20WCS,M,32,,0,.48,1,0
9CF11TBA3F,F,34,1,1,.75,0,0
6Q448DVT18,M,31,,0,.26,1,1
FSQUIQY8DG,F,31,,0,9.83,0,0
TC7Q8D4Q7Z,U,30,,1,3.91,0,0
J2HF9X8NY4,M,25,,0,4.66,0,0
1NG0JUY7EI,M,37,,0,10.01,0,0
YI1IE6GXL6,M,44,,1,11.91,0,0
AUKKJ8OPE4,M,42,,0,,0,0
QCMEM2J2TS,M,27,1,0,1.4,0,1
4QTHO931X8,M,30,,0,5.37,0,0
25MMSCH49E,M,31,,0,3.96,0,0
PZXY399L5H,F,33,,0,12.47,0,0
K2SJE9CF0G,F,34,,0,1.56,0,0
22LLVZQWDX,F,40,,0,.26,1,1
YO0G5QYQ55,F,26,,1,1.52,0,0
M3JHLDX290,M,29,,0,4.98,0,0
8OEG10KJ1V,M,42,1,0,,0,0
HO9ECASJW3,U,29,,0,2.64,0,0
SEKELWAH5A,U,43,,0,8.62,0,0
G7IIMVD2YI,U,34,,0,3.09,0,0
S0DF78THPH,F,40,,0,11.89,0,0
S2RJ0FRY1R,M,41,1,0,,0,0
GO9MPQC88W,M,36,,0,1.02,0,0
84K228CW1W,M,39,1,0,,0,0
ILTZ0DC9XD,F,39,1,0,5.77,0,0
B7CMWT5QH3,U,35,,0,3.07,0,0
0MAP4INVMW,F,36,,0,,0,0
V4P6JXICE5,F,38,,0,6.65,0,0
UT9FRMHJM0,M,30,,0,8.36,0,0
ZDCD6MVOB2,U,37,,0,8.9,0,0
XDDFGN19ZW,M,25,,0,9.48,0,1
79QRT4IBMI,M,33,,0,14.49,0,0
7TM0R61Q7I,M,27,,0,13.81,0,0
ZHIJ97CYO9,U,31,,0,4.94,0,0
01GIA0B60E,M,40,,0,4.57,0,0
D2CTL5PTLK,F,38,,0,5.01,0,0
J93XFJZVDW,U,32,,0,12.1,0,0
TMN9VBGWG6,U,32,,0,4.09,0,0
NNB1P5VUWP,F,43,,0,1.92,0,0
MLNZAIBGWA,F,37,,1,.1,1,1
RL4FS6LAQK,M,38,,0,4.1,0,0
R95IC5E7AG,F,29,,0,13.68,0,0
WAC31QK9PW,M,36,1,0,18.9,0,1
74BMKMGEWO,F,25,1,0,1.95,0,1
S3IB8MHHHH,M,42,,1,24.75,0,0
LASFUIJGZ5,F,25,,0,1.07,0,0
XCZ1OJNR3S,F,31,,0,8.3,0,0
QCMGKCYV81,F,29,,0,4.89,0,0
IWTT1WEI6E,F,28,,1,2.79,0,0
VWX31Z3RV0,F,43,,0,4.59,0,0
1GD5W2AWTY,M,35,,1,.57,0,0
WCUD2MZYRS,M,27,,1,11.74,0,0
HQB9LI0UME,M,34,,0,1.57,0,0
91PE4PZIVF,F,42,,0,4.76,0,0
PW29F6SR17,M,35,1,1,1.02,0,1
FEL7OZB2HQ,F,43,,0,5.18,0,0
V3LMR0ZG0T,M,42,,0,8.27,0,1
TJUXE75K7O,M,26,1,0,2.94,0,1
03WUI9BRGZ,M,40,,0,,0,0
2BHQIL4SYA,M,29,,0,1.9,0,0
W3DQI9VLDU,F,32,,0,1.14,0,0
P63V11HEUV,F,29,1,0,4.02,0,0
JW7RYJVJJX,F,38,,1,2.44,0,0
IHONA7K1NR,F,39,,0,12.62,0,0
SGPMMIDWUF,M,33,,1,1.45,0,1
VA624F80ME,F,43,1,0,1.57,0,0
RY5IDQW5W1,U,34,,0,.73,0,0
7HHOW2LTIN,M,34,,0,7.5,0,0
WRSBC7O5WO,M,34,,0,1.51,0,0
Z88B196OWU,F,43,,0,7.7,0,0
XMYON3DVB1,F,29,,0,2.22,0,0
VJ0HRPGTKX,M,26,,0,4.78,0,0
NPTQXNTTWL,F,29,,0,.37,1,1
MCKSFW7LJS,U,26,,0,14.69,0,1
0KZRAJONAV,F,32,,0,4.41,0,0
D60D801DJ9,M,38,,1,13.55,0,0
19C2UJ56AI,F,27,,0,14.55,0,0
O09570FVEQ,U,32,,0,1.9,0,0
OJO984E5PV,F,40,,0,4.74,0,0
H53X1YGQ0C,F,41,,1,.94,0,1
8KRYZG6S8Y,F,37,,0,4.77,0,0
MY2C89A4YJ,U,41,,0,26.35,0,0
6BZHY11IUH,F,35,,0,13.18,0,0
2MVYPC4SBW,M,25,1,0,4.8,0,0
3HJ9RAW5H8,M,42,,0,6.85,0,0
JEHJVZ6VMS,U,31,,0,4.21,0,0
URGMWURU8F,U,34,1,0,.51,0,1
MS7DUWZK96,M,29,,0,,0,0
D9EA2Q90YF,F,38,1,0,7.88,0,1
QZWAV09LQA,F,34,,0,4.19,0,1
6CSID5IXO9,F,27,1,0,7.02,0,0
E7DSTFWQ1S,M,27,,0,1.85,0,0
52NYKS4XJM,U,44,,0,,0,0
5K590ESTKJ,F,34,,0,1.27,0,1
AW5FYZHGFG,F,36,,0,3.17,0,0
218JUEBY99,M,29,,0,.23,1,0
SLCO5GBCKG,U,38,1,0,2.75,0,1
UZ7483ZNYZ,M,29,,0,17.17,0,0
0MP4JMT9Y2,F,32,,0,8.18,0,0
YUS2IFWVV1,M,31,,0,1.64,0,0
MD0HGM50B1,U,37,,0,9.48,0,0
N9RCXL7I1D,M,31,1,0,4.95,0,0
RMRTF6MBRR,M,27,,0,7.25,0,0
90G2PPUHMV,M,25,1,0,,0,1
8VEF6PBPSH,M,33,,0,.88,0,1
T0QV8PQT5D,M,34,1,0,2.12,0,0
V20ZCJMRE2,F,36,,1,2.73,0,0
RY1QKTM65L,F,29,,1,3.04,0,0
4K8OCO5AET,M,43,,0,6.06,0,0
MLBRHJ4EJS,F,32,,0,.33,1,0
I7WQV20GWA,F,30,,0,,0,0
D1A9XMLW0W,M,42,,0,,0,0
WT2GN10DY6,F,38,,0,13.25,0,0
2IRXQNGCLF,F,36,,1,8.61,0,0
IC53EPFJ6C,F,33,,0,12.06,0,0
4CG5ZY7HAO,F,28,,0,1.05,0,0
TG88N6J1Y6,F,27,,0,4.68,0,0
JPOQIE41LG,M,38,,0,2.13,0,0
C4LHSAFDMD,F,30,,0,6.73,0,0
T1PHZFD9CU,U,26,1,0,,0,1
5PQ42HH5CP,F,41,1,0,,0,0
BOHSSVA5GJ,F,39,1,0,8.92,0,0
2S9N3U2VKR,F,34,,0,14.57,0,0
S5X8Z3NR7C,F,27,,0,3.6,0,0
OL5XF6KMXY,M,28,,0,9.65,0,0
UGWIKH58RA,M,28,,0,5,0,0
KB8N9NOJ4J,F,29,,0,9.55,0,0
UDYYSLCUAA,F,35,,0,3.99,0,0
0Q6MA6GDY5,F,25,,0,,0,1
OG6FZLSE21,M,25,,1,4.05,0,0
TLAUOMP63M,U,36,,0,21.21,0,0
XV8HYRZ6TZ,F,30,,0,5.42,0,0
VLO2N97CGK,F,39,,0,25.11,0,1
D234ZQY3MB,F,32,,0,2.43,0,0
YFL41AIFJX,M,31,,0,,0,0
3CSA41V97M,M,44,1,0,5.54,0,0
2I4OADWJ3H,F,36,,0,,0,0
GYJE566IZB,F,34,,0,12.83,0,0
IQLAV3NMBF,M,36,,1,11.01,0,0
0TRZ1UQ78D,M,42,,0,4.8,0,0
V40F5RL4DJ,F,35,,0,14.2,0,0
J5ST1T6OAW,U,30,1,0,5.26,0,1
KUE900PB69,M,42,,0,6.75,0,0
C874Z6ODYW,F,29,,0,17.04,0,0
7QIE20RMV3,F,25,,0,3.32,0,0
MN676JJKUB,M,36,,0,2.32,0,0
AOPV7FIQRM,M,30,,1,12.57,0,1
JK331KK3HW,M,35,,0,26.46,0,0
CHGWYFIC9C,M,42,,0,3.86,0,0
Y5NIYDENQJ,M,44,1,1,3.91,0,0
OCWMW47PBZ,M,36,,0,.96,0,0
XR35EY23VX,F,39,,0,.52,0,0
9VTC1QK3Z7,M,41,,0,8.54,0,0
YUJR2P0PL0,F,25,1,1,13.67,0,0
E0NYAMM6TJ,M,39,,0,2.07,0,0
5I4AAS8M4G,M,38,,1,.62,0,0
LNYP7LVGOT,M,30,,0,2.13,0,0
KJQPB5W6NO,M,25,,0,3.9,0,0
RGQAU21LTG,F,39,,0,9.85,0,0
OB8JMDJR85,F,40,,0,,0,0
QMTQHEMPWW,U,33,1,0,2.82,0,1
8OCR5BOP5I,U,27,,0,13.49,0,0
MIW3X4NLU9,M,34,1,0,7.67,0,0
JLF7C8JN2D,M,32,,0,.17,1,0
344B4L4XN6,M,44,,0,13.43,0,0
BHL6S9B91V,F,29,,0,4.78,0,0
9W1KHQCZXE,M,28,,0,2.12,0,0
GM8TIIV4I5,F,37,,0,1.99,0,0
CSVH3IK9IO,U,27,,0,4.68,0,0
D7YBC2Y4FJ,U,29,,0,26.32,0,0
DIJZG8HLYU,F,34,,0,14.58,0,0
17R4IHSXNX,F,27,,0,11.36,0,0
S0GORIE0P0,F,33,,0,2.21,0,1
UXLCRZQ4EQ,F,31,,0,6.55,0,0
NGY9POHEGU,F,40,1,0,3.8,0,0
SQXZRQYHUK,M,27,,0,4,0,0
OEPLK5L8RH,F,34,,0,3.89,0,0
72HMZCRLN6,F,35,,0,2.47,0,0
0L5Z5RQHYW,M,27,,0,11.07,0,0
2SMYOAUO5Q,M,37,,0,,0,1
BGLM4KWUBO,M,43,,0,.3,1,1
V6EHDU52TF,F,35,,0,3.5,0,0
ZDXFV5IL5W,M,43,,1,1.09,0,0
7DTGT6BGOE,M,29,,1,.65,0,0
9VVJIQF8L9,F,39,,0,,0,0
3FOB9X3RTF,F,42,,0,.3,1,1
DL5X548J96,F,26,,1,4.59,0,0
26L7ELUFRR,F,44,,0,2.84,0,0
SEY79PENXG,F,27,,1,6.17,0,0
D25V25LOED,M,36,,0,12.57,0,0
DCSLSIC1G1,F,34,1,1,1.9,0,0
Y0YYSFKAU6,F,44,,0,1.32,0,0
NS9217FDKE,M,34,,0,2.8,0,0
ULZFFXWOOE,U,28,,0,9.32,0,0
OROPGQBRIA,U,31,,0,3.91,0,0
GFQBXN37OP,M,41,,0,4.97,0,0
VQLPIYDD63,U,43,,0,,0,0
4HIO2V48BP,M,30,,0,,0,0
KYVE711M9Z,M,38,,1,5.08,0,0
75TC9AZSE8,F,41,,0,7.97,0,0
R89NOR1HNN,F,25,,0,8.46,0,1
58E70CQ2MX,F,35,,0,1.61,0,0
FZHOCG8MRJ,M,31,1,0,,0,0
JM0ZWLH7Z8,F,28,,0,.53,0,0
GVBN0VN4DQ,F,30,1,0,1.44,0,1
1GDI9CRS0T,U,44,1,1,2.23,0,1
OZWUM5FN0R,F,25,,0,4.22,0,0
BDYNGTDAHA,M,33,1,0,2.92,0,1
OQZQ804UGY,F,31,,0,13.52,0,0
PNZAYWSO3K,M,30,,0,5.8,0,0
6TFUEJ8VFW,F,33,,0,,0,0
T2CG1N7IOZ,F,27,,0,11.55,0,0
KQ02258AIF,M,27,,0,8.72,0,0
796UDYJUT3,F,31,,0,11.22,0,0
K76X0LX7BW,M,26,1,0,12.74,0,0
2Q279OVMFY,M,28,1,1,2.42,0,1
WPZV7DDMR5,U,26,,1,2.33,0,1
2LV3A63EKC,M,25,,0,5.84,0,0
ND0XHO132O,M,28,,0,2.88,0,0
584IG36RQR,F,26,1,0,2.14,0,1
1LRZ1BZY6Z,M,33,,1,,0,0
TVO6MRNFER,U,26,,0,9.67,0,0
A981V62M5T,M,39,,0,2.47,0,0
DFRAK4PZC4,F,30,,0,,0,0
4U0BTVHP2Q,F,40,,0,7.15,0,0
RB417IUR3R,M,25,,0,,0,0
E7Y9CDIYIP,U,33,,0,14.85,0,0
IHFHGLTT46,F,30,1,0,1.75,0,0
OH7LGKX90Q,F,43,1,0,24.99,0,0
CH672ZB8QE,F,35,1,0,14.25,0,1
3O4XDKKXOW,F,38,,0,2.76,0,0
YKN9EOXLA2,F,27,1,0,.62,0,1
YPHRG7A43J,F,25,,1,,0,0
5MFLKCGOZP,U,44,,0,10.46,0,0
V83I889XZ4,M,31,,0,,0,0
5CR0MLGLIB,M,31,,0,3.32,0,0
XBW8XJRM3C,F,40,1,0,.23,1,1
WOVT4987HB,U,30,,1,,0,0
CNZ12LE8A4,F,34,,0,,0,0
ECITAZ4FGI,M,38,,0,5.6,0,0
BXL3G8ROJQ,F,32,,0,9.63,0,0
FN3G83PE47,F,26,,0,1.44,0,0
KFMOPMTAQH,F,27,,0,3.66,0,0
9P5LUTIT6S,U,37,,0,2.34,0,1
X3BQRJKXEX,F,43,,0,11.09,0,0
ZBK7MBPWOU,U,31,,0,.66,0,0
OQ6YKO8RW8,F,27,,0,1.12,0,1
8PJI3C5104,M,32,,0,3.76,0,0
HCZ77DI8O1,U,43,,0,8.54,0,0
PYBMDW9NOY,U,34,,0,,0,0
3IM69Q41NZ,F,27,,0,13.79,0,0
E0Y82II99G,M,33,,0,2.86,0,0
M2S2OS6ALY,M,27,,0,4.58,0,0
YGMWAM3S7K,F,35,,1,2.13,0,0
C5353TXI23,M,40,,0,11.72,0,0
016V2NUKG0,U,43,,0,12.08,0,0
TSL2V2J7QP,M,32,,0,12.18,0,0
3S4B7N7JP8,M,36,,0,,0,0
7QCIFK7VHI,F,25,1,0,9.99,0,0
YY4GPGUJOO,F,35,,0,9.16,0,0
BUA5BIG3EL,F,25,,0,9.54,0,0
X6XSVCWO8W,M,32,,0,13.8,0,0
47HTZRD9R5,U,28,,1,4.9,0,0
982M5KQLM9,U,29,,0,11.28,0,0
CZTIYPCJQL,U,28,1,0,,0,0
6IN2REE68S,U,29,,0,9.4,0,0
LLOH6T4NZD,U,38,1,0,4.85,0,0
8P1VHBKQZY,M,28,,0,11.4,0,0
XAPOIWNPCI,F,41,,1,10.03,0,0
SRXQMITM0B,M,26,,0,5.61,0,1
LGGVFW067R,F,26,,0,4.07,0,0
5R0LXLJ2M9,F,37,,0,12.09,0,0
A7INC1W4RJ,F,26,,0,1.51,0,0
OQ995T2DND,F,44,,0,17.58,0,0
9ZXXR2VUQG,F,37,1,0,,0,0
SVEKAHIYPE,F,35,1,0,,0,1
49403JHZPY,F,31,,0,14.22,0,1
3TQ3TVCNLU,M,28,1,0,9.06,0,0
4N7LIH7EVW,M,41,,0,.41,1,0
ZKHUJRKRNS,U,30,,0,.46,1,0
M7RMEIP9KO,M,29,1,1,4.9,0,0
FPQ69JLI61,F,31,,0,9.81,0,0
L3GP5KZTTD,M,31,,0,3.68,0,1
T48A3EY413,M,33,,0,3.15,0,0
R8299O3NY6,F,29,1,1,11.55,0,0
LXEBBV3B5L,F,25,,0,3.68,0,0
HONVN2LWXH,M,34,,0,3.69,0,0
6C0KKLV3FT,F,25,1,0,10.3,0,0
QJBHOC8IFD,M,39,,1,.45,1,1
T1VFT51UVX,F,27,,0,3.44,0,0
7EWEJT5I0H,F,28,,1,.93,0,0
236TM6ZQ6X,F,35,,1,3.13,0,0
P17K8CTVXV,M,32,,0,3.81,0,0
F3FCE2PUXR,U,44,,0,8.8,0,0
OS37SN6VPC,U,27,,0,1.11,0,0
J4HJSU9PUO,F,41,,0,14.14,0,0
0J5H7161CI,U,36,,0,,0,1
T1A4VA6H5M,F,44,,0,4.9,0,0
6ARADGXYR1,F,42,,0,3.53,0,0
9DPRODHLP1,M,41,,0,10.85,0,0
OLUYKJWCJ8,M,26,,1,2.82,0,1
M6L603SMXW,M,43,,0,29.2,0,0
7U5J912M99,F,28,,0,9.77,0,0
Q9GO3NNZUF,M,30,,0,14.58,0,0
AHAFD2GEKS,F,36,,0,13.48,0,0
3CKQPP4YW0,F,35,,0,8.47,0,0
876JVEHO03,F,42,,0,4.35,0,0
SLDM0CUF1E,F,43,1,0,12.28,0,0
9H169X76VW,F,26,,0,1.33,0,0
TFT1HXYCGR,F,30,,0,27.89,0,0
Z9MVJ53MGV,M,35,,0,,0,0
HZ2VD49J6V,M,34,,0,3.54,0,0
XB01J3MU2L,M,26,,0,1.55,0,0
VFPA0G4IMK,F,36,,0,4.01,0,0
W53C2BX3TA,F,38,,0,4.96,0,0
1C3M4SH161,F,30,,0,.64,0,0
7R0VQ3Z5E1,M,30,1,0,.16,1,0
2X0O6SEJU7,F,30,,1,,0,0
IG98D5SWG8,M,32,,0,7.17,0,0
LM9U9ABHJL,M,37,,0,12.34,0,0
DNSGKVSKB7,M,39,,1,5.45,0,0
K45MV3ANQQ,F,37,,1,3.63,0,0
XKXCG1OKWV,M,34,1,0,14.99,0,0
G1TWQGTXE8,M,30,,1,3.73,0,0
JT7NCUKBRT,U,35,1,1,5.4,0,0
363B5A7VIY,M,33,,0,4.51,0,1
J2KYOPHDRH,F,38,,0,4.1,0,0
1K8SJN2TZU,M,27,,1,4.53,0,1
5DWNG9MPMC,M,37,,0,1.62,0,0
GY7I2GOC2J,M,25,,1,3.8,0,0
TWRE7XB306,F,44,,1,3.45,0,0
FHBEXU9ESS,M,38,,0,1.47,0,0
49SROZYA6D,U,27,1,0,,0,0
5YSKNIGFVV,U,35,1,0,13.23,0,0
1GULAKCQU7,M,40,,1,8.44,0,0
1D0WC2D5IO,M,26,,0,,0,0
B1NSJOV6CV,M,41,,1,11.35,0,0
ELL6SDXRGK,F,43,,0,1.14,0,0
1HRWZVLNNZ,F,27,,0,6.78,0,0
JXO2FF2NFY,U,36,,1,4.03,0,0
LA60UOCUVE,M,36,,0,4.84,0,0
JMTBRNBACT,M,25,,0,1.15,0,0
SY8BWFYO8M,M,36,,0,3.48,0,1
DYGFIT2VAO,U,43,,0,.83,0,0
T0YO5CZ6M7,M,36,1,0,4.53,0,0
04XRPJ8YW7,M,44,,0,3.83,0,0
OL6POTW01M,M,38,,0,14.38,0,0
WABH723RXZ,M,36,,0,4.75,0,0
6HOZ27SY7D,F,28,,0,13.51,0,0
YD4VW78WLU,M,44,,0,2.72,0,0
IRJFZKHRD7,F,43,1,0,,0,0
TSIGZLYKDA,M,39,,1,11.59,0,0
S5LPNAKCKN,M,36,,0,4.66,0,0
HHO9PF54H9,F,42,1,0,.32,1,0
VX9RDW4X05,F,29,,0,1.77,0,0
4LJBFOJ3NO,M,40,,0,11.36,0,0
F0FB2QOYM5,F,27,,0,14.23,0,0
W8YF1ZBPEK,F,34,,0,,0,0
LPW7756YBY,F,43,,0,7.23,0,0
MTOK8P53OS,F,33,1,0,4.87,0,0
5FE6ESAPSK,M,27,,0,3.64,0,1
VZBS360UST,F,41,,0,1.58,0,0
DEWFQHPX9V,M,33,,1,9.99,0,0
N7S0T6XFZM,M,35,,0,7.43,0,0
MTAF1U562J,M,43,,0,6.31,0,0
DTYRK1RDK9,M,29,,1,,0,0
32N4NTG3RK,M,38,,0,21.18,0,0
7W7ZX7OJM4,F,41,,0,26.73,0,0
FJ0XWDIO7V,F,38,,0,7.82,0,0
STCXN7Z8G6,F,41,,0,2.46,0,0
48VDG9D2P4,F,34,,0,5.93,0,0
QKH7VBN6ZH,M,26,1,0,3.74,0,0
PO0AC8X1VQ,U,42,,0,.62,0,1
FVJDD9F9Z6,U,35,,0,10.67,0,1
9NSNPB45JP,M,38,,0,,0,0
P48OHLXNNK,M,31,1,0,5.47,0,0
84H36T9QE2,F,25,,0,.98,0,0
8OSFFQI29P,M,40,,0,4.11,0,0
YCRDD1R8TC,F,44,,0,6.88,0,0
WP6549YJ3W,F,39,,0,15.74,0,0
CGVY2EKHZM,M,29,,0,1.41,0,0
KEIZ1VK47P,F,28,,0,1.88,0,0
H3QTLMBHYG,U,38,,0,1.51,0,0
9ON8NDJGTV,F,33,1,0,8.99,0,1
OZNAFMQ769,U,40,,0,4.69,0,0
F8QC6JQTY4,F,25,,1,2.1,0,1
MMBZAAUX42,F,34,,0,.45,1,0
SADY16YOUI,U,31,,0,18.63,0,0
W9KVIHYGO2,U,38,,0,14.98,0,0
X71KRYRUW2,U,30,,0,14.11,0,0
DSCP0F9J18,M,31,1,0,4.84,0,1
L3MR4UJCPG,U,29,,0,6.69,0,0
5GB5CGXZ3N,F,43,1,1,13.4,0,1
OON5MKA3EK,U,30,,1,11.71,0,0
DH79IVHLMX,M,36,,1,3.99,0,1
FQ4V5N2SOM,F,34,1,0,3.13,0,1
T7RG64K9G6,U,28,,0,,0,0
7F4NPR3VL2,M,43,,0,3.2,0,0
Y32L7ZPUZU,M,36,,0,13.16,0,0
89G3KUQNDS,M,41,,0,13.19,0,0
BPAFY4S8VK,M,25,1,1,1.7,0,1
8JD18RYZAM,F,33,1,0,14.26,0,0
7AFQF0AMKE,F,34,,0,8.31,0,0
ZCHDPR6HIZ,M,33,,0,13.9,0,0
0HIMPQPYEA,U,25,1,0,4.49,0,1
UMMHJ1MV1Q,F,40,,0,14.53,0,0
KPREWRIZIK,F,27,1,0,,0,0
0U97E5A4ZD,M,40,,0,3.38,0,0
B5C146GLB9,M,28,,0,.77,0,0
WDP663CDXP,M,37,,0,4.43,0,0
3FE5Y5VWLI,F,31,,0,,0,0
WMPSC3710V,U,26,,0,4.67,0,0
5C5VMZ3JHL,M,28,,0,14.55,0,0
0RDSKKRZ7F,U,40,,0,.2,1,0
MDK80XN6P3,F,25,,0,14.62,0,0
OBHGQ3RNPP,U,39,,0,4.24,0,0
F3BFE0AVRA,F,28,1,1,5.76,0,0
DSEJXU85N5,F,28,,0,10.96,0,0
DQ1SCECK4K,F,33,,0,1.36,0,0
YZ39LWVIR7,M,38,,0,8.56,0,0
6YFMPYE4YS,U,42,,0,12.12,0,0
YLVCCPYGHE,F,44,,0,5.19,0,0
L20WXZJRQK,M,28,,0,10.9,0,0
WS9IJ3ZBJI,U,32,,0,3.37,0,0
APWVJ2ZBW3,F,44,,0,1.54,0,0
SC8U1JBH83,M,28,,0,12.41,0,0
S91A1QTS2S,U,40,,1,9.89,0,1
O8VLKNTV33,M,35,1,0,5.08,0,0
L13FJFJTPH,M,25,1,0,,0,0
SWE0LWTRF0,U,31,,0,8.99,0,0
9Y1LEOBLZ1,U,41,,1,13.99,0,1
0ET3XSFOEI,F,43,,0,4.16,0,0
T0PO8HD1PJ,F,33,,0,9.19,0,0
XJJQSR2MNY,U,39,,0,,0,0
FPVM2I6CSJ,F,31,,0,3.81,0,1
5XNRU9PYWH,M,38,,0,5.99,0,0
RRBIZJ905Z,F,36,1,0,,0,0
SJCNB5M4F0,M,41,1,1,1.72,0,0
4RX7Y3P8U2,M,37,1,0,7.02,0,0
0PGFYFZZGW,F,41,,0,4.25,0,0
ZH7ERILFW5,M,27,,0,,0,0
2527E7VH4C,F,35,,0,2.43,0,1
NR57ICRPQ7,M,36,,0,4.86,0,0
99YC8E5S4K,F,25,,0,,0,0
CM1F14KI8C,M,29,1,0,,0,0
C1EYS7HQPF,F,27,,0,1.49,0,0
SJFN7J00MH,M,37,,0,.39,1,1
UZCVAB9ZC4,M,38,,0,17.9,0,0
0V2NQDTR5N,M,28,,0,29.65,0,0
2K75OYU65L,U,25,,0,14.11,0,1
NGVALZWQR7,U,39,,0,,0,0
CAY5OG6R9K,M,31,,1,.4,1,0
1O8IXM6SLX,U,26,1,0,11.5,0,0
XG23Z9ZR64,U,39,,0,10.37,0,0
EKZAEFAH2U,M,39,,0,2.03,0,1
W3JLVSYGIV,M,36,,0,13.84,0,0
ZC29TANLEH,M,40,1,0,13.83,0,0
36A652046Q,F,34,,0,.65,0,0
NIR4FJT26F,U,43,,1,23.22,0,1
N9ZII7BC4G,U,35,,0,12.42,0,0
EQUUIKXLPN,F,35,,0,27.45,0,0
L7XTM500EU,F,43,,0,4.86,0,1
7JDSLY2Z72,U,39,,0,29.71,0,0
P9ZA8VQ2RB,M,26,,0,2,0,0
DV13UQPA9T,U,33,,0,2.29,0,1
IBBIE4ID2L,M,43,,0,.13,1,0
65Z2AC2ZSP,M,28,,0,.74,0,0
7REJSG9443,U,26,1,0,5.81,0,0
JUP9HWHMAD,F,29,,0,7.99,0,0
E1WR3NCFH1,F,44,,0,2.01,0,0
7GIS2CGUT0,U,25,,1,3.1,0,1
GB90COJSWM,M,25,,1,3.57,0,0
R8PYHCB0DP,F,43,,0,.18,1,1
POHK8Q4AKE,M,39,,1,,0,0
UJABAQR2EP,M,36,,0,29.67,0,0
NMG7ZW6KYU,F,31,1,0,3.26,0,1
RGQJCVZTR8,F,40,,1,1.2,0,0
VBDRTPXUVG,M,37,,0,7.05,0,0
J4HZCBO1TU,M,34,,0,1.54,0,0
S0E08AE1T6,M,25,,0,1.64,0,0
FTDDCLOQI7,F,30,,1,.93,0,1
6UF8FJ6TJ9,M,29,,0,9.66,0,1
YH678UZ8AH,F,44,,0,3.31,0,0
Z13Y6MUH5P,M,31,,0,,0,0
8Y2PYUDBG9,F,40,,0,6.85,0,0
L3YP3LEXUF,F,38,,0,3.8,0,0
4MHCUB14VI,M,40,,0,.85,0,0
NQA5BVGEDE,F,42,1,0,18.87,0,0
TCCE0GQ3XY,F,35,,0,6.26,0,0
IAABN52T20,M,39,1,0,2.44,0,1
OZGJXPV53W,M,26,,0,11.74,0,0
6AM5U41EMS,F,42,,0,3.41,0,0
I1IWCHW15L,F,29,,0,,0,0
MJKQSXY6FL,U,26,,0,4.32,0,0
ZF1L5MV3CG,M,43,,0,1.54,0,0
KVYCO4CCMA,F,33,,0,,0,0
F9342N1KEG,M,32,,0,4.79,0,1
TZXK3ZZTTL,M,42,,0,5.21,0,0
PIH7RXVYSC,M,43,,0,4.12,0,0
ZNZ4WTZCTN,F,33,,1,2.62,0,0
8AVX6UCRR3,F,39,,1,3.42,0,1
XL09U9TWAW,M,36,,0,11.01,0,0
YCRLPTH2TK,M,35,,0,2.4,0,0
EC17VUGOTJ,M,39,,0,1.42,0,0
K8T2R8SLXH,M,29,,0,14.74,0,1
Q8MG1GUSY9,M,29,,0,14.9,0,0
0513WYHL4E,F,33,,0,13.31,0,0
TTQSHYTPZ0,U,26,,0,1.06,0,1
LGJXAQBTSZ,F,43,,0,2.85,0,0
5D2GU66WS1,U,33,,0,5.96,0,0
SA7M8NE8YE,F,34,,0,,0,0
SB8018LR50,F,43,,0,4.28,0,1
WIC0NYART9,F,38,,0,3.7,0,0
KHYNKRAT36,M,36,,0,1.34,0,1
Y4PD7UR5NQ,F,26,,1,12.09,0,1
ZYTRWYIIGV,M,37,1,0,3.5,0,0
KOU66FMFND,U,31,,0,.76,0,1
AMBYK65DDE,F,25,,0,.73,0,1
EFDDMGQEPZ,M,43,,0,.33,1,0
FLSYMT6D2U,M,34,,0,11.42,0,0
Q0L28EWQ66,M,37,,0,,0,0
IIKPJRTIYN,F,26,,1,,0,0
3P1PR8YE58,M,37,,0,6.68,0,0
8036ZMKPP6,U,27,,0,12.58,0,0
FG0UUYRP1B,M,41,1,0,1.69,0,0
94XYYULHO7,F,43,,1,13.27,0,0
FMYZCEXJK1,M,36,,0,,0,0
X8PAWVZTSA,F,26,,0,3.85,0,1
3EB85IZ1ZJ,M,37,,0,3.41,0,0
USAKKL25SI,M,33,,0,,0,0
NA7CO3IHUW,F,37,,0,3.49,0,0
7TF1DZD1NX,M,32,,0,3.08,0,0
EO9XGLIAAT,F,30,,0,2.32,0,0
3JFGPXYM15,M,43,,1,4.71,0,1
KC970VG85P,F,26,,1,3.28,0,0
FAWPDCE2V7,M,31,1,0,,0,1
4XHR55DZQD,M,25,,0,12.97,0,0
UQRCUNK0AC,U,32,,1,.41,1,1
IL2L18OKE1,M,26,,0,5.66,0,0
BD1NOPKQ07,U,41,,0,,0,0
790AUT01E1,F,33,,0,.6,0,0
B26858KI5S,M,39,,0,10.01,0,0
KBURVVRTUB,M,36,,0,10.01,0,0
WWNSXVOZQQ,M,30,,0,2.75,0,0
3JQOIXD8WV,F,30,,0,4.98,0,0
KPQ4V3COMP,F,35,,0,6.98,0,1
ZQ3TRT9V0U,U,42,,0,.83,0,0
9LQXM5KNX7,F,43,,0,6.19,0,0
BRRXL3OX7A,U,34,,0,4.57,0,0
KUEPPDY39F,M,34,,0,2.76,0,0
VQU6OMRY8N,M,32,,0,3.09,0,0
G8064Z028J,M,31,,0,1.06,0,1
AJA4C7572O,M,27,,0,4.97,0,0
VXSXIFJNCO,M,41,,0,13.39,0,0
4FQKJP1K5F,U,34,,0,13.94,0,0
JF20EW84HN,U,30,,0,,0,0
ZXO49289F8,F,27,,0,9.46,0,0
ZLX226W2GF,F,27,,0,13.18,0,0
NTNXM4SH34,M,33,,1,8.01,0,0
MJNGJGNWKF,M,44,,0,4.47,0,0
T9AOB0ARZM,F,34,,0,13.39,0,0
HB79ZH7JHX,F,40,,0,14.81,0,0
TXQBMIX25C,M,36,1,0,1.92,0,0
5ULH69J81E,F,25,,0,4.84,0,1
JSGUDOPNH9,M,40,,0,4.45,0,0
VCZGPOCC6X,U,31,,0,7.04,0,0
KPKYL437NO,M,28,,0,5.9,0,0
KHIBMP4JFZ,M,34,1,0,1.17,0,0
BGT7Z30G3R,F,43,,0,8.78,0,0
ZYTPB8JFZP,F,38,,0,1.24,0,0
03D86OJNKI,F,33,1,0,3.31,0,0
UGRH5JZVLL,M,42,,0,2.84,0,0
GQTEQ2ITYD,M,26,1,0,,0,0
Q1DNVTPSE1,M,32,,0,4.77,0,0
2D9NEDCYBG,F,31,,0,9.11,0,0
49I40TYZS6,F,28,,0,3.57,0,0
AFYE68PHOL,M,40,,0,29.19,0,0
KYXMM9TYO1,M,34,,0,5.67,0,1
HWNSFGB50A,F,36,,0,4.9,0,0
T23MI055BV,F,32,,0,.52,0,0
L1JGY9DGQ6,U,25,,0,4.9,0,0
LZEOQKYD2F,U,39,,0,4.16,0,0
5482SRD1E9,U,43,,0,2.65,0,0
L2XG4JN74V,M,31,,1,11.74,0,0
7AMDWIHLF6,F,43,,0,10.89,0,0
5KOZ9YED1I,M,33,,0,.26,1,0
170RQ3STOV,M,29,,0,,0,0
URDJGNWM4C,F,37,,0,7.78,0,0
G3BMEN1NXA,M,35,,1,8.55,0,0
U4Q4WA02MA,F,40,,0,1.34,0,0
0ELVZ9I4T5,F,32,1,0,8.04,0,0
TLPW9VX91C,U,33,,0,5.18,0,0
MEG4F350GU,M,26,,1,2.43,0,0
IWHODJM79Y,F,37,,0,1.29,0,0
M2FHVPGV7G,U,40,,0,1.01,0,0
0MEB84UX6J,F,39,,0,4.23,0,0
K52ZUJSLLS,M,35,,0,2.43,0,0
I3GFQ5JA3V,M,38,,0,4.18,0,0
0PGN7FLR5B,F,26,1,1,3.92,0,0
1YDE6YNBRL,U,41,,0,.44,1,0
G370XTZ8NV,U,30,,0,,0,0
31CT8HIC4N,M,41,,0,4.8,0,0
X7LXWNBJY6,U,39,1,0,10.39,0,0
YEYEWI6ASU,M,26,,0,2.49,0,1
MSEEL0PQXC,F,42,1,0,4.76,0,1
SXXFO3X8O0,F,33,1,0,9.21,0,0
OSAYRNJ7IO,F,28,,0,2.04,0,0
MSEJGITTSV,U,37,,0,4,0,0
IA56V9OYWM,M,38,1,0,2.1,0,0
ASCZ141WLN,U,38,,0,1.9,0,0
TKJZTKORU8,M,39,,1,.56,0,1
TI0QQ0O0TD,M,35,1,0,12.99,0,1
PCAADF09W8,M,32,,0,13.55,0,0
RC9T87V7SH,F,38,,0,3.58,0,1
Q5COT6LFXT,U,26,,0,3.2,0,0
FG5XQAJ8DA,F,34,,1,.8,0,0
YRIOQXKVH4,M,35,,0,7.05,0,0
FIKH8B5GQE,M,34,,0,6.93,0,0
7WWHVI9ZAV,U,44,,0,16.98,0,0
86OVR55J4V,M,34,,0,1.14,0,0
2UAXCTY0LG,F,43,,0,,0,0
NQ7EUVM70T,U,41,,0,3.01,0,0
EPGML0BERE,M,34,,1,9.92,0,0
OI7JOP9HTQ,F,28,,0,11.91,0,0
CUKT8NNTYD,M,33,,0,5.15,0,1
TTK7Z953YQ,F,25,,0,.26,1,0
2K504WFGI2,F,41,,0,4.06,0,1
P0WMUG38IV,F,43,,0,4.94,0,0
FBF00XZULL,U,35,,0,.14,1,0
I3T19W0EBW,M,33,,0,,0,0
O3EU4DO0A8,M,38,1,0,4.39,0,1
JZ8XK90JWN,U,33,,0,2.33,0,0
ZSL1D2Q0DY,F,40,,0,2.51,0,1
R8EHN5NC92,M,33,,0,2.42,0,1
IX1769W84U,M,43,,0,12.13,0,0
RSTSRZBMIV,F,43,,0,.65,0,0
MXGODO1HZ3,M,44,,0,8.13,0,0
TEIB8UOGFS,U,29,1,0,1.58,0,1
PVVV9JSGTS,F,39,,0,,0,0
00LV88JRS5,M,31,,1,5.12,0,1
PMA04Q4IWY,M,37,,0,10.91,0,0
03L69OEUC3,F,27,,0,3.25,0,0
3S4I3N6N0M,M,26,,1,4.11,0,1
DTTR7VVCKS,F,38,,0,1.27,0,0
WWCFFLXVGL,U,40,,0,1.3,0,0
HZEP7MSOOL,F,42,,1,3.93,0,0
O7TPKI1T2Z,M,31,1,0,11.31,0,0
G0DYY8EU4K,M,26,,0,.34,1,0
I5UWRHHHWJ,U,31,,0,.78,0,1
XFTP23UD3I,M,39,,0,2.51,0,0
GVAVTPCLD1,M,36,,0,8.84,0,0
29X1U391DV,M,29,,0,4.74,0,0
M7NR7TKUBC,F,31,,0,5.96,0,0
UEDGX2SV7L,U,30,,0,7.76,0,0
46NDA3LDYQ,M,37,,0,,0,0
W4H31ER4IE,M,44,,0,9.74,0,0
2Q3OCFZDDJ,M,35,1,1,,0,0
PJFG0TGQKH,F,38,,1,3.88,0,0
NKFCQG75IO,M,32,1,0,1.13,0,0
PMF6X5EE6Q,M,43,1,1,.66,0,1
MYB6KWGB3Z,M,30,,0,3.35,0,0
U7QBKV64GC,U,39,1,0,5.36,0,0
3CS4K6DA8W,F,33,,0,2.6,0,0
8CL73ETOK4,M,26,,0,.87,0,0
SB6K6FW0ZG,M,43,,0,8.75,0,0
MAXHZQPXD7,F,37,,0,3.06,0,1
YBWT7WC5N2,M,33,1,0,3.23,0,1
8DSU8CVMLE,F,41,,0,.45,1,0
VLB6GFEMBV,F,43,,1,4.16,0,1
W5O3XW6Y95,F,27,1,0,3.99,0,0
Q63AQK09YM,F,31,,0,6.44,0,0
2MGHTO7SUQ,U,42,,0,9.57,0,0
C45NNCHMTX,M,36,,0,,0,0
T581UCQRB8,M,36,1,0,6.4,0,0
SICI1XHYJK,F,33,,0,.55,0,0
7ZC4TR8P81,F,43,,0,3.25,0,0
VLZ1W6FKGJ,F,30,,0,1.98,0,0
NU7Y2USF8R,F,32,,0,5.42,0,0
ZXSDTWRFLP,M,37,1,0,1.57,0,1
8A81P8568F,U,25,1,1,,0,0
O5CHWCJG4Y,M,37,,0,.53,0,0
S29MXEX142,F,43,,0,3.03,0,0
4706O9Z8T6,F,35,,0,4.7,0,0
XT5HRTVOJ1,M,40,,0,,0,0
RSGJFDWJ6E,M,43,,0,20.07,0,0
5XVVZ3K147,F,31,,0,8.35,0,0
QJUMS44KVO,F,37,,0,,0,0
70ZWG5ROFN,F,25,,0,.11,1,0
40LZG1DGUV,F,38,,0,6.18,0,0
V8RV0PMR3H,U,25,,0,13.18,0,0
5AGT9DC31J,M,32,,0,17.79,0,0
5649JACR2A,F,28,,1,13.3,0,0
5P4C5N3NGV,F,39,,0,3.14,0,0
WFHFY3ZU5T,U,30,,0,1.82,0,0
EPORDPN4OV,F,41,,0,9.76,0,0
2U58BKGAG6,M,58,,0,14.7,0,0
9TDRO7PGTF,F,56,,0,.71,0,0
WVYLOFCY9C,F,54,,0,1.44,0,0
6ITDWT9FMU,M,45,,0,3.95,0,1
JQHFEMUL51,M,62,,0,14.6,0,0
2Q51X3K1AR,F,54,,1,,0,0
AWH7PALBEE,M,53,,0,5.51,0,0
2CL6MJ2XH7,M,52,,1,2.66,0,0
1H9GIJDIYU,M,53,,1,9.25,0,0
XGQBJ1S7IB,M,49,,0,2.22,0,0
FBYXY45V3U,F,51,,0,13.1,0,0
6P500FB9WY,U,62,,1,13.97,0,0
U4BP5VIYZE,U,47,,1,,0,0
GW0U84SJE0,F,57,,0,7.64,0,0
FBY2B44SN8,M,45,,0,.96,0,0
TJPLEDKU67,U,51,,0,1.54,0,0
PQ4G1FP26K,F,52,,0,23.72,0,0
YA82DBGD8V,M,47,,0,19.34,0,0
9DYB563JEP,M,47,,1,1.54,0,0
NG6NEHML26,M,55,,0,1.6,0,0
YJ2TSXGNX8,M,50,,0,10.71,0,0
D4LQEKFCPA,F,61,1,0,13.61,0,0
X3NMLTKX3Z,F,48,,1,.62,0,0
SSDGQAMATA,F,56,,0,14.7,0,1
PPQVI52F0G,U,58,1,1,1.44,0,0
T5HGTMTURT,U,57,,0,4.03,0,0
PID98N489X,M,51,,0,.87,0,0
K03XXQDOW1,M,55,,0,2.27,0,0
4LDHDQX02Z,M,46,,0,5,0,0
YGS9TRVCL2,M,51,1,0,1.64,0,0
TMZM4UIAG2,M,50,,1,2.78,0,0
XBEZJJYPAM,F,47,1,0,1.44,0,1
IJ2VRSFZII,M,46,,0,3.1,0,1
CCHV1GIR28,M,61,,1,,0,0
W75NSRWNAB,M,53,1,1,4.05,0,0
84Y94AD2PQ,U,56,,0,,0,0
3VIJYVFR2A,M,50,,0,.52,0,1
9BZPJHW7VG,F,54,,0,7.69,0,0
FRA9DGOHP3,U,63,,0,1.61,0,1
4384RYFMKM,M,50,,0,9.88,0,0
6PDBGEM84B,F,56,,0,1.39,0,1
YZH02OZ7CB,M,49,,0,14.67,0,0
P8YP1L4V9Z,M,53,,0,2.44,0,0
PKBBTHP67T,U,50,,0,,0,1
LHB8NBSGOK,F,61,,0,9.28,0,0
SKGZ07LRW3,M,61,,0,.73,0,1
YB5UXQXAU1,F,58,,0,.21,1,0
905EJH8L7G,U,53,,0,,0,0
Q0GHAP2PJN,F,52,,1,.91,0,0
7XDNFT41G3,M,51,,0,1.52,0,0
1GT1OZFCLK,U,54,1,0,13.56,0,0
YGDHCA4QCN,U,64,,0,5.67,0,1
7RYNBUF3OC,U,63,,0,1.78,0,0
0Y9XQ7M651,F,50,1,0,,0,0
LRHB3UXYJ4,F,46,,0,1.45,0,0
K99NJ3H9EN,F,46,,0,5.57,0,0
3PYCCL6N6K,F,53,,1,1.15,0,1
9SB70QT4RO,M,55,,0,2.25,0,0
YJFHXN2B9B,M,55,,0,2.57,0,0
NPVWN9K9ST,M,61,,0,19.78,0,0
29GSMYITQ1,M,51,1,0,5.63,0,0
B79A5PQGAS,M,54,,0,2.77,0,0
AV12D3ASJD,F,55,,0,6.9,0,0
3KXHZZYX2Y,M,62,,0,2.56,0,0
A372FIUQNP,F,61,,1,6.86,0,0
X7MVNWEU96,F,45,,0,3.72,0,0
TB6LG7FKGD,U,48,,0,11.06,0,0
Y816RQRWIR,U,56,,0,1.33,0,0
C3AX48WHP5,U,57,,0,21.38,0,0
DXM5TGFBYV,U,59,,0,5.7,0,0
J1TGU0ST25,M,62,,0,2.48,0,0
EF1B1AOAX3,M,56,,0,,0,0
MA4U2YJVOG,M,51,,0,1.61,0,0
UGXYO16A4R,F,56,,1,11.17,0,1
6AWQSSOMET,M,64,,0,13.46,0,0
8H5Q39UCBB,F,62,1,0,.43,1,0
QPOMCO0LHI,F,56,,0,,0,0
S02Q48L7SO,M,56,,1,,0,0
N27JIGT3SZ,M,46,,1,1.52,0,1
32BSLWTTD5,U,53,,0,,0,0
V3W6SDG9TA,M,48,,0,,0,0
ZUTXUM8A4S,M,63,1,0,,0,1
AELK0VO5WL,U,64,,0,11.56,0,0
M0GJVWXVOI,F,53,,0,13.47,0,0
HWY8SL946W,U,51,,0,,0,0
VA5YEOJXQC,M,48,,0,4.85,0,0
FR3SWX171H,U,49,,1,6.13,0,0
O60O1KKESU,M,56,1,0,,0,0
KYLLUD3Z4E,U,47,,0,.42,1,1
44OB5XD510,M,57,,0,13.33,0,0
QJD4SEARXP,F,63,1,0,4.06,0,0
WRK8GYSB3R,F,61,,0,1.36,0,1
IOH8SCJ1W6,U,54,,0,2.29,0,0
EATOLPKHGB,M,46,,0,1.76,0,0
W20YMBH89N,U,47,,0,5.81,0,0
EZ7Z9CJFG0,F,50,,0,4.32,0,1
026QICD6ZN,F,56,1,1,,0,0
QTDFEMKCW1,F,54,,0,3.62,0,1
QELE9RQ9OF,U,50,,0,10.73,0,0
9XC5K1YLZ9,M,62,,0,1.69,0,0
ER2L9768N0,M,49,1,1,2.19,0,0
8P3VZNANHQ,M,53,,0,21.38,0,1
YCDOHOKFNG,M,50,,0,6.44,0,0
YRR4Q184F2,M,62,,0,11.65,0,0
5N3MV2CCWZ,U,62,,0,4.84,0,0
BP6V6MLSLG,F,64,,0,,0,0
EXAJKHM9RC,U,50,1,0,3.07,0,0
ESN5QJAA3X,M,47,,0,4.84,0,0
DLBR4ALDKW,U,57,,0,11.21,0,0
T61B85RFBD,U,56,,0,4.53,0,0
FBPKOUCL4D,U,58,,1,,0,0
L6P8IEPS4P,U,64,,0,.3,1,0
DDAH316GUE,F,59,,0,10.91,0,0
TA1MH01SCU,U,54,,0,,0,0
UDFZTBEDOG,F,59,1,0,,0,0
DYHY8WNMHJ,F,52,,0,27.27,0,0
DY9B93XQC4,U,59,,0,9.35,0,0
DRGNZRV06B,M,64,,0,2.9,0,1
C7Z796S674,F,53,1,0,18.36,0,1
GRD417OYW5,U,53,,0,4.36,0,0
9HGZ39GERB,F,46,,0,,0,0
P9KMQG2069,F,50,,0,12.41,0,0
F3XVMO7U6W,U,46,,0,.12,1,0
3VM73R36YM,U,56,1,0,,0,0
9U827SXTZU,F,52,1,0,1.59,0,1
RSGGDZPKO4,F,63,1,1,2.34,0,1
2I3MRHRBWP,M,52,,0,.5,1,1
MDA6RC19F1,U,59,,1,4.75,0,1
BEGUSIPS0J,M,59,,0,1.64,0,0
78ND9FC17A,F,59,,0,2.71,0,0
SM94JCZ7MP,F,53,,0,7.33,0,0
VC4BJ02PHK,F,54,,0,9.64,0,0
P3WKULH52T,M,52,,0,14.14,0,0
HWUK0Z3Z3S,M,52,,0,.57,0,0
38N8VQT754,F,63,,1,4.79,0,0
NI2SNO1ZKF,F,57,,0,2.8,0,0
MRDRN8BL61,M,48,,0,11.09,0,0
8V8TM7X0C9,F,57,,0,2.01,0,0
6TBE81CK9C,M,55,,0,15.63,0,0
OXFCWZX8DU,M,62,,0,2.9,0,0
VLBMR58QDA,F,53,,1,8.73,0,0
J2MFJJNPPD,F,52,,0,1.18,0,0
UV6GP5QOVE,U,50,,1,.82,0,1
E4CHSKDKDB,U,63,,0,12.46,0,0
VE43O86NG8,M,58,,0,6.01,0,0
3QLYEIKN2F,M,54,,1,2.21,0,1
I3LSMBVH9B,F,49,,0,4.48,0,0
J8CZBQFFLS,F,58,,1,3.21,0,0
78S076GJXV,U,48,,1,3.45,0,0
9AMAK0CE60,F,61,,0,1.96,0,0
ZD8FMRETAJ,F,50,1,0,2.36,0,1
Z9FH5IJ2O2,F,57,,0,3.26,0,0
1F9MOEPD2E,M,46,,0,3.44,0,0
5E5YSMS1AK,F,48,1,1,4.07,0,1
XUBF8E3AW5,F,63,,1,3.64,0,1
FHTES4784H,M,57,1,0,4.27,0,1
DYT5MCPDFS,F,47,,0,12.88,0,0
VO1DRLM9QP,U,62,,0,8.72,0,0
3LHQWJW270,M,55,,0,1.53,0,0
U04WBGGKND,F,57,,0,4.97,0,0
EJER6A54ZE,M,57,,1,3.84,0,1
3EJFECFL04,M,63,,0,13.05,0,0
5VC6FTH6XW,U,45,,0,8.83,0,0
B864GLORHO,F,55,,0,13.16,0,0
NS1CSTB2F3,F,57,,0,4.57,0,0
LFSFCX4VWZ,M,64,,0,15.47,0,0
WEDU54MYEI,M,47,,1,4.54,0,0
XAX80CCSLX,M,61,,0,7.99,0,0
RSEJ59E35Q,M,47,,1,6.55,0,0
9RCZ1GBM43,F,61,1,0,15.59,0,0
IPIB3KQMX5,F,47,,0,26.51,0,0
E7BBEA3HOV,M,45,,0,3,0,1
R962M9XIKR,F,51,,0,1.77,0,0
RYF75R2J2W,F,49,,0,1.5,0,0
JJXULCV9XQ,M,63,,0,1.17,0,1
4C0XZHHD27,U,62,,0,.49,1,1
SZK803RUPW,U,48,1,0,6.89,0,0
PAD5GFHEH0,F,53,,0,,0,0
Q5GPGPFVT6,U,53,,0,5.62,0,0
SANL5DWP2M,M,64,,0,10.23,0,0
T68K5GM4Q9,M,48,,0,4.03,0,0
A7D6ME5P6E,U,62,,0,11.74,0,0
ED4KC0D66X,F,55,,1,12.05,0,1
GNOW4UUVAJ,M,45,,0,6.13,0,0
472HGQG2WK,U,45,,0,,0,0
ZF0EP15LFZ,M,54,,0,,0,0
LBSL5SWZLX,M,62,,0,,0,0
4VT65LNSB4,U,51,,0,7.79,0,0
BDW7T9O1G9,F,45,1,0,21.07,0,0
0M74ZISGYX,M,49,,0,11.63,0,0
UKN2AFDSZF,M,49,,0,1.33,0,0
YN25NK8WXP,F,45,,0,4.6,0,0
9BQ2Z1NUYP,U,54,,1,7.2,0,0
5DF36S8I68,M,48,,0,3.77,0,0
YPFNQE19L8,M,48,,0,,0,0
TOS21NW18R,M,63,,0,14.47,0,0
8TFSHTB2IQ,F,45,,0,8.9,0,0
0N3CDRLCMI,M,55,,0,3.22,0,1
527YFIQYW6,M,54,,0,5.8,0,0
5MPMAM1LSU,M,51,,0,2.57,0,0
26Z1F4MKDO,F,55,,0,2,0,0
JNP0ENG5RP,M,49,,1,12.74,0,0
0OOD18LJD8,M,60,,1,8.7,0,0
T9WU6P7XN2,U,57,,1,1.23,0,0
29GM3Z3HL5,F,62,,0,11.07,0,0
4X0FM2J65Q,U,53,,0,10.3,0,0
U3NDB8GWAZ,F,46,,0,1.17,0,1
2LPU31BEJS,F,50,,0,6.75,0,0
Y4SX74N4IR,M,54,,0,8.66,0,0
V3TNHQ1GMX,F,45,1,0,3.83,0,0
MEB1F87A5I,U,61,,1,,0,0
OXG9PE9FMZ,U,63,1,0,2.94,0,0
LEC1X59SD1,F,47,,0,13.34,0,0
9UGT575V1G,F,57,,0,3.39,0,0
P5L2YB4QG6,U,57,1,0,.99,0,1
ZH4LOO4LNX,M,59,1,0,4.65,0,1
WGAAUVRSDA,U,63,,0,8.83,0,0
BR980BU9BK,U,45,,0,10.62,0,0
LWJVFVA37N,F,60,,0,2.72,0,0
L51SDWJ5U4,U,58,,0,4.17,0,0
2KSO85QKYN,U,61,,0,7.83,0,0
BJRLMLWMWB,U,55,,0,.63,0,0
P5ONSHDRMC,U,52,,0,13.47,0,0
4V6W4UGSDQ,M,60,1,1,14.4,0,0
S4H6LNAKSV,M,57,,0,5.07,0,0
U8H78P2PPK,U,60,1,0,,0,0
A56WZGWB5H,M,45,,0,23,0,1
6IU7VQ23N6,M,63,,0,5.17,0,0
VKZG2AXYSD,M,58,,1,.25,1,0
BAK4RPX5R5,M,54,,0,,0,0
EKIKBRWR15,F,52,,0,11.35,0,0
YYI4K4L36I,M,64,,0,9.51,0,0
3LYPLF72CN,M,62,,0,25.67,0,0
HRWKFDQCD4,F,60,,0,10.45,0,0
1RDLDPD1F3,F,53,,0,2.96,0,0
C65G2RFOFX,U,59,,0,7.46,0,0
B4TXEFDKDV,M,45,,0,7.43,0,0
Y2ND8I8L9P,F,63,,0,5.09,0,0
Y131I2E61E,U,45,,0,1.62,0,0
UVKRM6PEEV,U,55,,0,12.93,0,0
ZFCCJ2SSWZ,M,45,,1,7.3,0,0
4WPTEF1A4D,M,45,,0,2.89,0,0
S1Q4AFFTZK,F,48,,0,12.82,0,0
UWJ5RTGCWS,U,50,,0,3.29,0,0
6VYR0RY6MM,F,63,,0,1.85,0,0
57R93D1OZS,F,48,,1,3.52,0,0
Y64GGFPMLX,M,45,,0,10.4,0,0
L1MBYKX1YT,M,52,,0,5.77,0,0
83M21R3BVZ,F,49,,0,3.03,0,0
N09ZXXKU6W,F,53,,0,5.04,0,0
9V5HOCOLSF,F,63,,0,1.72,0,0
5DLQEWQJLK,U,50,1,1,9.65,0,1
QKK6485UQE,M,46,1,0,9.15,0,0
HY510J2W87,F,53,,0,4.88,0,0
GJDFBII3JA,M,64,,0,5.08,0,0
QMP83WBU4J,F,51,,0,2.92,0,1
4N3ERFAP2V,F,61,,1,3.5,0,1
0M4ZPHLLXE,F,52,,0,13.86,0,0
JD2XCHQRPT,M,59,,0,24.01,0,1
SYTBLD7CE3,F,59,,0,24.01,0,0
FYY7IM628P,M,46,1,0,.95,0,0
3OIDRYFB48,U,53,,0,10.83,0,0
J4JWS2R20A,F,57,,0,4.11,0,0
BEPGGXB826,F,60,1,0,11.02,0,0
AB92HBON1C,M,55,,0,2.02,0,0
6OKCJ15ICU,F,50,1,0,1.72,0,0
RE5JXGNOSZ,F,49,,0,2.97,0,0
T1X06LT2J6,F,50,,0,4.9,0,1
UBLP9AVODZ,F,60,,0,17.64,0,0
8L6SHT7MNR,M,48,,0,3.81,0,0
IXCN43O2M0,F,51,,0,3.07,0,0
R5H0ZG7U6S,M,57,,0,14.13,0,0
LDK6OEBZNH,F,59,,0,5.04,0,0
0XE7JWF3LF,M,57,,1,9.03,0,1
62NSMLB089,F,50,,0,4.78,0,0
98C0VOOTIJ,F,63,1,0,6.23,0,0
FMVPZ002NJ,M,45,,0,4.13,0,0
027MWAJSPV,M,49,,0,1.46,0,0
65HME6XON6,F,55,1,0,1.74,0,0
O9J3F9YJ35,M,46,,0,18.88,0,0
IOKWKXGP1Y,F,49,,1,14.9,0,1
IG81EDMFAW,M,56,1,0,2.55,0,0
4FX54JNW97,U,62,,0,1.36,0,0
LV0X7GBSF1,M,61,,0,12.06,0,0
FJRW3CAMEK,M,47,,0,6.96,0,0
4HME0GXC7X,U,51,,0,1.11,0,0
XK5O1G9CT0,M,55,,1,8.36,0,1
1CX5FBL7V7,U,51,,0,,0,0
AJ95JDFEJE,M,62,,0,3.34,0,0
O09SKCJAII,M,55,,0,24.47,0,0
VARGO1QKYV,M,61,,0,1.64,0,0
VZPWA3710P,M,47,,0,9.36,0,0
7M9K0S2TGU,M,57,,0,3.25,0,0
BKNGL8K9OX,F,49,,0,3.34,0,0
VH757D7LFW,U,53,,0,10.85,0,0
K6T8DIY512,F,55,,0,16.5,0,0
5YLU1CIL3O,F,46,,0,1.31,0,0
U6IR1B2403,F,47,,0,1.46,0,0
FCK5H859K2,U,64,,0,,0,0
K56E84U9P5,M,55,,0,9.71,0,0
OWINC83N68,U,55,,0,12.98,0,0
ALUKLJ14WQ,M,58,,0,,0,0
90GIBREIS5,U,63,,0,2.55,0,1
PBU3EP1BSP,F,62,,0,14.36,0,0
RU65IWFADT,M,45,1,0,14.8,0,0
PT22DNMIU8,M,48,,1,4.19,0,0
SUALO03DFW,M,55,,0,2.62,0,0
0XU2VSDQ9R,F,51,,0,2.09,0,0
DZLLSVQR70,F,56,,1,11.7,0,0
2X7EHURZCC,M,61,,0,3.46,0,1
EWLWZYWHWX,M,62,,0,12.43,0,0
48U11F4GUN,M,62,,0,5.71,0,0
YEZL6OP0D8,M,49,,0,14.49,0,0
2PTIQZ3RAG,F,58,,0,.47,1,0
Y48J09G9RU,F,59,,0,6.07,0,0
UNS5DVWR0E,M,53,,0,9.04,0,0
U855I3JZVM,M,47,,1,4.4,0,1
FHQA12DJ19,M,54,,0,,0,0
WH7XJD584V,M,61,,0,9.19,0,0
9QI7GQY9S2,U,62,,0,8.66,0,0
93KWZA0QK7,M,53,,0,4.97,0,0
1GGM65M4KI,M,46,,0,4.24,0,0
TRC4Z6WRS8,M,58,,0,,0,0
V3WTDYY79A,F,60,,0,4.94,0,0
KBGE5OC16P,U,60,1,0,14.37,0,0
XCHFZK2YXB,M,55,,0,2.38,0,0
RYZNV563SB,M,62,,0,2.3,0,0
79TPAU2XT9,M,52,,1,2.7,0,0
8CLU5BVHRI,U,58,,0,1.77,0,0
HI5P4GUSGY,F,63,,0,2.03,0,1
JCD73F61LB,U,63,1,0,,0,0
NFERWR0G2N,M,52,,0,8.63,0,1
ZPWAEOL0LH,U,63,,0,5.54,0,0
E5V2MV0Z4B,M,48,,0,1.04,0,0
QS8I7143CT,F,50,1,0,,0,0
36EV4JL3QZ,M,50,,0,3.06,0,0
UM5RL4I4JH,M,46,,1,3.32,0,1
PB9QOD33H3,F,50,,0,4.92,0,1
41EFPTJJ42,F,55,,0,,0,0
FH40EF9SFQ,F,49,,0,.16,1,0
IIHT9EKGVT,U,45,,0,.99,0,0
IQYR11O7M6,F,60,,0,9.09,0,0
JVATPRW6O9,M,51,,0,8.08,0,0
TJSRUQC784,F,61,,0,14.46,0,0
RZMIQ3Y1Y3,F,51,,0,3.38,0,0
CO5KQR5R89,M,60,,0,4.24,0,0
OBRSS1RVHQ,F,59,1,0,10.74,0,0
OQLROHWMNF,F,61,,0,,0,1
16S5JQBCKD,F,51,,0,6.53,0,0
4HH1CWPOZZ,U,53,,1,4.5,0,0
9NYZWQZMNS,M,57,,0,11.02,0,0
2REY9QYK2C,U,56,,0,1.6,0,0
EOT5RACZ7A,M,55,,0,2.16,0,0
TUL2LH37LT,U,51,1,0,,0,0
QOF2NV4VJK,M,58,,1,29.91,0,0
XCCPTCPASK,M,53,,0,4.22,0,0
GF8IUAT2MW,M,45,,0,2.23,0,0
QDROEWBHH1,M,63,,0,1.41,0,0
N3PB79WM0I,F,49,,0,1.34,0,0
3W3DJEUYYF,F,60,,0,14.01,0,0
6HLFRUV66Z,M,61,,0,2.5,0,0
6MA6OINSYL,U,63,,0,3.8,0,0
N0QXZ6JS2L,U,47,,0,3.7,0,0
2TGSQLKAH8,F,51,,0,6.46,0,0
MTESSY1ZBU,M,52,,0,11.85,0,0
P1VMEDOGX0,F,47,,1,,0,0
CTK4R5LI1M,F,50,1,1,4.77,0,0
0AFYBA6WFW,M,59,,0,,0,0
JWD0LKE62N,F,47,,0,1.36,0,0
P1BX5W6YF9,F,57,,0,12.23,0,0
YX2NNN9D9E,M,46,,1,11.42,0,0
LS8D32EWVQ,F,52,,0,11.47,0,0
BLESIOS10R,U,55,1,0,3.14,0,1
VADNIBCNNA,U,58,,0,1.99,0,0
237IKOASPH,F,49,,0,13.91,0,0
RW8OHZQR2O,F,53,,0,8.23,0,0
UHZROEMUIS,F,57,,0,,0,0
8LBETAHEXY,M,52,,1,3.84,0,1
CT4LHM1EXX,M,64,,0,1.11,0,0
0Q71210DWV,U,45,,0,3.27,0,0
ZELYSV1O91,U,47,,0,14.07,0,0
4IJ8J9618L,U,49,,0,19.97,0,0
ECTF32WCYP,M,64,,0,10.47,0,0
DVNJCVI934,F,63,,0,6.65,0,0
T2IR6V2KC7,M,53,,0,29.36,0,0
5BBZIFB2MS,M,62,,0,12.01,0,0
SLYDO2JR6Q,M,63,,0,4.75,0,1
R4EY30UTF1,U,57,,0,14.59,0,0
97FAL22C5B,U,58,,0,24.77,0,0
66B0TJCQNT,M,47,,0,7.36,0,0
521IBRVMV2,M,63,,0,1.43,0,0
OA5WUQOLKC,U,64,,0,15.76,0,0
6ZRB14HL6P,F,59,,1,.94,0,0
5I2FW77W45,U,63,,0,9.45,0,0
6TL931GBQT,F,63,,1,4.25,0,0
6W3EON0O02,M,52,,0,4.84,0,1
8EML6FC7FK,M,47,,0,,0,0
762Z364M8J,F,58,,1,5.51,0,0
W3O6C8JLTG,F,61,,0,8.51,0,0
SLQ0BNOAVX,M,63,1,1,4.01,0,0
G5580Z1AE6,F,51,,0,1.21,0,0
CY0KLPVFSU,M,59,,1,4.22,0,1
PYKTIPRZGJ,M,55,,0,14.43,0,0
0UBCFWWW6I,M,51,,0,1.15,0,0
R0RAQ1ZAMD,M,61,,0,4.44,0,0
DB0JBTXSG9,F,57,,0,1.24,0,0
9NN96NU9YZ,U,55,,1,5.09,0,0
FCOSOWRH9R,M,48,,0,10.39,0,0
VC5FN9S92W,F,45,,0,13.59,0,0
TRVFGLYWLH,F,61,,0,1.45,0,1
OL7E9AQRQ8,F,47,,0,.39,1,0
I733QVPED4,M,61,,0,12.68,0,0
IRXNYV1I05,M,46,1,0,4.18,0,1
ZEB7E36MBA,M,60,,0,,0,1
25ASVF4D8S,U,45,,0,,0,0
68GJ7DE9YP,U,63,,0,14.51,0,0
ZUE4GB629O,F,45,,0,29.74,0,0
X52L9QT33K,M,57,,1,1.7,0,0
LT6U60OEEG,M,48,,1,.35,1,0
DRLX27PK87,F,47,,1,13.75,0,1
AOYN7OVAGO,M,58,,0,10.5,0,0
Z4799JX58V,M,55,,0,2.33,0,0
2SMWUISTW5,U,48,,0,10.47,0,0
F6E5MXNH2J,U,63,,0,4.58,0,0
IB91Y97Z6K,F,54,,0,13.56,0,0
XZXLPWWY14,F,45,,0,26.99,0,0
E441BBA7SV,M,52,,0,1.68,0,0
KGIYPTANYI,U,51,,0,1.11,0,0
W35BY1UD0V,M,60,1,0,6.43,0,0
VQKHS502V5,U,62,,0,3.11,0,0
0JJGZ94RF5,F,62,,0,8.62,0,0
H3NRO3A63C,F,61,,0,1.65,0,0
UEPT3HWNGO,F,58,,0,8.51,0,0
U1HYMPKI4Z,F,52,,0,,0,0
Q58HSJZIM1,M,45,,0,,0,0
5ICLHQE9ET,F,57,,0,11.74,0,0
UN21A9ZM3B,M,57,,0,11.86,0,0
VDSTRG39V3,F,57,,1,7.49,0,1
K4QKKU2ABK,M,58,,0,1.84,0,1
KCTHLCDO2G,M,45,,0,1.09,0,0
NIC6VO113M,F,55,,0,2.26,0,0
EZ3LWRKNG5,U,59,,0,12.69,0,0
6F53LLVI34,M,62,,0,8.94,0,0
U5B5MMQJ8Z,F,47,,0,11.79,0,0
JZBZK6UDUS,F,62,,0,6.84,0,0
V08KUQQARF,M,50,,0,,0,0
TCSVVYJDG2,M,63,1,0,.36,1,0
KMBFEI2X1R,M,59,,1,3.16,0,0
03W6O3FJE3,F,62,,0,,0,0
LB8A2L66RV,F,63,,0,8.55,0,0
4TPTTPN9ZA,F,57,1,0,11.69,0,0
3L98D669H1,F,64,,0,12.14,0,0
9O0RRAZZGL,M,62,,0,9.98,0,0
E89OSGJFAO,M,57,,1,11.35,0,0
JXO6TO5FE7,M,52,1,0,9.66,0,1
CIYISCWF18,U,45,,0,1.82,0,0
KWR7RCMOVN,F,50,,0,4.12,0,0
M9RR26FQNA,U,53,,0,10.84,0,0
DSK67PU3P6,F,47,,0,14.01,0,0
3Q9T58DIEZ,U,53,1,0,2.27,0,0
091P03N38L,M,50,,1,3.95,0,0
J91JM6J30R,F,54,,0,3.16,0,0
LY9RWL0XHT,F,50,,0,12.66,0,0
ACFMKRRVHM,M,53,,0,1.88,0,0
22AC3O7IJA,M,58,,0,.65,0,0
72MS0P33WH,M,50,,0,12.74,0,0
BMUTAD4S3A,F,48,,0,4.61,0,0
GX3CRED98B,M,48,,0,4.03,0,0
3JFOEKJJPM,M,60,,0,2.08,0,1
IQ2LNS0W2U,U,53,,0,.57,0,1
RY2U3ABD4A,U,62,,0,14.49,0,0
0TCNNYJEC9,M,57,,0,6.39,0,0
MSJ1P3PIZX,U,46,,0,11.12,0,0
DSQAGC6YFT,U,54,,0,3.84,0,0
V2R5XV2TDT,F,47,1,0,10.97,0,0
3OK33G6VOB,F,49,,0,11.91,0,0
APUXVKXKFM,M,58,,0,2.41,0,0
8MGPJ3FG31,M,63,,1,7.68,0,0
VLFNUT0NR6,U,61,,0,1.44,0,0
2B0WV50GQA,M,56,,0,.88,0,0
WHG67WYRRS,M,62,,0,11.84,0,0
RAH71VPAPA,F,49,,0,7.64,0,0
XKYNA4IRDU,F,61,,1,1.29,0,0
FRGX1DU9QN,M,50,,0,17.03,0,0
RGCZCAIEBG,F,54,1,1,1.85,0,0
TL62Q7UC2C,U,49,,0,2.83,0,0
GGB01YGGFF,U,53,,0,3.03,0,0
J1CNWESDPY,M,55,,0,16.64,0,0
WMUF05X1KH,F,45,,1,5.65,0,0
8H1ZV4PHCL,M,45,,0,11.53,0,0
OBA3E74TLS,F,52,,0,3.27,0,0
6T57RH5LGP,F,47,,0,1.55,0,0
590PWRPNDJ,U,56,,0,2.77,0,0
LLVBBHPSWR,U,57,,1,4.14,0,0
MKIVD9XXNT,U,45,,0,4.17,0,0
7XN70DO04G,F,52,,0,,0,0
P6ZVYVQKKL,M,51,,0,10.79,0,0
VUALXN6EXY,U,64,,0,8.85,0,0
J9ZGGD54DL,M,45,1,0,5.72,0,1
WU44BIGTTS,U,61,,0,3.57,0,1
SBHZTQY665,F,59,,0,4.78,0,0
R4EN332HTH,F,54,,0,4.36,0,0
ZG5JG1IN0Y,U,46,,0,12.32,0,0
QUMGRCTQP3,U,55,,0,6.38,0,0
HJ9MROJG5U,M,63,,0,6.88,0,0
QWOWYC6LB0,M,48,,0,7.11,0,0
M3IJWZET91,U,50,,0,,0,0
UMM9QKVEM4,F,47,,1,4.9,0,1
SZYT7X9VLE,M,47,,1,9.59,0,0
2027YP5AL7,F,105,,0,7.19,0,0
GMFBTP9612,U,73,,0,,0,0
I383V72QVM,F,85,,0,13.48,0,0
A82M3KYLU8,F,76,1,0,4.6,0,0
SP8SGFSBMI,F,66,,0,4.25,0,0
0M3JQTCL4V,U,84,,0,2.98,0,0
LVUAEHYSX2,F,90,,1,5.58,0,0
JKVVE296B2,F,103,,0,28.13,0,0
K4PKYCNRBS,F,71,,0,,0,0
A11DT44QWQ,F,93,,0,2.16,0,1
NBZY3WDM8B,M,104,,0,9.96,0,0
E9NZI2V3B0,F,89,,0,12.84,0,0
H5BD0WQFA7,U,77,,0,,0,0
RHCABNLHMO,M,74,,0,6.9,0,0
UTC6JKPD1A,F,89,,0,2.73,0,0
ZNN6S69WFJ,U,76,,0,.2,1,1
DETJMFEWYF,F,65,,0,.4,1,0
CRVNZN7S9O,F,86,,0,6.61,0,0
SVASOSMNAM,M,88,,0,,0,0
8AC5DDNWWR,M,67,1,0,14.44,0,0
ODLHK18H2H,F,80,1,0,3.62,0,1
E7BT5Y8D0V,U,88,,0,2.89,0,0
M9BGJGPBZO,F,73,1,0,,0,0
5I4V9A4ECF,M,76,,0,4.22,0,1
3O8MVGX2LS,F,101,,0,14.95,0,0
I0ZH0ARLYW,M,68,,0,5.34,0,0
5QV3QPEAOV,U,100,,0,11.41,0,0
3ZCVWKE42K,M,87,,0,.19,1,0
NQLJ8K98QA,M,102,,0,2.06,0,0
NTTFMGJXSM,F,81,,0,12.53,0,0
N2CREWBQZV,U,56,,0,.77,0,0
YE46Z16WVC,F,51,,0,.72,0,0
EH372I9CZL,M,54,,0,2.73,0,0
G4GN6DZUMY,M,48,,0,4.72,0,0
2RHGXGD3O9,M,55,,1,,0,0
7S23F8UZD9,F,47,,0,15.23,0,0
9NI3LLN4TU,U,45,,0,1.86,0,0
UM1SLHVJOI,M,49,,0,2.49,0,0
7B3YBT2B21,M,54,,0,10.85,0,0
AA3LMQZDAS,M,50,,0,3.45,0,0
6IU4R5JMN5,M,56,,0,9.58,0,0
B6Y1PWWRLI,M,49,,0,4.1,0,0
2JJLTMR0IU,M,51,,0,4.17,0,0
Z5V7G1NPFU,M,62,,0,.78,0,1
YKMJICJ8UW,F,58,,0,11.68,0,0
O8371QDR5Z,F,61,,0,4.62,0,0
3TFS9TR1H9,F,54,,0,2.1,0,0
LNZTIZF2YV,M,45,,0,12.67,0,0
RL5LF2RVKQ,F,62,,0,3.19,0,0
KOBDM604Q0,M,59,,0,2.93,0,0
KHE7XCLWM1,M,59,,1,.94,0,0
18R80UCVEW,F,62,,0,11.84,0,0
9BMOWYUL43,M,51,,0,2.21,0,0
4PSM4M0M3N,M,49,,1,12.65,0,0
UGSN8FB81D,F,57,,0,,0,0
A4E8R819CO,U,53,,0,1.79,0,1
JMXUIQYO4H,F,64,,0,5.12,0,0
PUPVVGEPC4,F,46,,0,4.2,0,0
9RKKJNWX7J,F,62,1,0,8.55,0,1
2K8KES0F94,M,62,,0,10.44,0,1
3KV93JPF95,U,45,,0,10.41,0,0
OSBKM7PYDU,F,47,,1,3.99,0,0
C0BAR0TCJP,F,63,1,0,5.82,0,0
K0OR5I62I3,M,58,,1,.64,0,0
26AN8BWBYU,F,61,,1,2.37,0,1
28TXFKEZ87,F,64,,1,4.06,0,0
UX9FBWD1P3,U,57,,1,2.86,0,0
J2U9AX5F2X,M,62,,0,1.26,0,0
QWN9SRYFJW,M,50,,0,13.08,0,1
6OTTES4MPE,U,48,,0,2.22,0,0
5S9LDHT19X,F,50,,0,,0,0
WVB3048VD5,U,54,,0,,0,0
922NUSY3F4,M,60,,0,11.79,0,0
NST8LL23FH,M,48,,0,2.4,0,0
ZPP71A0DP1,F,56,,0,11.12,0,0
T767ZBD9V5,F,56,,0,9.74,0,0
P2NRVUO7IN,M,57,1,0,1.31,0,0
Q9YF0LO6A7,F,48,,1,10.6,0,0
98VX7DZCOS,F,55,,0,12.67,0,0
Y71JHI2XS3,F,57,1,0,.96,0,1
3PAF9QDBG0,F,51,,1,7.43,0,0
HFFMWBS03Y,F,62,,0,10.78,0,0
KVDN1QSAD6,M,63,,1,6.07,0,0
KKMJXX6HOO,M,57,,0,.58,0,0
1CNA6ZRHTG,U,47,,1,2.56,0,0
QHYHNRIAF2,F,46,,0,,0,1
SRQNXMSJ96,M,61,,0,10.47,0,0
04OZZAE0A6,U,50,,0,,0,0
6GYSZKK947,U,59,,0,2.28,0,0
K35PRHXABW,M,64,,0,6.59,0,0
FO91V4B8LN,F,52,,0,1.93,0,0
NTV9FOJ1XY,F,56,,0,,0,0
JTM5RDE1BB,M,51,,0,.52,0,0
T4PW8OJNXA,U,50,,0,.18,1,0
3LV07KIS19,F,59,,0,5.81,0,0
EYGBKEWNIV,F,58,1,0,2.75,0,0
TIMFIVBMMD,M,50,,0,1.39,0,0
DKX49Q7A0I,M,54,,0,.34,1,0
C5TSAO3WWQ,M,58,1,0,1.13,0,1
Z42Y21ZAN8,F,55,,0,9.67,0,0
Q1KA50UMM4,F,64,,0,16.08,0,0
K83357SAUI,M,60,,0,,0,0
KX00L7ENGB,M,63,,0,,0,0
AJ5GZIJ6OX,M,47,,0,2.59,0,1
IXQXLG2A9D,M,45,,0,,0,0
RYG7S7VELE,F,54,,0,14.8,0,1
5U2M0YMF33,F,48,,0,8.01,0,0
PTV70PUOJ9,U,57,,0,13.93,0,0
LLRO777APB,U,52,,0,5.64,0,0
MZU27CAKT6,M,60,,0,3.24,0,0
HSV3565PYZ,M,56,1,0,18.95,0,0
D5JJ7RSOAZ,M,64,,0,3.85,0,0
G4YQ6ICND3,F,63,,0,5.79,0,0
C47TLUOKMW,F,59,,0,1.54,0,0
XBKGN4WAMM,M,57,,1,11.79,0,0
423XS4TE1F,F,52,,1,11,0,0
7NLKX9Y6AY,F,54,,0,1.51,0,0
19WYC23R7P,U,60,,0,3.04,0,0
LR42MWXAYK,U,60,,1,.97,0,0
Z58QPRRK9Z,F,50,,0,7.77,0,0
LL82NE4CGG,F,50,,0,11.01,0,0
WDZKOBS22P,M,45,,0,8.46,0,0
YSRJO8T88L,U,52,,1,14.71,0,0
WR920BOTEV,M,51,,0,1.7,0,0
J7Q0KXEEOH,U,45,,0,12.33,0,0
2J5DEPFXIC,F,59,,0,2.58,0,0
101PNF0CQX,M,46,,0,7.62,0,0
ESFERXOXYA,U,55,,0,,0,0
PER7YT0POE,M,62,,0,3.11,0,0
WJ1V3NZTH4,M,63,,0,12.01,0,0
H8UG54LM0S,F,46,,0,.94,0,0
8BVPSW65RK,U,47,,0,2.77,0,0
7YX6KD77HO,M,53,,0,14.23,0,0
7F8CJLH540,F,45,,0,11.27,0,0
DAT0UT0EUY,F,64,,0,2.9,0,0
NH3UGT412L,F,55,,0,4.41,0,0
CR76YCD0HA,M,54,,0,.56,0,0
QT8NNKUZGV,U,47,,0,5.84,0,0
VO8YKPDVDL,U,47,,0,12.36,0,1
CEU8XNT3GL,M,49,1,0,13.51,0,0
NAPSWRR8Z1,U,45,1,0,8.3,0,0
U2TLLFLFWE,F,55,,0,,0,0
K06QHAP1LM,M,64,,0,7.96,0,0
T10YAXCLHD,F,60,,0,3.81,0,0
XT09S7KMGZ,U,63,,0,,0,0
DWXGMDLHFA,M,49,,0,4.73,0,1
3XAI29ES2L,M,55,,0,3.37,0,0
ZBJFK2QBV6,F,50,,0,5.25,0,0
QNT464YX6J,U,57,,0,.73,0,0
51GVSLWVTB,U,62,,0,14.23,0,0
UQIRIX7842,F,54,1,1,12.12,0,0
QKTW3JOPO6,F,54,1,0,1.16,0,0
VJQG2B0MO6,F,50,,0,10.16,0,0
ERVOLAAPK9,F,64,,1,5.53,0,0
2X0JY6BV21,M,61,,0,1.08,0,0
Y30S1MTX8D,U,60,,0,1.2,0,1
3EV21C9D0U,U,52,,0,1.52,0,0
M3WIPG8HMS,F,50,,0,8.72,0,0
UUCDHG1XMB,U,46,,0,,0,0
KHASDQ03JE,M,61,,0,3.59,0,0
FQ7B0KL1V9,M,64,,0,10.98,0,0
5Y59TBGIHR,F,52,1,0,1.92,0,0
KP88R2I5M9,U,57,,0,,0,0
LDX24KEZKN,M,47,,0,1.06,0,0
C60IMBJIQG,F,53,,0,1.36,0,0
83CKB5W3NE,F,52,,0,9.8,0,0
CLP3VWYUHD,F,59,,0,24.96,0,0
KFIBNZAC5M,M,58,,0,.4,1,0
SY8FNHUU5K,F,51,,1,,0,0
TZT01ZYWAJ,F,46,,0,9.85,0,0
DHXCJ2N1P7,M,48,,0,,0,0
8AOVANG7TD,M,54,,0,8.64,0,0
0ATN8EXBWF,M,50,,0,3.45,0,1
7B8UTPOUX5,F,52,1,0,4,0,0
971IBVCBOA,M,56,,0,3.52,0,1
MHG03C5Z24,F,47,,0,3.66,0,1
WUY26F194C,U,60,,0,10.56,0,0
6JVUQ9QY3M,F,50,,0,,0,0
MUCSUAMW19,M,52,,0,4.33,0,0
IWQNEYO0BK,F,49,,0,1.3,0,0
Z6N8YAD66X,U,54,,0,3.56,0,0
I5FYUJ1YHJ,U,59,,0,7.32,0,0
YPGX693UQ2,F,49,1,1,4.94,0,0
LZS4B6RED2,M,45,,1,12.35,0,0
SZS5RAEUOW,F,55,1,0,13.34,0,1
VM89XIED46,F,51,,1,11.8,0,1
PZ1D9JT90B,M,45,,0,9.25,0,0
QYJRHO0WIW,F,53,,0,2.81,0,0
3HX2EI5PQR,F,48,,0,10.17,0,0
DVE4S7KC14,F,55,1,1,10.98,0,0
7D8RVAO3JO,M,60,,0,2.76,0,0
NMDJ2O6JIK,F,60,1,1,,0,1
5PPPFHCA6Y,F,60,,0,,0,0
0LL9PXJY09,U,59,,0,5.6,0,0
US05NPQDEP,F,57,,0,11.47,0,0
5EQNECT6IC,F,46,1,0,29.61,0,1
8INGFES4CY,F,57,,0,4,0,0
EE8DHZHPHW,F,55,,0,14.21,0,0
98VM6DLGMD,F,62,1,0,1.17,0,0
MRGRTX4822,U,56,,0,7.49,0,0
Z10B28W9OD,F,57,1,0,.23,1,1
4B86U0FKDC,U,53,,0,.69,0,0
2VSMXR76YZ,M,61,,0,5.79,0,0
3LZRE6VARD,M,61,,0,13.42,0,0
9CKIJ5Z0CO,F,45,,0,1.83,0,0
5QHO43SRI2,F,56,,0,,0,0
7RR70LH8QS,M,57,,0,10.8,0,0
J7U8QVPC2Y,U,48,,0,14.49,0,0
G0QHRMQ5NA,M,46,1,0,.51,0,0
OQ713S9N8Y,M,60,,0,8.25,0,0
YLRT8HOICD,U,50,1,1,.14,1,1
SI3FY5WHDW,F,54,,1,,0,0
H13UF0SL28,M,54,,0,4.45,0,1
JHT7G5HVOY,U,47,,0,,0,0
7N3AG9VVOM,U,56,,0,16.67,0,0
HHFM1JQGWT,M,52,,1,2.75,0,0
EGU647FKQ3,F,57,,1,7.28,0,0
ATJSQDTXKR,F,62,,0,14.74,0,0
IREML3T44X,U,58,,0,8.7,0,0
YUCRZVH817,F,64,,0,4.87,0,0
9M02CTDGAF,F,63,,0,11.2,0,0
DCSI4809MI,U,57,,0,.18,1,1
CG7M9C9HVU,F,52,,0,7.22,0,0
RCG6V7ERL4,F,52,,0,1.29,0,0
E4SVP1YOOZ,F,52,,0,28.24,0,0
LY2ZDAZGKE,F,62,,0,4.33,0,0
Y96Z66IYKJ,M,62,,0,.53,0,0
9BOY2K41CJ,M,52,,0,2.89,0,0
EHG0R0H7HU,F,62,,0,3.44,0,0
QAPUJ0RI2Z,U,55,,0,.38,1,1
ZNDMJ7QLQH,M,60,,0,,0,0
DOXFUJUF9E,F,59,,0,3.85,0,0
TR4U5XD1Z9,M,63,,1,.78,0,1
SPO63H0Y4E,F,62,,0,3.01,0,0
E5BKDUU1OM,U,61,,0,15.88,0,0
VG40HNQ614,F,55,,0,8.08,0,0
7TGJK9VZAL,M,55,,0,11.46,0,0
ARTUG6YPUU,F,50,,0,.68,0,0
VIAZJ2Z1B1,M,57,1,1,2.42,0,0
JQ2VRDK5G8,F,54,,0,,0,1
013MMMPQQ2,M,50,,1,8.37,0,0
8U5SPHPAF5,F,59,1,0,.46,1,1
S7RDH8PHM3,U,63,,1,5.28,0,1
BIEZ3TQD0I,M,55,,0,7.12,0,0
I0AGOCERAV,F,60,,0,2.33,0,0
H49L3MRPKO,F,51,,0,3.7,0,0
5H8KETEVQL,M,54,,0,14.55,0,0
QEPQDYRN8Y,F,46,,0,1.84,0,0
TSJ7QOM8EG,F,49,,0,12.33,0,0
1AG20B6W13,M,45,1,1,1.91,0,1
98STWCIW8I,F,63,,0,9.29,0,0
AN1BGN5RZ9,U,62,,0,6.24,0,0
OTUICIXAHD,M,56,,0,26.11,0,0
6ANQD1RD14,M,51,,0,11.32,0,0
ENS4ARSIBP,F,58,,0,,0,0
EA2LY5T5AQ,F,57,1,0,9.87,0,0
7EBPRHN0UA,M,59,,0,4.91,0,1
W3LWQ2JVNB,M,57,,0,4.34,0,0
S6DNQ1FMLQ,M,54,,0,5.13,0,0
TRCMFZWY4Q,U,61,,0,11.2,0,0
1EBIJ61WH4,U,54,,0,3.32,0,0
M33B7KFGK1,M,48,,0,,0,1
CZ5H5EDM0F,U,56,,0,6.6,0,0
ILQ5DTQ27K,U,46,,0,6.44,0,0
NSNJ1F2TS7,M,50,,0,.62,0,0
EUORRWB6P9,F,50,,1,,0,0
MBIZ0KGFQA,U,59,,0,10.03,0,0
VKGU196FQ8,F,50,,0,.7,0,0
T4Z57LUA7T,M,53,,0,,0,0
N4PBDRLFKH,U,53,,0,6.96,0,0
NQMO7E2LGG,M,45,,0,2.67,0,0
W8ZNZC9P8I,F,46,1,0,3.92,0,0
ERZ1BMY7FZ,F,49,,0,2.33,0,0
KQP0LE2S69,F,50,,0,,0,0
8CVYN1PVR1,M,56,,1,14.17,0,1
Z62GEDJQ9I,M,51,1,0,4.66,0,0
UFRV8ZBDZD,F,61,,0,9.32,0,0
42VI9OY14Z,M,63,,0,.76,0,0
EQPK1Q6B40,M,63,,1,,0,0
12DKQMPC4R,F,58,,0,5.03,0,0
0BIUF9ZRRA,U,55,,0,2.68,0,1
MEU7MR7AKO,U,59,,0,2.41,0,0
NS35BYRKTW,M,62,,0,3.3,0,0
H49A8R6JJL,M,54,1,0,8.1,0,0
N2UO444R51,U,55,,0,3.96,0,0
0NKR0BANQI,U,63,,0,4.76,0,0
6OBFYB128G,M,57,1,0,1.23,0,0
U5FDOOFW26,F,47,1,0,5.98,0,0
ZJSL6XJHF6,F,61,,0,11.92,0,0
S4V7U8520O,F,48,,0,,0,0
5IAFMM0Q7H,M,62,,0,.73,0,0
TFOOMTE43O,M,45,,0,4.67,0,0
K427AXLJ1P,M,56,,0,.79,0,0
SDG5BYCWCJ,M,59,,0,1.84,0,0
GRBD4QG0R1,F,60,,1,.13,1,1
2O1P7CFG3M,F,58,,0,4.89,0,0
LSCDQHZCE2,F,52,,0,14.46,0,0
RKVUGQ3OGG,F,64,,0,2.17,0,0
4W7YLLOCN9,U,57,,0,6.08,0,0
9ZJ19GIKZR,F,58,,1,.59,0,0
FFVHI9O2JR,M,53,,0,3.9,0,0
2E82CFGH8D,M,49,,0,4.87,0,0
L1IZY7OXBE,F,49,,0,11.19,0,1
KVDKZOOOI0,M,46,,0,1.1,0,0
6OIA1QF3ML,M,57,,0,1.65,0,0
EIEZFWF2EV,F,60,,1,14.44,0,1
GLVZIWELE8,F,64,,0,.75,0,0
0UQ16J02SP,M,60,,0,7.28,0,0
C7THVLK2F0,F,56,1,1,5.15,0,1
JIXGLPCZDF,M,52,,0,10.58,0,0
D9676GCQG1,U,49,1,0,14.01,0,0
QD0OW1RI5A,F,62,,1,2.65,0,1
ZRYBZP72IG,F,50,,0,4.66,0,0
LKMCE33PZP,M,64,,0,,0,0
LN7B7O8G2K,F,57,,0,.92,0,0
8BTQS1RX0V,U,54,1,0,,0,1
JUEGRGAM4F,U,60,,0,4.02,0,0
0WEQ0CQEHT,M,52,,0,12.14,0,0
XVGN99FM3A,F,54,,0,4.08,0,1
ZHV628TO5T,F,45,,0,4.45,0,0
DRG1AS3ZHJ,M,55,,0,4.6,0,0
E8O7BQ316D,U,49,,0,3.79,0,1
159NCVGG1Z,U,45,1,0,29.24,0,0
E8J1VSU0QJ,M,48,,0,1.79,0,0
PQXNR7R2JJ,F,62,,0,,0,0
4T0VT3O7IW,F,50,,0,14.57,0,0
ASORFFMAAZ,M,58,,0,.29,1,0
YJEMN8WPFE,M,46,,0,4.61,0,0
RVUV8D7JGH,M,56,,0,12.69,0,0
4M9DOH3JJH,F,61,,0,3.78,0,1
U2DMY40HIN,F,45,,0,20.46,0,0
LYGM1B3BIR,U,45,,0,10.55,0,0
CPS0NKSP2Y,M,48,,0,2.43,0,0
DWDRD5DLKR,M,64,,0,.75,0,1
X7TZCUPUTF,M,60,,0,1.46,0,0
X5MNLQBTOB,M,57,,0,15.58,0,0
K96U8NZJ1Q,M,46,,0,13.93,0,0
M50GSW4ONL,M,51,1,0,3.49,0,0
JIKA5WCS5G,M,47,,0,2.13,0,0
2LT526I02Z,M,63,,0,3.67,0,1
567CD13RGL,F,45,,1,3.12,0,1
WY7ECD41B8,M,61,,0,13.81,0,0
NRKWDX0TXV,U,51,,0,,0,0
WYJ6RNR8VB,F,61,,0,1.85,0,0
N6C3XJW5D4,U,58,,0,9.55,0,0
IDNZHQR7HV,M,53,,0,4.25,0,0
M708D9TY5O,F,52,,0,3.83,0,0
EJ78O1I0WC,M,47,,0,4.1,0,0
OP84QXNWZ6,F,53,1,0,.38,1,0
TG2TLLNAYF,M,51,,1,2.98,0,0
A75C2K964D,M,63,,1,7.87,0,0
7URPFGYYU4,M,60,,0,7.74,0,0
I13P0NCNIZ,U,55,1,1,2.02,0,1
LF8MBQZ98E,F,64,,0,13.29,0,0
3SVRQL36TP,M,58,,0,4.48,0,0
V6DJ26BSVP,F,57,,0,,0,0
Q22WXEDSJ9,U,52,,0,7.06,0,0
6V0H8ZOZFG,M,63,,0,,0,0
3THX8NE5IM,U,45,,0,.12,1,0
C8RQBT8X1V,M,72,,0,5.01,0,0
Q6QD4CKE2T,U,105,,0,1.51,0,1
L08R981CK6,M,98,,0,9.42,0,0
E07GA9Z7AZ,F,97,,0,29.56,0,0
DOG6PZ7KYT,F,101,,1,20.38,0,0
JE3UPP2W5C,F,69,,0,,0,0
D3TFYUED9C,U,98,,0,,0,0
41268RYCV6,U,94,,0,14.24,0,0
9IB92QM5LL,U,99,,0,4.53,0,0
K885AR6FL4,M,79,,0,14.35,0,0
7K5579QK31,M,105,,0,3.65,0,1
EI4WX01LJJ,U,102,,0,,0,0
240N7IP75B,U,82,,0,11.91,0,0
6YET7XTDKS,M,92,1,1,18.93,0,1
TNHBA58IC6,M,66,,1,4.47,0,1
LSYMWI0AOF,M,103,,0,1.51,0,0
VKUWTMEAGX,M,93,,0,4.41,0,1
A6IOCG89N6,F,101,,0,14.83,0,1
PKKDQQH90S,F,83,,0,13.48,0,0
B60MCULLRL,M,93,,0,,0,0
VPRKTEJ227,F,72,,0,,0,0
ICGAQWURHF,F,95,,0,4.53,0,0
DMYPPJ2TPA,F,74,,0,7.11,0,0
IIX08BN4ED,F,90,,0,2.86,0,1
CE9DGY73XM,M,68,,0,11.68,0,0
HO2I9MGDKY,F,70,1,0,1.3,0,0
FUOEHYO3EO,F,93,,0,12.72,0,0
DVKKGRL2L5,M,105,,0,4.69,0,0
8536YKQEUT,U,72,1,1,6.44,0,0
0QV7R7JRFX,M,98,,0,21.23,0,0
SJY0ZXLR80,F,50,,0,,0,0
T7H7I912Z6,F,54,,0,3.82,0,0
CX9GVZA6BW,F,56,,0,13.01,0,0
FYLZG594WP,F,49,,0,17.22,0,0
3D6TIWA53H,M,49,1,0,,0,0
WAVHO7UZP2,F,48,,0,,0,0
L8WO8LOJKK,F,54,,1,.11,1,0
TD8DX8ULID,F,51,,0,1.85,0,1
12O6Q2S4O8,U,54,,1,1.14,0,1
XUCK4HFLAE,U,56,,0,.45,1,0
HID3OYFRPS,M,64,,0,4.15,0,0
UDNWZFKFWI,M,45,,1,3.31,0,1
9Z0Y7C1SO9,U,58,1,0,12.73,0,0
YKIJW4254H,F,63,,0,14.68,0,0
0CWRRPHK0O,M,61,1,0,,0,0
OUUKJ53JB7,F,57,,0,,0,0
KB7THZR0PP,F,49,,0,.27,1,0
0RGNQ0ULJW,F,46,,1,4.16,0,1
228VTANXJZ,U,53,,0,.8,0,0
0JCVVJ9IH0,M,48,1,0,12.22,0,0
LREUXGQUAE,U,63,,0,2.7,0,0
HPRFDUG2JZ,F,51,,0,.47,1,0
KXKZ5ORNM9,M,47,,0,4.88,0,0
9V3H4SO8N0,U,56,,0,,0,0
BVH7DNZUHK,M,56,1,0,,0,0
3GL9NZNCYY,M,55,,0,4.35,0,1
3KPQ7STZDL,F,64,1,0,,0,0
78A1ASWC7B,F,57,,0,2.96,0,0
XPP06R4WHC,F,51,,0,1.68,0,1
Y7IES7K3LW,M,58,,0,27.75,0,0
EX4CKTDFYV,U,48,1,1,14.7,0,1
1NNY7S4FBS,U,59,,0,3.46,0,0
MARZKM7OFK,M,55,,0,10.92,0,0
PWIMQH7L2U,F,57,,1,8.59,0,0
N0DB8I2GYB,M,62,,0,2.97,0,0
LWY3GVCR2S,M,58,,1,8.45,0,0
JNYURTDIN5,F,55,1,0,2.92,0,1
2NVOO5BDZ4,F,47,1,1,3.96,0,0
6OXZ9PQHOU,M,47,,0,14.84,0,0
AJ5R80P2A7,F,49,,1,10.12,0,0
MKMXQYC97I,F,55,,0,.43,1,1
ODDMSVTOMB,F,55,,0,2.29,0,0
I19ONTBXWW,F,45,1,0,11.67,0,1
YL7536V84E,F,60,,0,.45,1,0
802EWTZ0A8,U,49,,0,2.64,0,0
BBXKDKBND9,M,56,,0,1.71,0,0
YZFG93YKC7,F,64,,0,4.69,0,0
7W64SJYM5H,U,51,,0,8.32,0,0
MDZWA9EIHD,F,58,1,0,17.43,0,0
8AT016SX0M,M,59,,1,3.81,0,0
ORX0W4RXCQ,U,60,,0,.51,0,0
Z5ZBQUREP2,F,52,,0,13.82,0,0
CWHAO11O55,U,45,,0,3.79,0,0
BDWNGG86PN,M,64,,0,5.03,0,0
AZVCHVJU1B,M,53,,0,,0,0
NWLGZVPOA8,U,61,,0,14.94,0,0
BGHNLM5EFO,F,56,,0,.74,0,0
H8SHML4O68,F,62,,1,1.52,0,0
II4JI8J18O,U,58,,1,.99,0,0
ASW3ZP5J12,M,60,,1,11.59,0,0
57HL839UH6,M,55,,0,11.46,0,0
TIFYAJ1VL6,F,49,,0,.68,0,0
7DKRCCJ19N,U,61,,0,4.1,0,0
7S9KVF4NVI,U,61,1,0,3.52,0,1
NMCN0NZVZ7,M,51,,0,3.8,0,1
1ZAZDRRBNN,F,54,,0,,0,0
4C7W6LVUQT,F,55,1,0,2.78,0,0
FR8LCGSXTE,F,47,,0,,0,0
0HR69ERX78,M,55,,0,6.58,0,0
4QTXZTA53J,U,45,,0,4.79,0,0
XMZ5VDDU4G,M,57,,0,1.32,0,0
6BAOMX0BYO,F,54,,0,.67,0,0
9W7MAGDEAQ,F,56,,0,14.45,0,0
Q0YFORJ6QE,M,56,1,0,2.62,0,0
PMUB5OPSVU,F,62,,0,4.1,0,0
5XB789BG19,M,54,1,0,6.95,0,0
4FWQ4NHHO7,F,56,,0,,0,1
5ZZCXGHTJC,F,46,,0,6.32,0,0
DDRBWIF886,U,58,,0,11.25,0,0
ENZEK5YHXU,F,64,1,0,7.07,0,0
WG7F6F79GQ,F,54,1,0,4.32,0,1
173KS7YB28,M,63,,0,3.08,0,0
LPLL739FZW,M,57,,0,19.36,0,0
W2YHLGX37L,F,51,,1,4.74,0,0
KA22JUYVJU,M,55,,0,2.87,0,1
0W3URAXRH5,M,54,,0,1.63,0,0
W70FFLDW74,F,56,,1,4.19,0,0
ZTFCR3SO5X,F,64,,0,2.83,0,0
WWKAV8MS7F,F,46,,0,14.87,0,0
GJFD2N2H2P,M,60,,0,12.04,0,0
V6UY7P9NF1,M,45,1,0,13.75,0,0
AXO5OWZY9S,M,52,,0,7.35,0,0
OABBQU91FR,M,54,,0,2.27,0,0
J1E8GLH2KS,F,51,1,0,1.79,0,0
YS3W9P0XVU,F,55,,1,3,0,1
I43UNS060E,F,57,,0,27.81,0,0
UTTEH6C0WY,U,48,,0,2.28,0,0
4N2E3G1F31,M,52,,0,4.73,0,0
10QO6NWLUY,M,61,,0,3.19,0,0
CE8F82W48K,F,49,,0,4.01,0,0
MO45DHNDPM,F,60,,0,1.34,0,0
7NU0Y0RQSI,M,47,,1,1.77,0,0
1XNQ5FNJ2J,U,61,,0,12.3,0,0
XFUIQIYTT8,F,57,,0,,0,0
95X7QSQ0CI,M,56,,0,2.97,0,0
J9MB4TIQV1,U,64,,1,14.36,0,0
GGB9OGQ61B,U,55,,1,.67,0,0
2YPK2Q7B6N,F,46,,1,4.29,0,0
9T7RKW6R8T,M,45,,1,,0,1
TSUZX4WN7G,M,45,,0,5.59,0,0
RYQLY16CIA,M,52,,0,,0,0
0HC4QPVF3I,M,63,,0,,0,1
OEP11G16CS,M,59,,0,9.22,0,0
QKG47T8URS,U,45,,1,8.95,0,1
B9912FXOKO,M,49,1,0,9.41,0,0
1E168SSHLJ,U,49,1,1,5.25,0,0
ID9GWS8PBT,M,53,,0,4.37,0,0
8R9IN61K4O,U,55,1,0,13.82,0,0
FXQFG4AK4C,F,45,,1,3.36,0,0
WU63TL0CGA,U,47,,0,,0,0
AV3PSQB1RK,U,63,,0,.34,1,0
H4B4ZQUANS,M,63,,1,2.39,0,0
POEIKD24WA,F,59,1,1,13.29,0,1
XE7KJJ163K,M,56,1,0,10.15,0,0
M7M5LOPNPY,F,63,,0,1.77,0,0
ZGJVJHJXN1,F,54,,0,14.74,0,0
KSCJXNIPQJ,F,60,,1,4.34,0,0
DJZGPC9HZ9,F,64,,0,,0,0
0DMZZIDMP3,M,46,,0,14.66,0,0
ONURHXY7P5,M,45,,0,1.76,0,0
WTSH8IC5TG,M,55,,0,5.02,0,0
7XQA9AKZT7,F,62,,1,2.27,0,0
YX2SEEJ1KV,U,61,,0,11.08,0,0
QRR25KZRSL,M,58,,0,12.36,0,0
4EWS4WC973,U,47,,0,8.4,0,0
MU72TJ1A8M,F,62,,0,7.95,0,0
P1EH1PM3Y0,F,53,,0,1.54,0,0
2ZLRRNDQWR,M,54,,0,2.58,0,0
C5FPFCLKI0,M,63,,0,3.95,0,0
QLZIIKQFGQ,M,49,,0,,0,0
HP1N81WQIG,F,47,,0,.44,1,0
5BRQX5Y4VM,M,57,,0,13.69,0,0
FQKV5786JG,M,64,,0,1.43,0,0
ZGIVJ2D4O9,M,50,,0,9.85,0,0
NRVK7N0S6L,U,45,,0,12.84,0,0
EHIXXKF530,U,47,,0,8.58,0,0
JXR26L2467,F,47,1,0,1.7,0,1
2KMCNY9LZM,F,49,,1,13.96,0,0
WCZ2S6DO0E,U,50,,0,4.37,0,0
WNOJ1FGOQE,M,45,,0,1.6,0,0
QBF6KL5QW0,M,57,,0,2.16,0,0
GVZODA14QP,U,58,,1,3.37,0,0
MA4UKI7S2R,M,45,,0,2.42,0,0
GKFJ7LGFBW,F,54,,1,10.43,0,0
41MJMKIZB9,F,54,,0,12.86,0,0
FE7A8PNA3G,M,51,,0,10.16,0,0
B9TUR71N3Z,M,51,,0,,0,0
Z9OCMXHWQ9,M,64,,0,8.19,0,0
D2DBU4IA8V,F,57,,0,2.35,0,0
YMLGOSXZ0D,F,51,,0,12.97,0,1
DOR5OGONW9,F,52,,0,14.38,0,0
UA7VM9AKHB,M,54,,0,.69,0,0
NKO24K7HK5,F,51,1,0,.93,0,1
8X36KMUD69,M,53,,0,12.61,0,1
T0NEOAE77T,M,56,,0,3.92,0,0
3J7P1MGYXD,F,52,,1,7.57,0,1
8FMWFFDRJL,M,55,,0,11.03,0,0
OO90L2X621,F,51,1,0,6.92,0,0
JRUEMJHISJ,U,62,,1,6.32,0,0
8FS2HVFZNA,M,48,,0,,0,0
9GHNZWNY3K,M,60,,0,12.71,0,0
L1BZOQ7BA2,M,45,,0,8.22,0,0
JY5CJG910Y,F,61,1,0,3.61,0,1
74UDGFPUX4,M,58,,0,4.23,0,0
VDFUTC3PP3,F,61,,0,8.8,0,1
SNYAOL89MX,M,62,,0,5.49,0,0
BXCCC2AAU0,F,54,,0,2.97,0,0
G0G66TLA1H,M,53,,0,.59,0,1
VNPL9PZG8C,F,59,,0,.53,0,1
RAVZ3C6Y4G,M,51,,0,1.7,0,0
RXDO4273KR,F,49,,0,.14,1,0
36G50MBSCX,F,64,,0,10.96,0,1
EPZ41CLK0U,F,64,,0,3.68,0,0
GJFICUBKTA,M,58,,0,4.98,0,0
2KBAHFAQ63,M,55,,1,.56,0,0
IJJYMLPRTY,F,50,,0,2.74,0,0
Q3EBSJVNEX,U,55,,0,5.49,0,0
S5NIYZIV0U,F,61,,0,24.35,0,0
61PG19YQM6,U,49,,0,7.66,0,0
NUHVQR25BV,M,57,,0,.66,0,0
Y2AXNX9FN9,M,63,1,1,5.27,0,1
A0HFAIRX9A,F,54,1,0,1.42,0,0
IKZULSTHA1,M,60,,1,13.01,0,0
C6NVF83HSN,U,64,,0,11.18,0,0
WKZ8FETHNV,F,50,,0,9.15,0,0
SFFMZYKA1L,M,59,,0,12.99,0,0
5NBW1TTRFR,M,57,,1,4.58,0,0
RZWHUSQI0S,F,64,1,0,.4,1,0
7D434DYX7R,M,51,,1,2.72,0,0
IPSXBPTW7X,M,48,1,1,11.14,0,1
G9RKB761NQ,U,58,,0,.27,1,0
87MSNCDUFH,M,50,,0,12.99,0,0
8C3KLQETEV,M,45,,0,1.59,0,0
EMV1M93KW9,F,51,,0,4.45,0,1
GWOQWXCBOJ,M,57,1,0,3.89,0,0
T0DYNM945S,U,51,,0,9.85,0,0
RLY1AXZKO6,F,60,,0,,0,0
YBUNTANJGU,M,62,,0,4.2,0,0
FTUFJ95AFE,U,62,,0,14.19,0,0
SYVVPY81KZ,F,61,,0,13.86,0,0
GFIREAM4W1,M,55,,0,4.29,0,0
4SZHPEBRN7,F,52,1,0,13.94,0,0
V70YX6XPA0,U,56,,0,2.87,0,0
4RFVJ32AYL,M,58,,0,3.15,0,0
2WHZ7RVH15,M,63,,1,3.98,0,0
9Q9Z3Y0XOC,F,49,,0,4.39,0,0
72ZW8V6G5D,M,61,,0,4.9,0,0
Q5AHHMNA8E,F,60,,0,2.48,0,0
0Z492GFIR3,M,57,,0,11.87,0,1
7YG0XGA391,F,51,,0,5.97,0,0
FPTXKVPX2K,M,60,,0,1.46,0,0
3QKY342IX8,F,51,,0,4.1,0,1
SJ0TDPBFV8,M,48,,0,3.48,0,0
JF3YQTK7UW,F,56,,1,1.37,0,0
1YKA207SQN,M,62,,1,1.73,0,1
BRX39PSD12,M,60,,0,1.4,0,1
31Y69MU1DC,F,45,,0,,0,0
NST7TLDNK0,U,59,,0,.22,1,0
7AYDG1SZFN,U,48,,0,9.66,0,0
G8JBLNQN6O,M,45,,0,14.57,0,0
Z8Q8VFBZJO,F,46,,0,8.14,0,0
GFSW3T087C,F,54,,0,5.36,0,0
UJQBS2LMIL,U,57,,0,,0,0
SKVFWWT7GI,F,54,,1,2.09,0,1
04TX3WT8WO,M,63,,0,,0,0
515AE9A17Q,M,60,1,0,8.86,0,0
J0P8ZF8MBW,F,57,,0,13.85,0,0
9FZZP7GTEI,F,53,,0,5.27,0,0
ZJYTX2S45Q,U,53,,0,,0,0
P5VVSRN432,M,48,,1,2.68,0,0
LG0J2LBLFB,F,52,,0,8.32,0,0
UCY21MADHI,U,52,,0,17.1,0,0
X95YR7AB82,F,56,,0,.19,1,0
G0UT5ACRJT,F,61,,0,8.36,0,0
DD5IPVXDRD,M,56,1,0,13.77,0,0
HMIV0EJV0Q,F,51,,0,2.52,0,0
C43UH0JJK9,M,63,,0,6.49,0,0
7J6DOPMKSM,M,60,,1,,0,0
UZB2R2XUT7,F,62,,0,4.31,0,0
KQ9Y5V41H7,U,46,,0,,0,1
FNMFQ3ONYK,F,61,,1,7.31,0,0
2NGX7AE3TZ,U,59,,0,12.2,0,0
9IXIEUUN4Z,F,52,,0,11.14,0,0
C4PZSUJZIV,M,51,1,0,10.61,0,0
RRX5K1TSO2,U,47,,0,8.33,0,0
XDHLI6V1PV,U,46,,0,,0,0
HB8ODVDX6Q,F,54,,0,,0,0
7HI6XA3DP7,F,64,1,0,6.46,0,0
6LUP5KEYXI,F,53,,0,1.54,0,0
3HHHJIPGDC,U,54,,0,.65,0,0
N3OPKZ4YH3,F,56,,0,4.58,0,0
UIJUT2ZCWI,U,48,,0,.37,1,0
UCGY2BA01H,M,61,,0,,0,0
B7QQXTMMVC,M,61,,0,1.97,0,0
Y6OB33MXY9,M,52,,1,2.17,0,0
O1XVSXI0OA,M,52,1,0,2.29,0,1
40DPRX127R,F,56,,0,,0,0
EVBS6826R7,F,52,,0,4.16,0,0
5MTCDVZ15L,M,63,,1,8.03,0,1
C6QDOGGH92,F,51,,0,2.06,0,0
TYNCTVVQYH,M,53,,0,.39,1,0
6CQEDDCXSW,U,56,1,1,4.72,0,0
Y8IH1213K4,M,62,,0,11.67,0,0
49E474UX6P,F,55,,0,,0,0
A50SHLTYAL,F,45,1,0,3.17,0,1
NI3ACXXSK1,U,49,,0,4.01,0,0
VTU59N7I28,F,64,,0,12.98,0,0
PWCK32FOR0,F,47,,0,1.32,0,0
CG6HZM1SOO,M,50,1,0,1.87,0,0
CW0P0NJ948,U,63,,0,3.47,0,0
4ZT1NM8YC6,U,50,1,0,9.01,0,0
82E83GIJY0,M,62,,0,3.82,0,0
BKM9UAA6M7,U,59,,0,,0,0
WBVXJ6LVII,M,45,,0,,0,0
158QV8OPPC,F,57,,0,,0,0
7WC2TO64W9,F,62,,0,,0,0
116GQZ8YS7,M,61,,0,13.08,0,0
0YSIE0Q57F,U,53,,0,1.51,0,0
S3MRBJ5F58,F,49,,0,10.23,0,0
M8OFJ2OWBQ,F,45,,0,2.1,0,1
KGZOTZAH9A,M,53,,1,3.97,0,0
RNNXLBG7M1,F,50,,0,.4,1,0
SGOBCDGWL7,F,60,,1,1.93,0,1
37I8CVOE0N,F,58,,0,2.14,0,0
NVF3JXM83G,F,61,,0,13.17,0,0
7UXWJZECVX,M,53,,0,11.9,0,0
UHALQNJQA9,F,58,,0,11.28,0,0
M0W9I6UH83,F,50,,0,2.48,0,0
F4TSAWM4IN,U,57,,0,8.05,0,0
FN6B13Y0DQ,U,47,1,0,13.57,0,0
D4WNP2V169,M,53,,0,2.79,0,0
XC8P32A8Z6,F,46,,1,12.96,0,1
WKXBKSABJP,M,47,,0,8.06,0,0
VP4TVRIEIC,M,46,,0,2.2,0,1
RYD0GD2YI5,M,63,,0,18.97,0,0
7W5AF5G0HI,F,58,,0,1.51,0,0
DR0H9KEVTY,M,46,,0,17.82,0,0
A6DBH008G3,U,52,,0,,0,0
14B7DCIO0K,M,59,1,1,3.04,0,1
ATWG2Z0DAZ,M,46,,0,2.92,0,0
Q7KKJ4K5QX,U,61,,0,10.85,0,0
5Z4VTHZNWT,M,59,,0,10.26,0,0
YP9QBQUU3B,F,61,,0,3.21,0,0
Y09X0ZSS2E,M,47,,0,,0,0
2AEKZUZWNY,F,63,1,0,10.17,0,0
0ZJAZMR2PL,F,58,,0,3.19,0,0
4WGW25565N,F,61,,0,4.63,0,0
7763BRX63U,M,55,,0,3.49,0,0
GNE10YHAGN,U,57,,0,1.08,0,0
PR1STEQ8CO,M,53,1,0,14.21,0,0
QV2TI0L401,F,63,,0,1.68,0,0
V7D5B3UISC,M,45,,0,11.61,0,0
TA9X2A9JAU,M,51,,0,7.14,0,0
CJ8PBENFE7,F,57,,0,7.52,0,0
FA6TUJZ05W,M,57,,1,.12,1,1
WRNKLC03Q3,F,62,1,1,6.67,0,1
BZ3YIG5JFV,U,66,,0,7.95,0,0
A209Q8DU4I,U,82,,0,14.22,0,0
AUDW8Q17OX,M,97,1,0,4.36,0,0
4SSZV540LM,F,88,,0,7.78,0,0
I1GRAHUDV0,F,78,,1,.13,1,0
MXOBU89V2R,F,76,,0,2.52,0,0
6OURM9TUG9,M,96,,0,.17,1,0
QQQBM0U28S,M,102,1,0,11.46,0,0
3S0797G8J1,M,80,,0,2.95,0,0
JFGDSMDDG8,F,67,,0,2.87,0,1
M77PR5FBDI,F,96,1,0,5.33,0,0
DVT5BOR3UV,M,101,,0,2.97,0,0
DJET2ZE3L8,M,89,,1,14.53,0,0
ULMJ9ASX0P,M,84,,1,1.18,0,1
YU9L23T68Y,F,95,,1,.88,0,0
G36E4N2E3W,U,104,,0,.17,1,0
8CKJ8OYWQS,M,90,1,0,4.54,0,0
ZYUNWQM06N,M,70,,1,6.66,0,0
I5U7M2GSL9,U,80,,0,14.79,0,0
8UJ0OQBQA2,M,104,1,0,11.76,0,0
RSNUS6L2J8,F,65,,0,4.34,0,0
AUWIQ3EPNM,F,73,,0,,0,0
8MWERWVZVF,M,92,1,0,,0,0
KYV7RVK3DR,F,88,,0,4.13,0,0
BPPHY5WWSV,M,102,,0,4.74,0,0
MI8FCU6C3M,M,93,,0,10,0,0
NAGM57CUBK,F,89,,0,8.79,0,0
FMV5UBCH70,F,74,1,0,4.98,0,0
QSGLUYNSQ7,M,99,,0,10.49,0,0
2XWQRE752P,F,70,,0,8.84,0,0
V3AIRRIRPW,U,60,,0,12.64,0,0
UJD77HRHH2,F,60,,0,3.39,0,0
V9KIGW3Q9D,M,48,,0,.98,0,0
I12NEVG5TE,M,63,,0,1.26,0,0
FN4WVNEL7Y,M,59,,0,.35,1,0
6VU7FCUEAY,U,47,,0,.11,1,0
XV278E9PJS,F,61,,0,14.24,0,0
P58HQVRTVU,M,63,,1,7.5,0,0
LOXK2Y5C0Y,M,46,,0,12.1,0,0
8FTU1QAK2E,M,46,,0,,0,0
4U1RX3JJBD,U,46,1,0,6.59,0,0
XPT4ZBG4UK,M,60,,0,9.18,0,0
67JMPXEJOR,M,54,,0,.93,0,0
OZZJHVKBPW,M,54,,1,8.8,0,0
Y92LCJJWIP,F,47,,0,2.46,0,0
8RT12YQMRB,M,51,,0,.26,1,0
F2D292K0U7,M,58,1,0,.26,1,1
050O75G52O,M,60,,0,.54,0,0
EY3AYVB52Y,M,48,1,0,3.35,0,0
NCJVCQ72Q8,M,57,,0,4.39,0,0
UZAT9JUTAF,F,45,,0,,0,0
L3HKCE6K1F,M,57,,1,5.13,0,0
AZXSCKO7H2,M,45,,0,3.99,0,0
ZTXH9RGU06,F,62,,0,3.16,0,0
QX2DO20WI9,F,56,,0,4.1,0,1
0TV08AOK1D,F,52,,0,4.66,0,0
V2DP1VNMG3,M,58,,0,,0,0
NSHOG51Z80,U,46,,0,8.44,0,0
6768TXB6F2,M,47,,0,2.72,0,0
3YUW2LUYZG,F,60,,0,2.05,0,0
2ZLLKSR4IO,M,60,,0,,0,0
H8Z8N095WV,M,48,,1,10.74,0,0
YK24KRDRC7,F,52,,0,,0,0
I9B6FN7MVY,F,50,,0,1.26,0,0
8OCT85X6HT,F,47,1,0,,0,0
XJDTE9CLKG,F,49,,0,2.12,0,1
HS82TXD3YD,M,62,,0,14.59,0,0
TMURM13ZBZ,M,55,,0,1.87,0,0
3Q5U4PQSQO,F,47,,0,2.19,0,0
M62VRJ5SGS,U,46,1,1,10.46,0,0
CIBYMTM9SC,M,59,,0,17.09,0,0
LGCHGFOT91,U,55,,0,5.14,0,0
JPELEP5041,M,61,,0,13.25,0,0
1FKENZRGSN,F,59,,0,2.07,0,1
OIJ2HAU89H,F,49,,0,4.14,0,0
GBXVUCW02Y,F,57,,0,21.22,0,0
1RRLYM7B08,F,60,,0,.26,1,0
SFOKNO19IF,M,45,,0,10.93,0,0
WMFWYJLET8,F,53,,0,2.99,0,0
JC4CPTBJ34,M,59,,1,10.19,0,0
FQ6X48Q67C,U,47,,1,3.42,0,1
6TLF21255W,F,55,,0,2.44,0,0
JXNKR90K5P,F,49,1,1,4.55,0,1
U5NFBXVN4Y,F,57,,0,1.61,0,1
WBRBXF31AF,F,61,,0,14.1,0,0
1B09JFLH0E,F,63,,0,10.96,0,0
WQLZ98S6PK,M,62,,0,.93,0,0
L5PFI3S3DT,M,49,,0,4.37,0,0
1HB6GOURF6,F,61,,0,.51,0,0
A7KGZH16AP,M,58,,0,5.74,0,0
TBHUFGT4I0,M,51,1,0,7.15,0,0
PCMO4ZN0VO,U,52,,1,1.12,0,1
B69S4ZOD5N,M,64,,0,4.94,0,0
TZI5785J5N,F,64,,1,2.25,0,0
BRN7N7A2JD,F,53,,0,13.18,0,1
SS78WJFMX1,F,63,,0,.12,1,0
5UR2YZ7UCD,F,54,,0,,0,0
7QCVPPIJQH,F,57,,0,.42,1,1
624ABRLFCM,F,52,1,0,3.04,0,0
ZYDUVOH2MA,M,60,,0,12.86,0,0
UR2L1064A7,M,56,,0,10.85,0,0
XMHPRVR7OX,F,48,,0,2.82,0,1
WBFBORO00Y,U,50,,0,13.74,0,0
HX9EDBPSCO,M,55,,1,,0,0
015LL2W6EI,U,52,,0,27.6,0,0
RAZACFMA9M,F,59,,1,,0,0
51LAVGETH9,U,46,,0,10.36,0,0
Z7LRTCOFMB,M,57,1,0,9.06,0,0
8LAS89ODFG,M,54,,0,4.46,0,0
E8OH2KWY3I,F,63,,0,14.28,0,0
QLGO4WN7Y0,U,59,,1,14.61,0,0
X0XZ0SDMTV,F,56,,0,9.58,0,0
KYMBJCRXKG,U,60,1,0,1.91,0,0
3C8EWWPZUZ,M,64,,0,,0,0
XAXF1TK38F,U,51,,0,29.36,0,0
JLUJQU8XQA,F,56,1,0,7.94,0,0
N44VRFHNQ6,U,55,,0,.71,0,0
EHIEP8D3KD,M,57,1,0,,0,0
00RZDQNDM0,M,55,,0,8.99,0,0
WRA05IFTHN,U,62,1,0,,0,0
DSA8CFYMS1,F,63,,0,,0,0
ZP90KBLYH0,F,64,,0,2.23,0,1
0XETHXZL38,F,58,,1,27.5,0,0
EK3FZ52E1S,U,57,,0,1.11,0,1
RDMK6GTO5A,M,64,,0,10.01,0,0
GDC0U2Q88M,M,52,,0,14.88,0,0
XR5P6KIQ1V,M,55,,0,3.64,0,0
0O56VXBCHB,M,55,,0,4.33,0,0
MPL36Q2BST,M,51,,0,8.89,0,0
U37D3PT07A,F,62,,0,12.06,0,0
CZGC5Z9L50,F,55,1,0,14,0,0
F3IOC4YX3T,F,49,1,0,,0,0
JZTKETIA4W,F,48,1,0,2.84,0,0
B9Q55DWXY6,M,64,,0,9.42,0,0
1LVUYLRUE1,F,62,1,0,.63,0,0
T0IOOWZZQH,U,50,1,0,12.04,0,1
GGBP8LRLY8,F,47,,0,1.36,0,0
NZ7HL4JBXW,M,54,,0,2.12,0,0
DD08XY3D0C,M,58,,0,.14,1,0
SC1M2FHH87,F,61,,0,1.78,0,0
O08PQQ8K17,M,64,,0,11.69,0,0
M7IH0GTFPK,M,52,,0,1.09,0,0
PR818J0RQI,M,55,,0,7.79,0,0
NOOROBIBSE,U,52,,0,.79,0,0
LN6BZ5RBJS,M,52,,1,.19,1,1
5RQXOVBCPV,F,64,,1,4.04,0,0
HQDEN61TNM,F,59,,1,1.58,0,0
ZCXXTFE1OM,F,49,,0,2.69,0,0
8NZG5LS5EI,U,63,,0,3.17,0,0
C44RAO8WMT,M,46,,0,1.77,0,1
O6635AQ1SA,F,62,,0,,0,0
5RG8EDUI35,U,53,,1,10.28,0,0
XDS1ZROA2J,M,59,,0,11.06,0,1
2D5PJP3IZI,M,64,,0,,0,1
UG5LJWYB6Z,M,48,,0,12.61,0,0
NQ7F3RKZK9,F,55,,0,5.33,0,0
3X3WCWSMMU,F,56,,0,1.14,0,0
OPX0ZPIY57,U,48,,0,3.34,0,0
8NS46MRUVD,F,64,,0,1.25,0,0
FCCTOWNVE7,F,45,,0,8.9,0,0
03C9TW03PH,U,50,1,0,10.78,0,0
HHC7CWA2PU,M,49,,1,5.68,0,1
13G5SQSORB,M,55,1,0,2.81,0,0
5568GQN4MV,M,62,,0,1.79,0,1
B7PGMRJQYW,U,51,,0,3.97,0,1
2QJQ48FI7E,M,54,,0,13.93,0,0
74Y2J62ZP6,F,63,,0,2.61,0,1
G12B2CIKNV,F,45,,0,.2,1,0
MKTULIGN6N,F,52,1,0,10.87,0,0
BXZUUIY35A,F,60,,0,,0,0
5MZ6QGMI46,F,54,1,0,4.38,0,0
0ZRBKN3XTN,F,58,,1,10.86,0,0
8POFNR2J0G,F,55,,1,4.21,0,0
UKHSISWTTV,F,51,,0,14.26,0,0
HTPEEUEQAD,F,46,,1,7.33,0,0
ECR69YE9VA,U,55,,0,,0,0
OYV1UVNVCC,F,46,,0,3.62,0,0
8805QCHDGJ,M,52,1,0,11.99,0,0
57IUTO8B97,F,62,,0,3.09,0,0
NSOCHJGGZ2,F,47,,0,14.39,0,0
YMNFHB8X4I,M,57,1,0,2.67,0,1
U0EYG6S8LG,U,48,,0,12.18,0,0
U0SM2HO1GN,M,48,,0,2.47,0,0
M7TSKQWCPL,U,51,,0,3.82,0,0
IIVINT47HL,F,46,,0,11.15,0,0
U2G98VA2RG,F,59,,0,5.7,0,0
UELGU7HSID,F,63,,0,8.37,0,0
V5NOPMXQP3,U,58,,0,10.79,0,0
NAFFHL798B,F,55,,0,8.05,0,0
8HHEFFE4FT,F,56,,0,6.09,0,1
ZYX2X43QYI,F,55,1,0,14.16,0,0
O21ZRV4MLF,F,61,,0,7.07,0,0
HAIMFT687D,M,46,,0,11.67,0,0
3M7RSGI4EP,F,50,,0,6.14,0,0
PF85S681B4,F,46,,0,11.35,0,0
NTRW4QBQ30,F,46,1,0,.23,1,0
MZ6FWMA24I,M,61,,0,.4,1,1
D3LEQZMQFV,U,58,1,0,.51,0,1
YOOILRPFZO,F,56,,0,.58,0,1
A6QWNSG56I,M,51,,0,1.51,0,0
EI297M5LRG,F,46,,0,9.67,0,0
KNM3IG02B6,M,61,,0,2.07,0,0
9F8JLUCW6P,F,56,,0,8.52,0,0
B17ZSJGRT0,M,52,,0,4.51,0,0
57GIM84YT4,M,52,,0,6.99,0,0
AMF0FLGT2G,U,62,,0,9.81,0,0
Y7HZPBBATD,M,53,,0,2.05,0,0
NW6DR6ZFOW,F,57,,0,,0,0
YPMBWMX3FR,F,64,,0,3.37,0,0
JF7DLX5UTH,M,56,,1,,0,0
HSIBE0V1F9,F,58,,0,1.6,0,1
928P22SBVI,F,62,1,1,2.59,0,0
4P01YEDCAT,F,53,,0,8.98,0,0
HH0GIT552B,F,62,,0,,0,0
7N4DV2M7H3,M,52,,0,10.65,0,0
TF8NSMHK0H,M,64,,0,2.76,0,0
XALU4J8ET9,U,55,,0,3.32,0,0
GQHJCTMBL2,U,57,,1,.58,0,0
35GX7D6PAR,F,52,,0,6.73,0,0
CWWBTCOELQ,M,46,,1,5.23,0,0
TVBIDHKC2G,F,54,,1,1.07,0,0
A6NKYC7EZ6,U,56,,0,2.96,0,0
NB270PL5UH,U,50,1,1,,0,0
H1L6D4D594,M,47,,0,11.45,0,0
PGQ0OOMPID,M,46,,0,,0,0
CCBX36DUFR,U,45,,0,14.4,0,0
O17XAT5EDS,M,51,,0,.5,1,1
6L6VNFVALM,F,50,1,0,.88,0,1
6MUHZ0BYUY,M,45,,0,9.65,0,0
BKGCJJGAAM,M,58,,0,14.38,0,0
H9T2CPWQ06,M,50,,0,3.37,0,0
7HLSH1RC08,F,47,,0,12.45,0,0
6VWIO3WUPM,F,59,,0,14.59,0,0
SJFKJ917G4,M,49,,0,11.71,0,0
D486V7AWI2,M,53,,1,6.49,0,0
Y8ZSAPQWXZ,M,46,,1,6.7,0,0
N65BMANM4M,U,48,1,0,3.44,0,0
VZV184M5ZZ,U,47,,0,7.64,0,0
9VQBABP66H,F,45,,0,3.4,0,0
ZSCSNY1QMV,U,53,,0,1.3,0,0
8Z9CDH5S1V,M,58,,1,,0,1
T16XFUYDQU,M,48,1,0,,0,0
B2JISJH40L,M,59,,0,1.35,0,0
OWQH0DB960,M,46,1,0,4.02,0,0
4HAE5JYYVT,U,64,,0,,0,0
NC1AST3QBR,U,63,,0,11.74,0,1
K0YL5OOKFX,M,45,,0,1.35,0,0
1KBPR84MUC,U,62,1,1,2.51,0,0
6J2JUEPQ06,M,45,,0,8.54,0,0
QU16JJ6FNV,F,49,,0,8.6,0,1
EKXF4EW3V2,M,56,,0,14.03,0,0
BSPHA1GC74,M,56,1,0,5.49,0,0
CA7DEB3X6M,F,71,,0,5.72,0,1
UKNSDUVSUQ,F,96,,0,11.13,0,0
KB25T72B1W,U,85,,1,.94,0,0
I0R5DKT34I,F,101,,0,2.55,0,0
2J4HXV2D1R,F,70,,0,3.83,0,1
X6P29JZ9XQ,M,89,,0,20.18,0,0
GELKYF4QK5,U,86,,0,3.04,0,0
LI22OS16LK,F,65,1,0,27.24,0,0
OEYVH5N0NC,F,90,,0,10.64,0,0
8U71R3QLO7,M,75,,0,4.57,0,1
VVWN99R3MH,F,101,,0,,0,0
FTUCO2JH2A,M,102,,1,2.5,0,0
1RN08S0F87,M,98,,0,1.96,0,0
5NFD9LXD41,F,87,,0,2.07,0,1
VW12RMLE9R,M,71,,1,11.6,0,0
ASBYOB51W1,F,76,,0,4.58,0,0
BDKQFD0VUS,M,98,,0,11.3,0,0
OZJTF4Y3CS,F,100,,0,2.23,0,0
P872WOOB6E,M,49,,0,6.36,0,0
ENW95IY2T3,M,57,,0,4.38,0,0
K1FTSAA9T4,F,47,,0,,0,0
50T1N5XV8K,M,52,,0,.65,0,1
PZ0DP7HOSR,F,60,,0,4.13,0,0
D6VEQGBYSX,M,47,,0,8.77,0,0
L5TR5VV2F1,M,59,,0,2.97,0,0
ALAT14NN7S,M,62,,0,3.54,0,0
4N2G0DYGVL,U,48,,1,26.14,0,0
N1MHZ9OY3T,M,59,,0,6.04,0,0
TOOCQKLYGW,M,63,,1,1.65,0,0
CU5M656YHB,F,55,1,0,5.77,0,0
CR1WKK8WA0,U,50,,1,,0,0
ZLJIUR8FRD,U,45,,0,9.32,0,0
MEQEOXVZ43,M,58,,0,4.13,0,0
OFMWWN3NVU,U,53,1,0,6.27,0,1
82BUXUNALS,F,59,,1,4.39,0,1
UXDN4Z9TVZ,F,59,,0,4.95,0,0
9K9X3GCKII,F,56,,1,13.37,0,0
BO6UI1ZNY8,F,63,,0,1.35,0,0
HGPEY4E978,U,54,1,0,2.4,0,0
FTE992DEVF,M,54,,0,2.15,0,0
0QAJZ9MWKG,F,55,1,0,8.18,0,0
8VUMTL1935,F,47,,0,12.32,0,0
5E1AI8OC8U,F,58,,0,2.45,0,0
11535FL5BU,U,45,,0,2.56,0,1
RKRZ3X26FS,U,58,,0,10.15,0,0
PXJKGJX7R5,M,50,,0,.24,1,1
J7HYBJ32VS,M,53,,0,.17,1,0
1IY9FBOXB8,F,54,,1,12.69,0,0
U2EMGBYYTX,M,64,,1,7.66,0,0
S8HTJ60HAD,M,55,,1,.59,0,1
DRDD1Q7KZH,M,52,1,0,3.98,0,0
QOXXZTJNYM,F,59,,0,2.07,0,0
7S8RYTAMZF,U,57,,0,3.76,0,0
YDDA2TZM1W,M,46,,0,,0,0
N01EEPRSR3,F,61,,0,2.95,0,0
7F2NPNK1ED,U,53,,0,12.92,0,0
YEYN29XYCV,M,59,,0,7.79,0,0
BQUM1DQ64J,M,52,,1,8.02,0,0
V9U9CWINSX,M,61,1,0,.75,0,1
N7OARHRRLW,F,64,,0,10.42,0,0
37CV7VVPDX,U,48,1,0,4.15,0,0
H48DURWOML,U,48,,0,.74,0,1
MSP7QYQ0U5,F,61,,0,.96,0,1
NUPHQT9IDC,M,53,,1,4.23,0,0
RV6SFYQASB,U,64,1,0,12.5,0,0
49712YV24J,U,47,1,0,7.57,0,0
UW8O60W7H6,F,61,,0,1.14,0,1
RWBN9QOZWR,M,45,,0,12.4,0,0
T8EUDW0HM2,F,45,,0,4.54,0,0
SFIBP3LTGB,M,45,1,0,2.34,0,0
XA9G5IINR0,M,48,,0,2.51,0,0
OSRADKY47C,U,62,,0,2.03,0,0
SLV7T7ZVYR,F,48,,0,5.47,0,0
EP801F2F7C,F,58,1,0,29.09,0,0
PNBNEQW6C3,F,59,,0,,0,0
9E6QPMXOXB,M,45,,0,4.88,0,0
T463ET03QX,M,54,,0,4.69,0,1
236QY8CB7F,M,51,,0,3.39,0,1
WSVAKQDYOP,M,45,1,1,2.8,0,1
K5R3WKE6GE,F,61,,0,2.06,0,0
XZTHO8R1DV,M,61,,0,3.49,0,0
V8NVNLTJA2,M,57,,0,,0,0
7H92C1HBIO,F,56,,1,10.12,0,0
PIQR1MSKMF,F,59,,0,,0,0
TN3J3I88LQ,F,62,,1,14.6,0,0
2B8K3Y8QIZ,F,46,,0,3.22,0,1
ZG8A6B4TNI,M,59,,0,2.12,0,1
Q0AO5G39GB,U,61,,0,1.41,0,0
V6KQWE11JI,F,61,,0,2.99,0,1
B6ITWFFZ6Y,M,50,,0,4.32,0,0
D2N6R9N05D,M,55,1,0,4.77,0,0
E1JP52TZET,F,51,,0,,0,0
L0DDNYJR42,M,52,,0,.81,0,0
D7PAZCN0VN,U,57,,0,7.87,0,0
B3OFYBT7TY,F,61,,0,4.65,0,0
C9COXX4864,F,49,1,0,4.32,0,0
OR7DG3SGCT,F,57,,0,13.53,0,0
QF8K2SSDQM,U,56,,0,,0,0
0E1ZKG43RN,F,64,,0,8.54,0,0
G16W8ODOF5,M,45,,1,9.27,0,0
38IT7PZYAG,F,50,,0,4.2,0,0
BARIJLAYDZ,M,60,,0,13.76,0,0
DZU0P9AT25,F,58,,0,1.06,0,0
6VHQCB7FFI,M,53,,0,4.33,0,0
AHZ8P4UFDI,M,48,,0,3.21,0,0
4PGLC7CAKE,F,63,,0,13.64,0,0
3QLOZSQC8Z,M,53,,0,2.53,0,0
04Y2822TEE,U,48,,1,,0,1
T6SR598Q8H,F,46,,0,13.73,0,0
1RM73WYVQV,F,57,,0,12.57,0,0
IOQAJKRW2I,M,62,,0,10.99,0,0
LYHP3UVMXW,U,59,1,0,11.4,0,0
W87S5F9BVM,F,63,,0,2.45,0,0
7R3SC816QE,M,61,,0,1.1,0,0
X0E3G5ATYH,F,49,,0,11.96,0,0
0DTRJNSLUV,U,50,,1,4.7,0,0
ZAPASY3LBS,M,45,,0,11.77,0,0
DWN6XMYQM8,M,48,,0,7.48,0,0
27KRLF956T,M,58,,0,22.15,0,0
UOPQQJ7AXN,U,45,,0,4.63,0,0
GLCQZ2HRSK,F,54,1,0,.63,0,0
NUV6PC29QZ,F,46,,0,,0,0
NIM8TDTCJQ,U,50,,0,1.96,0,1
FCOYT0X6VF,F,58,,0,6.49,0,0
XAJLESGHH2,M,47,,0,2.61,0,0
71S6NUWCOH,F,52,1,1,.75,0,0
3KIR6GKDAI,F,46,,0,4.15,0,0
KQLTKJYB5U,F,55,1,1,11.78,0,0
O3QME4GA9C,M,54,,0,.27,1,0
49ZAH7LJA7,M,53,,0,4.82,0,0
HIBU0J4Y1X,F,55,,0,2.5,0,0
TC90Z7VV7A,F,58,,1,1.28,0,1
2OAQ82A3IS,M,47,,0,.16,1,0
OX8AYT5WIO,M,55,,1,2.5,0,0
V5D27UYUUW,F,55,,0,.98,0,0
HMSIF96W40,F,64,,0,14.01,0,0
T5MEQSSQLC,M,49,,0,4.59,0,0
W142VP7WLH,U,52,,0,.75,0,0
CQPKXB1ORM,M,53,,0,4.66,0,0
TGGAQALGTE,F,64,,1,4.74,0,1
4B3XL4OYBH,F,55,,1,,0,0
8KT7JZGUDY,F,47,,0,23.76,0,0
PC2M92MQLN,F,61,,0,14.75,0,0
BCQFZN1FL3,M,50,,1,1.93,0,0
01SXCS4ZXK,F,52,,0,,0,0
W4P8R2CN00,U,59,,0,,0,0
WNNBJZ8RX0,M,60,1,0,7.64,0,0
W0EWQ5QARA,M,63,,0,6.68,0,0
SMHIG4Y2V6,F,52,,0,,0,0
VCUSCDPTSX,U,59,,0,3.3,0,0
SZ8A2ANKHV,F,54,,0,1.41,0,0
3JILHBH543,M,61,,0,4.5,0,0
1FK6Q5DUOP,F,47,,0,1.61,0,0
NEG5KT22ZF,M,54,,0,1.47,0,0
KZBXZQ6V98,F,46,,0,6.5,0,0
77KI59RHR2,F,48,,0,5.56,0,0
QEJVIO7OW5,F,62,,0,3.97,0,0
BCEYWUFY51,M,61,1,0,.68,0,0
5O8IGT6OF2,F,57,,0,3.59,0,0
6VW5KXU1NJ,U,57,,1,24.89,0,1
SOCCLT1YI2,M,50,1,0,7.83,0,0
4T61VYHJQJ,F,50,,0,,0,0
K5U2LQSWLN,F,51,,0,,0,0
SIZU464591,M,56,,0,3.92,0,0
PSX58BI6DS,F,62,,0,7.42,0,0
IHCUY1MAGR,F,47,,1,8.69,0,1
OAW49ELH70,F,56,,0,10.64,0,0
R73IENTIM3,F,45,,0,11.69,0,0
TJ31EI5QLK,F,48,,0,23.77,0,0
SDJIH2LQIA,M,56,,0,1.48,0,1
VF6FD5AEYO,U,45,,1,2.65,0,0
ZWTI8CP01W,M,48,,1,12.42,0,0
7QPTNUC669,M,53,,0,2.78,0,0
KM5ADS0E2E,M,64,,0,25.8,0,0
791C2TZU3X,F,63,,0,,0,0
G58HA16Z48,F,51,,0,12.01,0,0
4VA0ZD42PI,F,62,,0,,0,0
3J3UC9LV1K,M,47,,0,.79,0,0
IFWQ6D73Y4,M,63,,0,1.68,0,0
ZB79QCFILI,M,45,,0,14.76,0,0
PWEHQA4YJX,U,50,,0,9.57,0,0
9NFZP75VI6,M,52,,1,1.68,0,0
T6NQ22CREV,U,60,,1,12.8,0,0
FKV089C14N,F,62,,0,13.31,0,0
I5IHC41C6Z,U,63,,0,5.38,0,0
X0M54OAKK4,F,54,1,0,4.85,0,1
EWN2WKVH0H,M,57,,0,1.9,0,1
0DT6HTWMG6,U,56,,1,2.79,0,0
62BRTPWHF1,F,57,,0,7.16,0,0
DN9TWNAKDW,F,54,,0,13.53,0,0
P4VHSB0ME8,M,52,,0,11.45,0,0
OEGE1GTCBP,F,47,,0,25.75,0,0
C7IAM5U4EB,M,46,,0,4.42,0,0
9UH8N5UYW8,F,46,,1,7.67,0,0
ZR5LVWWAA7,M,62,,0,.64,0,0
IYBOF632NT,M,63,,0,1.37,0,0
E5NJX6MD3L,M,56,,1,8.9,0,0
9LWIQCR1I4,M,59,,0,16.57,0,1
7FNC3H3MXW,M,58,1,0,11.35,0,0
5QVY1FC5KF,F,61,,0,,0,0
08SWFPRWXA,F,48,,0,9.22,0,0
2TGAOKR6YR,F,46,,0,1.18,0,0
JAAPCWG9EN,F,56,,0,,0,0
N02ZAID9S7,F,45,,1,1.5,0,0
1CF8LO4Y25,F,59,,0,3.14,0,0
FFAAOAYE6M,M,57,,0,3.07,0,0
SAHSWXFPCU,M,59,,0,2.92,0,0
IIFEIYSSYY,F,45,,0,8.07,0,0
Y4ZJVBIN0K,U,50,,0,,0,0
GA2A590OI0,F,55,,0,,0,0
X2J744U2F1,F,63,,0,6.61,0,0
QDDQFBUCMV,F,64,,0,7.52,0,0
HVTK22UIGC,F,45,,0,4.89,0,1
WDAB95X8YA,M,64,,1,11.28,0,0
NDZOACZUPB,M,45,,0,9.39,0,0
O8AR51P1LA,F,59,,0,3.6,0,1
RAAQFW7LTG,U,53,,0,12.75,0,0
90KF2K2WLL,M,50,1,0,.44,1,0
EY3HEGZOH5,M,51,,0,1.03,0,0
6SIHKS6S2A,M,62,,0,2.45,0,0
N1W3TLX6C2,F,61,,0,3.86,0,0
CJNUPSG0IG,M,51,,1,8.74,0,1
JRV1U5E8LU,M,55,,0,5.09,0,0
9C5843950Z,M,61,,0,11.18,0,0
VJB9UUSL80,U,59,,0,1.16,0,0
UXCMH8CABY,F,49,,1,.18,1,0
K3W7XXLL26,F,47,,0,.26,1,0
CJ662SKVRW,F,59,,0,12.01,0,0
JMHRM2WQX6,M,62,1,0,,0,0
ANK8G7TKPW,U,57,,0,4.31,0,0
4CK02IJJOX,U,56,,0,14.7,0,0
U4C256V0PL,M,63,,0,3.13,0,0
CVJBOXBGND,M,55,,0,1.77,0,0
83NUMILTW9,M,47,1,0,2.48,0,0
5K46S3CU50,M,60,,0,6.23,0,0
ITTHPRMQY6,F,50,,0,4.18,0,0
7AADQFZO3Q,M,60,,0,2.52,0,0
KB291BB5FL,F,64,,0,,0,0
LHG9QU9QLO,M,61,,0,12.16,0,0
08RPWLUAZZ,M,63,,0,4.43,0,0
LCA7MOAPXF,M,53,,0,2.82,0,0
52DHUNITO6,F,56,,0,11.37,0,0
FV9RIOMWKB,M,56,1,0,7.14,0,0
2CE44UAOQ8,U,55,,0,13.17,0,0
C3VZLXYQ61,M,58,,0,11.09,0,0
SC0JGK6BAM,U,61,,0,12.78,0,0
QDPV1SRIFM,M,45,,0,,0,0
DXDFPIJGGO,F,46,,0,2.04,0,0
92PQP11TLU,F,52,,0,.79,0,0
21LTCANFYY,M,58,,0,2.71,0,0
1VCN92R0RQ,M,50,,1,21.66,0,0
4PY4SWFCNE,U,60,,0,13.32,0,0
R1MRXDVIGX,M,49,,0,,0,0
5LV427KORL,F,54,,1,4.08,0,1
BTXXFJNQ37,M,47,,0,4.07,0,0
I39TML6L1P,U,54,,0,,0,0
WY7DCHJM77,U,55,,0,2.48,0,0
5Q9ZAAN3W0,M,46,,1,2.18,0,0
3XTKYZ2BLV,F,48,,0,2.62,0,0
W1OBBZV9HF,M,56,,0,3.25,0,0
33RZLL4BPR,F,54,,0,13.92,0,0
GBCQAFFAEI,M,49,,0,2.18,0,0
0OGJQMYR44,F,56,,1,3.88,0,1
LRNHXT8N52,F,58,,0,2.85,0,0
HNQBUG2CX2,M,52,,0,6.91,0,0
TGDT7P045Y,M,54,,0,1.64,0,1
Q48GFKEULI,M,58,,0,5.63,0,0
G6AYVB7ZCD,U,63,,0,6.03,0,0
BMF7LHMQNM,F,52,,0,10.76,0,0
EZV80URKHW,U,57,1,0,2.68,0,0
67VU4PSOB8,F,58,,1,8.29,0,0
6TY9IHN1WR,F,47,,0,2.4,0,0
FH2REO0JUB,U,57,,0,,0,0
9BMVZ7VR3Y,F,46,,0,4.43,0,0
UXXC8B3LXJ,M,49,,0,,0,0
QWKXGEFMV5,U,57,1,0,6.25,0,0
977KM9NYUG,M,53,,0,5.78,0,0
62FE5TVRL2,U,56,,0,10.75,0,0
VZLKI6OLFC,F,63,1,1,3.31,0,0
UXTFB51IUF,U,45,,0,2.25,0,0
YSTZSRZG83,M,59,1,0,3.14,0,0
OQNDCZ2Z5R,U,62,,1,1.64,0,0
Z85GXOFG9P,M,51,1,0,,0,0
O2EO0YHDWA,M,51,,0,6.12,0,0
SV2734Q4ZA,U,60,1,0,4.56,0,0
C3GAZ3YHBP,F,58,1,0,6.63,0,0
JQASZBX8N1,F,54,,0,6.73,0,0
UGMQME3A1B,M,59,1,1,3.69,0,1
DA12Q53DTS,F,59,,1,13.25,0,0
65LKM4JGI3,F,51,,0,3.01,0,0
ZSO9RY3XC0,M,59,,0,3.99,0,0
SGEGDMTVK6,F,54,1,1,1.65,0,1
1TG9NLVQUZ,F,52,,0,23.55,0,0
VZGMDCVFXD,M,56,1,0,,0,1
9VZBF6ZC03,M,59,1,1,3.71,0,1
JD83AZC2XB,M,53,,0,13.8,0,0
BJ3GBRPSJC,M,59,1,0,1.41,0,0
EWF71DXFWY,F,48,,0,11.65,0,0
E7HU1WVRFL,M,57,,0,,0,0
TTVWDXJNQV,F,47,,0,13.09,0,0
7EWJYMKB7K,F,50,,0,,0,0
U0LBLJU2B0,M,57,,0,2.56,0,0
OGAM8ZNCQ7,F,53,,0,2.62,0,0
W0CFHVT3YT,M,55,,0,4.67,0,0
P3VU7UL58R,F,45,,1,.21,1,0
JETB9N58S8,F,48,1,0,1.75,0,1
9QKNAFVECK,M,63,,0,1.52,0,0
CKQSN21W4R,U,46,,0,,0,0
0HHFUE5PBA,F,46,,0,2.28,0,0
CYPU1L1U4H,F,59,1,0,12.83,0,1
D50MQZX5RP,F,50,,0,8.53,0,0
APBQTMANYP,M,64,,0,,0,0
FSYTXK4IOD,F,55,,0,,0,0
ESIJSDXLZK,U,59,1,0,22.35,0,0
RRQ87PFKPV,U,61,,0,4.36,0,0
T33C95MWNN,F,51,,1,3.03,0,0
4SBGNNZ64E,F,59,,0,25.33,0,1
69ST2CCDDH,F,49,1,0,8.65,0,0
JDF6CWXDHZ,M,53,,0,,0,0
EJW27F8Y7G,M,63,,0,11.63,0,0
V2E842CV82,F,47,1,0,14.85,0,0
P2ZRFU1VDU,F,62,,0,4.96,0,0
UE56FW6EAE,U,47,1,0,.12,1,0
1UVMIZ07KC,M,45,,0,1.3,0,1
ZTVF50XS8L,M,59,,1,3.54,0,0
FFINN4ILUG,F,55,,0,.6,0,1
SG74YX2GBC,F,64,,0,4.15,0,0
BVVCKQSSBP,M,55,,0,4.38,0,0
T2CRE7BBQE,F,62,,1,2.91,0,0
CQ9CEVEB4U,U,61,,1,,0,0
29XN5WXZY7,F,54,,0,.63,0,1
5RWFBXP6GJ,M,63,,0,,0,0
RFVB0S93U5,U,63,,0,.96,0,0
4R1SKHMXWE,M,56,1,0,5.21,0,0
LLLJF3JN2J,F,55,,0,,0,0
WY1C7M8N8V,U,56,,1,,0,0
90XNCRUBNK,U,50,,0,1.28,0,0
PBDUVL1JHF,M,49,1,0,11.49,0,0
XSEXMUC1IQ,U,58,,1,10.25,0,1
6O30YVDKPV,F,52,,0,14.63,0,0
3H1XO0UN9F,U,52,,0,6.54,0,0
QNN8LRK9JW,F,58,,0,4.69,0,0
D7N893SK5N,M,46,,1,13.86,0,0
2189SAMEMU,U,47,,1,8.92,0,1
KSRRGODY51,M,56,,0,12.94,0,0
TAKJMRMCG0,F,51,,0,7.56,0,0
1IHW911E58,M,53,,1,2.84,0,1
25ZXXGGFCG,M,55,,0,3.52,0,0
7FMDRR66FR,M,51,,1,4.61,0,0
D3B1NN9GEF,M,56,,0,11.23,0,0
ZI7HC5B15R,M,49,,1,,0,0
ZN7M9BPJRA,F,48,1,0,1.16,0,0
T5NTHFEP7E,U,64,,0,7.29,0,0
KVQTRGY6FI,M,45,,0,18.5,0,0
1DLETEBT46,M,46,,0,27.56,0,0
V1V8T0L8UV,M,53,,0,10.01,0,0
TBYKPUZVF7,U,62,,1,1.75,0,0
CG1RXBTYO8,M,58,,0,6.82,0,0
EZBRC8HKRS,M,50,,0,4.13,0,0
SSVYAQ8ZL4,F,57,,0,13.7,0,0
KPOUQDMJIE,F,62,,0,5.39,0,0
EQHEIB5A9O,M,46,,0,4.88,0,0
PPP1YKE2PD,U,63,,0,,0,0
YC4YGROUFQ,M,59,,0,2.6,0,0
DMMLI70AII,M,51,,0,.99,0,0
WC7W21ZCS4,F,46,,0,4.92,0,0
JYU8CS6Z8O,M,51,1,0,2.61,0,0
GMMHPKZDXT,F,61,,0,2.79,0,0
AX2F1444WG,F,45,,0,8.95,0,0
MDIQZJIAX7,U,57,,1,7.61,0,0
5GD0B2SG51,F,52,,0,.12,1,0
D1R72RM80G,M,62,,1,4.41,0,1
KIEFRTIVW6,M,55,,0,12.3,0,0
ILQ93S52HN,M,62,1,0,18.06,0,0
GYUUGHL0JV,F,55,,0,6.04,0,0
L4BJ2GAA7Z,F,51,1,1,3.69,0,1
9H4EL7XG1J,M,52,,0,6.84,0,0
RY9I9KJ8OR,U,61,,0,12.87,0,0
HP82U1GVFZ,M,40,,1,1.35,0,0
HGJUKAF6JP,F,40,,0,1.49,0,0
SGVZA24QAO,M,32,,0,1.27,0,0
AB9DGZ8XL5,F,31,,0,3.92,0,0
GA6XTH3QEG,U,32,,0,1.27,0,0
HILUQIKVPE,M,41,,0,2.98,0,0
ZDBKT53UU4,F,34,,0,,0,0
ND26R9NJ4H,F,40,,0,.18,1,0
FYKZ6Y9F1O,F,42,1,0,4.18,0,0
D76RLK54DT,F,33,1,0,2.68,0,0
83C8Y6POMS,F,40,,0,.57,0,0
81HH1FWWA0,M,44,,0,.59,0,0
0MN4BI987P,M,35,,0,12.85,0,0
49SUZ8BLN3,U,41,,0,,0,0
CSPIOTT719,M,42,,0,.24,1,0
FL49QNJALI,U,28,1,1,3.32,0,1
7PUENQYESM,M,34,,0,12.83,0,0
247ETOARGG,F,27,1,0,3.82,0,0
BSOSNS0NFB,U,35,1,0,9.31,0,0
7L3LWYA9RU,M,27,,0,.59,0,0
0TB728PP9J,M,31,,0,4.37,0,0
0GVBPC832V,M,28,,0,4.07,0,0
OYDXMBKEUQ,F,38,,0,7.94,0,0
CR2CPRJUMG,M,26,,1,.72,0,0
C1HQCKNVUU,M,38,1,0,,0,0
3HZQ8MTSX1,U,33,1,0,7.18,0,0
UI6N3QVZJP,F,42,,0,7.27,0,0
F9Y4W8HV88,U,27,,0,10.17,0,0
E1TUNO36W9,M,29,,0,14.48,0,0
3K4WU3EQYL,F,34,,0,2.1,0,0
LER6BR7U7G,F,61,,0,9.2,0,0
H1X75JUY3W,U,52,,1,.49,1,1
DFDGJB7BAM,F,48,,0,23.86,0,0
YLMXH9K22J,M,45,,0,12.32,0,0
FSFWZ4RI1F,M,59,,0,12.07,0,0
VLC9M4VDYF,U,61,,0,,0,0
GI2MSCQ17P,M,60,,0,2.7,0,0
19WTSF3W3I,M,64,,0,1.43,0,1
41FFPSUIOZ,M,56,,0,,0,0
6GWMI3LOGL,U,58,1,0,,0,0
L8Q3I6T09S,F,64,,0,2.8,0,0
ZH2KVB8CNF,F,62,,0,4.67,0,0
LGSEMX0937,F,57,,0,1.68,0,0
MS19WIWOK2,M,48,,0,7.98,0,0
AS6W8DC668,M,53,1,0,8.15,0,0
MZUP3QLN5I,U,54,,1,4.08,0,0
YE2NKLDCEK,F,59,,0,,0,0
SWQ8MUZ8S3,F,58,,1,2.69,0,0
AGBF0XEWX5,F,58,,0,,0,0
TN6I2M0LGR,M,53,1,0,1.15,0,0
NPNAY56URF,U,49,,1,5.58,0,0
6R7HOILXD5,F,52,,0,12.64,0,0
SWUA877GQC,F,46,,0,3.33,0,0
IDD5LICE7L,U,55,,1,5.45,0,0
1GBML987YS,M,55,,0,,0,0
ZHRX0H12TP,M,52,,0,,0,0
QBVP8OLFG7,F,52,,0,8.22,0,0
55GJL1SMNJ,U,63,,0,13.84,0,0
39TMDPIPZJ,M,47,,0,1.44,0,0
SRYY4JVS68,U,52,,0,6.42,0,0
32IF8ZF6LE,F,36,,1,4.19,0,1
ZWDFY4H42V,M,44,,0,.61,0,0
HQ437ZHA65,M,28,,0,2.81,0,0
FGC8IEKAHG,U,28,,0,3.11,0,1
0BCVQVFW3N,F,27,1,0,23.1,0,0
A6VE0EQA3U,U,40,1,0,3.99,0,0
LUPNKQ4MBQ,M,26,,0,1.48,0,0
32PVINV4TQ,F,28,,0,1.24,0,0
XDYO8P61D9,F,33,,0,12.03,0,0
OLG2ISZ90N,F,30,,0,.14,1,1
A8C88XHD3I,F,29,1,1,3.72,0,0
JXEYCXZ6EL,F,35,,0,,0,0
T6SE69TVCH,F,29,,1,4.33,0,0
X7WYLI1AE7,F,27,,1,1.17,0,0
AHXPGP74MA,M,41,,1,2.79,0,0
WNQHOLVV5B,M,43,,0,1.88,0,0
W7RIX8YUQR,M,35,,0,9.17,0,0
RCQCITDL7Q,F,29,,0,4.57,0,0
JDJL43T4IT,M,41,,0,.39,1,1
VCOO0ZL43W,U,25,,0,2.54,0,0
NHVOTAF807,F,35,,0,4,0,0
LNKUV2ZFH9,F,27,1,0,3.59,0,0
O3D97I6005,M,33,,0,3.34,0,0
SK2IBIEQ5I,F,34,,0,19.52,0,0
7KBTP82M2I,M,40,,0,1.73,0,0
G4P44SNXYN,F,35,,0,.85,0,0
DY12JZPS0M,F,32,,1,3.71,0,0
6NPU5LA6JU,M,28,,0,11.57,0,0
VGSKHRNJ50,U,42,,0,8.23,0,0
HTEKUG4Z6Z,U,33,,0,17.53,0,0
95VEHD9ZJK,F,30,1,0,5.46,0,0
TGZ7P100XW,M,25,,0,1.86,0,0
8ZKEA5ZXWQ,M,25,,0,2.44,0,0
YD1U9GP2NL,U,31,,0,8.07,0,0
K6R4KHXCWK,F,35,1,0,13.19,0,0
KWDPS3EPCH,F,32,,0,12.88,0,0
9L1TOEGSVW,F,30,,1,3.95,0,0
XK9WSPA2ZA,F,31,,0,24.5,0,0
7EVS53B1YQ,U,44,1,0,.31,1,0
4V0VB2920H,F,33,,0,3.25,0,0
5Q31INHL0U,U,28,,0,14.83,0,0
YK6FZQCWS8,U,32,1,0,11.64,0,0
HGLL13OTUI,M,41,,0,3.14,0,0
W0P3VSVWCG,M,41,,0,13.74,0,1
4MVP4VYSD0,M,29,,1,17.61,0,0
WEW9S49K08,M,42,,0,4.02,0,0
2VNDLOHKTE,U,41,,0,.14,1,0
IP1Q9PVG4W,M,36,,0,.12,1,0
XT17QHLG3F,F,39,,0,14.56,0,0
QOU4SJUR9Q,M,35,1,0,9.59,0,0
R30Z082UV6,M,40,,0,2.2,0,0
ZTCI31HRU9,U,40,,0,2.07,0,0
X8O8UOMJIX,M,34,,0,,0,1
MBYR4GXYST,M,30,,1,14.59,0,0
ALHSI02LOF,M,27,,1,3.62,0,1
258F765IUL,F,37,,1,3.39,0,1
1PLRL4MR5T,M,32,,0,10.52,0,0
OZFAJDTUPH,M,42,,0,,0,0
RBE4XSW31E,F,35,,0,6.03,0,0
FEPNKSY7ZH,M,39,1,0,4.11,0,0
SUIECRG92M,M,28,,0,12.13,0,0
SE59LM1ONN,U,39,,1,.97,0,1
NS8G85LOR0,F,26,,0,.88,0,0
IQT629I9QZ,M,37,1,0,11.99,0,0
SOEAT95XNT,M,38,,0,4.46,0,0
54WR8YTRBR,M,38,,0,.58,0,0
D1Z65UDE63,F,30,,1,,0,0
HYI8TFZB0X,U,39,1,0,8.86,0,0
HRUUG3NUEK,F,29,,0,14.52,0,0
04IKCOKFGH,U,32,,0,.65,0,0
78UVL7LMLI,F,26,,0,13.3,0,0
GF88GQ71Y3,M,29,,0,3.28,0,0
BL79EMJUE0,U,34,,0,3.84,0,1
RQD2N09TX5,F,30,,0,12.29,0,0
ZXPBGUS3JY,M,26,1,0,3.26,0,1
XGF8VKZUDH,F,32,,0,10.43,0,0
C79IHZ7UJR,F,27,,0,.87,0,0
ACZHG3XSMU,M,29,,0,1.84,0,0
US17TLR3XD,M,30,,0,14.45,0,0
ZGFI7K2088,U,29,,1,,0,0
Y9MLQWYWPF,F,43,,0,3.22,0,0
9THXU7IFNB,F,44,,0,7.85,0,0
VJT69WMLTO,M,35,1,1,,0,0
SK374NM6YL,M,26,,0,9.09,0,0
3JOLGPL6O9,F,32,,0,6.77,0,0
FK03VJDOAT,F,42,,0,6.18,0,0
YUQK6WFAJM,F,28,,0,,0,0
3D8M3C0R9L,M,44,,0,15.4,0,0
WX8E2ARXNG,M,35,,0,27.81,0,0
IAMP7YIO0M,F,30,,0,8.36,0,0
T5F8XAAVNE,M,46,,0,6.78,0,0
HXQGKJ8XWL,M,58,,0,4.9,0,0
24H13TSWVJ,F,59,,0,.12,1,0
HTOJUJVLED,F,61,,1,.98,0,0
G8703T2YZL,M,50,,0,3.75,0,0
J41E8Y2ZOV,F,45,,0,1.95,0,0
ZVUQ4BHSS7,M,62,1,0,.65,0,0
NLU0RO0WFV,F,48,1,0,10.05,0,0
6C7V7ZVCRZ,U,56,,0,.85,0,0
1IPRDQ3SOU,U,49,1,0,.27,1,0
BOV4PQJXD4,U,55,,0,12.09,0,0
25JX2EFDOR,M,46,,1,1.08,0,0
0S0JALZ88Y,F,54,,1,20.93,0,0
6580NVSWA2,F,60,1,0,.47,1,0
KFGAU9232X,M,53,,0,1.95,0,0
E50WO1K7B1,M,55,,1,.97,0,1
UOZ9OL6IXK,M,57,,0,14.3,0,0
HFM4AJHWW6,F,62,1,0,3.35,0,0
WE5KLTXSHF,F,54,,0,2.15,0,0
RIS7SFUW2R,M,61,,0,4.77,0,0
V3OLAQCH7X,U,57,,0,2.53,0,0
EPG4XHZV46,F,53,1,0,2.24,0,1
FG3Z73FQHW,F,48,,0,12.99,0,0
RMN4X0YM3N,F,62,,0,.9,0,0
SQXZ841AEM,M,52,,0,2.7,0,1
HZPXT55XL0,U,56,,0,7.33,0,0
UX9H2CU2FN,M,55,,0,12.58,0,0
IT0W9EB5J9,F,63,,0,11.39,0,0
WNUN32JV82,U,60,,1,4.16,0,0
FR77E44SIK,F,38,,0,3.94,0,0
1QU282YZPD,F,42,1,0,2.36,0,1
1TL4INTKGI,F,32,,1,11.12,0,1
SHOTYJGO0J,M,28,,0,,0,0
KGKZYN20EG,U,32,,0,13.55,0,0
II589FPYDW,M,36,,0,1.68,0,1
7DG3Q6SGMH,M,32,,0,1.8,0,0
42WF4NA153,U,41,,0,6.8,0,0
1IJXKDUC00,F,29,,0,9.8,0,0
32IRZ6QSTW,M,32,,0,3.44,0,0
FT7GHSIHM4,F,44,,0,7.91,0,0
94NMRB7FDO,F,36,,0,2.66,0,0
6ODJHKGVGW,U,31,,0,1.83,0,0
O8XV8YDKCI,U,31,,0,7.24,0,0
9O2G742G3D,F,39,,0,4.03,0,1
1BJN7UV42H,M,28,1,0,2.27,0,1
U6EU5W5YGU,M,42,,0,,0,0
M6TPMOAX1P,F,31,,0,1.06,0,1
4YRMLQLKNZ,F,30,,1,10.57,0,0
44UO3H8V7S,F,43,,0,14.71,0,0
2DQM0SFCTX,F,33,1,1,2.82,0,0
QI8EAEEM2M,M,38,,0,12.31,0,0
KTQUP74C5W,U,33,,1,22.98,0,0
ZO31FCYIRX,U,25,,1,3.07,0,1
ZYW7YLYMSQ,M,26,,0,7.26,0,0
Y0YOH7MVTE,U,26,,0,3.35,0,0
XORH9L5F70,U,44,,0,14.74,0,0
6BM2WQ92OV,M,35,,0,10.38,0,1
WJYRXG8BQS,U,32,,0,1.08,0,0
QVHGORNQNI,M,32,,1,11.22,0,0
OSC5Z0V6GT,F,32,,0,14.43,0,0
DI219THPV6,M,34,,0,14.16,0,0
KWAQ4OYQDX,F,31,,1,12.17,0,0
NZ556QG6F3,M,32,,0,14.81,0,0
RL49QQCB6F,M,38,,0,4.35,0,0
W6ATW6HFYP,U,27,,0,3.54,0,0
RMG2VS9ZIV,F,28,,1,1.04,0,0
5Z540HFK5U,M,31,,0,3.48,0,0
5ENAQ2B3R6,M,33,,0,.54,0,0
3L38EK5MW8,U,42,,0,4.38,0,0
3BDTHAR0HI,F,25,1,0,,0,0
Q7QNP641Z6,M,29,,1,4.41,0,0
KX0D2Z7MRU,M,41,,0,4.75,0,0
3MFMSDU06Z,M,40,,0,10.75,0,1
WXSSBCH20V,U,37,,0,2.02,0,0
F2J0IW37HO,M,39,,1,1.98,0,0
844V7AKAAF,F,44,,1,4.37,0,1
6E133OPEOM,M,40,,1,5.62,0,0
B75LDLQN2L,F,26,,0,11.31,0,0
N4AKO7Q16L,U,37,,0,10.41,0,0
K6Z5AZRNA6,U,42,,0,3.02,0,0
UOLO79XL8D,F,39,,0,.26,1,0
V37KVBVO33,F,44,,0,3.49,0,0
HH90ON8Z4G,M,37,1,0,.71,0,0
N24CEE1IUH,M,43,,0,2.96,0,0
1FCL7D4MTS,M,38,,0,.89,0,0
O9LQD8M7EK,M,35,,0,3.58,0,0
4L9J2EBBI9,M,36,,0,2.84,0,0
XO3LJDD0DW,M,39,,1,,0,0
8F41CXDC93,M,39,,0,14.18,0,0
F22EIG03ZE,F,40,,0,.77,0,1
KTERJE7JYZ,M,43,,0,2.17,0,0
SIY37A3XJO,M,35,,0,2.28,0,0
CW9FHLSED2,M,36,,0,3.13,0,0
OSH85AQUAU,M,32,,0,16.79,0,0
QKOR1T1A3K,F,30,,0,2.17,0,0
KW90QUC3TL,U,26,,0,14.29,0,0
1ERR8M4WWE,F,34,1,0,2.69,0,0
21VUPYBKNR,F,43,,0,4.06,0,0
R93MOHUA4O,U,41,,0,4.37,0,0
NMTVW3H21I,F,27,,1,4.17,0,0
FVZJFWPZIL,M,30,,0,1.56,0,0
JPPN1AX054,M,38,1,0,5.96,0,0
FIJHVA201V,U,42,1,0,.4,1,0
BYOW6CWP2Q,U,37,,1,2.59,0,0
3BUYCIMBBF,U,44,1,0,1.76,0,0
PAUKAMAWLV,M,38,,1,17.18,0,0
EUA0URRT3U,F,38,,0,1.74,0,0
RBUX726LSG,M,29,,0,4.16,0,0
WRL2T7XP1S,F,43,,0,.98,0,0
D9G61JQSFO,M,29,,0,1.3,0,0
RWOIEBYWNA,F,25,,0,4.16,0,0
HYO9BUQ0SV,U,29,,0,3.57,0,0
2D4IJZ0NZX,U,35,,0,8.06,0,0
AFGR3WDUD9,F,43,,0,.81,0,0
VK4J7KFTBL,U,28,,1,.51,0,0
TU7THSYEL3,M,44,,0,4.79,0,0
GDCFS6JAID,M,33,1,0,.4,1,0
U3J2URUQ0Q,M,25,,0,2.96,0,1
GAFLTJKMS2,F,35,,0,8.16,0,0
WKK3ABS0BG,M,46,1,0,1.23,0,0
VT73QFC9W5,U,52,,1,10.32,0,0
7B1UCOC02J,U,48,1,1,2.7,0,1
JWEK4PU1GB,F,57,,1,26.79,0,0
WXWA5F1IIJ,U,57,,0,7.11,0,0
2FQ4IZ2Q1Y,M,55,,0,2.09,0,0
SEYQS458BV,F,48,,0,3,0,0
RH2X9NITOM,F,56,1,0,4.82,0,0
36ED4CSPS1,U,48,,0,4.34,0,0
0GWBAMO41S,F,57,,0,10.83,0,0
7D030R1AQN,M,51,,1,25.62,0,0
5E3O374CF1,M,60,,0,11.26,0,0
1JRQY732EY,U,57,,0,.53,0,1
MPS96EPFKC,M,47,,0,3.97,0,0
6WRF18YILE,F,58,,0,2.34,0,0
USY56592GZ,M,51,,0,1.48,0,0
VSEYUGQ7BJ,F,57,,0,.57,0,0
JAJQH15AAH,U,61,,0,8.8,0,0
ZZPT581MWA,M,51,,0,14.77,0,0
BGJHPIQL3U,F,48,,0,8.42,0,0
318738LXK5,F,52,,0,4.72,0,0
FB1CNQCBHJ,M,46,,0,1.94,0,0
4BPEKZIREQ,U,47,,1,1.37,0,1
A3VWH5LR48,U,60,1,0,9.34,0,0
TXAW1VD9H3,M,64,,0,4.22,0,0
WS51ZF4XEP,F,61,,0,7.3,0,0
LB889EZSJF,M,49,,0,4.99,0,0
YJFXSYGDF4,U,47,,0,,0,0
7K36FXD4UW,F,64,,1,8.96,0,0
U4DAHJO4ZN,M,47,,0,.13,1,0
26OHDPYWG2,F,40,1,0,14.23,0,0
5QMRY0BNBE,U,38,,0,2.91,0,0
F0M90KIJQ3,F,36,,0,1.55,0,1
O28DRVJ3NV,M,26,,0,12.08,0,0
IU6L7NE21Q,M,42,,0,11.68,0,0
TMDIWAFIV3,M,35,1,0,5.11,0,0
3WJNZV4QK0,F,44,,0,9.4,0,0
20IVMV4J35,M,29,,0,9.77,0,0
0YJ80LBY3N,F,43,,0,13.62,0,0
UIHORCSP0K,F,27,,0,1.43,0,0
C7HLHZDLFG,M,28,1,0,4.86,0,0
EM0YI7FLVR,U,31,,0,2.04,0,0
1EV064RQVS,U,27,,1,4.71,0,1
JOQD933TOP,M,31,,0,7.98,0,0
XDY7GZIAFN,M,43,1,0,.27,1,0
HRHM0XZY8T,F,40,1,0,10.48,0,0
QNI0EZXPQW,M,38,,0,2.89,0,0
I4QVMNGT0H,F,39,1,1,14.98,0,1
M57B2QD424,M,40,,0,,0,0
3DCKYNUDWO,F,26,,1,9.1,0,0
HRE0XI68EZ,M,41,,0,2.26,0,0
9HR8UV6Z85,F,32,,0,8.76,0,0
5IM00CT1VN,F,41,,1,4.31,0,0
MTY28HP3T7,M,27,,0,,0,0
LDQNEV13OK,M,26,,0,12.24,0,1
8Q377KUX4T,U,27,,0,8.82,0,0
87H6I2BVKX,F,44,,1,6.54,0,0
3XSXMG4QX1,M,27,,0,5.61,0,0
PEJFAA2HAT,M,43,1,0,1.45,0,0
LMC63G2SOP,M,28,,0,7.19,0,1
D0EBARDXY3,M,25,1,0,3.37,0,1
EV705FUFCE,F,28,,0,1.35,0,1
SA095QZPLU,F,25,,0,10.32,0,0
BGVPTT25AH,F,38,,0,4.36,0,0
6JEP55039Q,F,41,,0,9.39,0,0
S08BQRQSYS,M,33,,0,10.5,0,1
KIBT3N3UZB,M,41,1,0,5.09,0,0
IOOOIKM0ZT,F,44,,1,10.47,0,0
XXVKJIPJ39,F,28,1,0,.35,1,1
A160Q42E2L,F,28,,0,5.95,0,0
UA9TICGHSF,M,42,,0,24.06,0,0
OAQE7Y9UUP,M,26,,0,3.95,0,0
GOI58RPMNJ,F,37,1,0,11.67,0,0
BA44CL8LOC,M,35,,0,2.58,0,0
HPTT80Y4HB,F,38,,0,,0,0
548G8JBEYL,U,40,,0,5.54,0,0
4SCK5S3SAU,U,41,,1,11.95,0,0
ZH968NVFG3,F,31,,0,,0,0
BWSQI0BTQA,F,41,,1,5.16,0,1
R5NY982FX7,F,44,,0,2.7,0,0
TSEI9QDZX8,F,35,,0,4.16,0,0
TD94C8FMSU,M,35,,0,8.4,0,0
8DEP4Z3PD9,U,26,,0,3.75,0,0
B8PG1PVEU9,F,39,,1,3,0,0
NFV9MOW4NI,F,40,,0,23.65,0,0
5NP7V81ZWW,F,36,,0,2.29,0,0
BBTYVG6A4F,F,35,,1,9,0,1
ZJXG12B54D,M,29,,0,8.78,0,0
SHUVB5STKV,F,41,,0,2.17,0,0
5SOMMXBU5Z,M,34,,0,1.6,0,0
G5363943GM,F,43,,0,4.83,0,0
UXNDYF7U07,F,30,,0,2.38,0,0
WFX15KP5A0,F,30,,0,11.49,0,0
1DG1CXPD99,U,40,,0,2.98,0,0
EL9PCR18XD,M,40,,1,3.76,0,1
BVSKJQ6KMX,M,32,,0,,0,0
7CJZS0IJHM,M,41,,0,26.78,0,0
M6L1G8MNTR,M,34,1,0,.86,0,1
RICELGJP88,U,30,,0,8.55,0,0
9HZ2VTOSO1,M,35,,0,,0,0
5WVLVH9MBF,F,40,,0,12.93,0,0
VY2WGRDKK2,F,32,,0,6.23,0,0
O862HPWS51,M,36,,0,9.79,0,0
H1RTM852PB,F,44,,0,3.13,0,1
AYO1LFNR4R,F,32,1,0,8.63,0,1
Y65N2AQ7UO,M,43,,1,5.81,0,0
G915KEUU68,F,26,,1,3.87,0,0
SX93IB60SD,U,26,1,0,5.82,0,0
MYTO3Z4VFC,F,43,1,0,5.01,0,0
DX8AJ1GDYU,M,30,,0,2.97,0,0
U4TMTMSEXG,F,40,,0,2.89,0,0
D4RQCOJVNN,F,40,,0,3.85,0,0
QVVDY3I376,F,44,,0,9.07,0,0
5C3PWEOECL,F,41,,1,3.57,0,0
2F5H408WEM,F,33,,0,3.16,0,0
023EWZ9LPA,M,44,,0,1.17,0,0
U8S0JS381O,M,26,,0,12.75,0,0
7RLRWREEMG,F,32,,0,,0,1
8SYLG0M97D,M,63,,0,10.68,0,0
CGF38QPLLZ,M,45,,0,5.74,0,0
Y1CD7G6XXG,F,62,,0,12.41,0,0
6J607M0FVC,F,54,,0,,0,0
5CO9VK3IBM,F,63,,0,11.06,0,0
TAJUMNXRL5,M,47,,0,5.42,0,0
OK305W2AOO,F,47,,0,9.48,0,0
291IECWGJB,U,50,,1,2.3,0,0
N1VXN4P29M,U,58,,0,4.43,0,0
YC06BJ8FEK,F,46,,0,11.45,0,0
1S4FP576LI,F,48,,0,17.4,0,0
EDS7CBV1H5,U,54,,1,2.55,0,0
5N2EOF38AZ,M,59,,0,1.13,0,0
UMK17OAB5F,M,45,,0,4.12,0,0
QX0J3SC0RX,F,53,,0,3.68,0,0
GU9B8Z3HG4,F,46,,0,2.23,0,0
WPN6O8659R,M,60,,0,3.38,0,0
3366C6TCWZ,F,56,,0,3.32,0,0
HS1741QSXX,F,52,,0,.79,0,0
1SR75HO0P5,U,61,,1,2.08,0,0
AT3G7GCWJ6,U,57,,0,3.46,0,1
WKAA70Z4VK,U,63,,0,12.7,0,1
7JS02GVJWR,F,56,,1,10.57,0,0
TKZVE4IZGP,F,47,,0,.22,1,0
O75WC0QLKF,M,53,,0,12.68,0,0
11YJTI0HD6,F,51,,0,2.86,0,0
QZ8YLOLBG0,F,47,,0,4.77,0,0
O8GTCKYGQ7,U,63,,0,.7,0,0
XXA6ZFP6NC,F,59,,0,8.89,0,0
JS3VHAQ2V0,F,64,,0,3.99,0,0
YTZ9GWKO65,U,34,,0,4.74,0,0
4I4DIVRNKP,M,37,,0,4.11,0,1
4U1LBILH69,U,39,,0,10.1,0,0
QPTGZZC45Y,F,29,,0,,0,0
9ZRX2CRCZB,F,34,,0,,0,0
LQLEBN43JB,M,34,,0,.51,0,0
6LWF5HU6Y3,U,39,,0,,0,1
JEDBPV1O4L,F,37,1,0,2.94,0,0
GOIT7DW1SH,F,39,1,0,,0,0
JT946SHLCO,M,30,,0,4.59,0,0
8SNIREH74M,M,35,1,0,10.56,0,0
PCOUE5DDBQ,M,38,,0,.93,0,0
KWTRBW8A5L,M,36,,1,1.84,0,1
QARRP7KYO1,F,37,1,0,6.94,0,0
A8NB1V2M5O,F,38,,0,3.86,0,0
35NVFO087O,F,41,,0,14.23,0,0
WHBBVY9NTZ,F,43,,0,10.06,0,0
C1U3ZOVLUU,M,43,,1,,0,0
FS0DEAGIE4,U,31,,0,.56,0,0
1TQI3OW4BA,M,40,,0,9.44,0,0
F0K9A6EIH5,F,43,,0,1.55,0,0
ECA9Q48PEQ,F,27,,0,.82,0,0
WYKJ8JO12T,M,44,1,1,,0,1
01IGLZKEPV,U,27,,1,3.48,0,0
IGVYW0H0AJ,F,31,,0,2.07,0,0
1KVKDSK48Z,M,33,,0,1.14,0,0
C5SDOKUD4U,U,30,,1,2.32,0,1
NHNEVJAQWY,U,34,1,0,3.84,0,0
SG9OM0UTKP,U,41,,0,15.29,0,0
BQ2G6SIA80,F,27,,0,4.47,0,0
L4RFNFBWB3,U,27,,0,3.82,0,0
BD0KYHKSU0,M,38,,0,3.69,0,0
1C2YN82365,F,34,,0,1.31,0,0
8X8WGKWQAL,U,25,,0,4.99,0,0
AFA1GIA3JA,M,32,1,0,4.4,0,1
5BCNKR3KZF,M,43,,0,,0,0
Z9UR2M8F1P,F,30,,0,11.01,0,0
UZK9V1RWJP,M,25,,0,3.03,0,0
BJ1ZO2SAGN,M,41,,0,4.63,0,0
9C036NB8JL,F,37,,0,.24,1,1
256WGY0D4S,F,42,,0,4.94,0,1
G6K20JU7IV,F,35,,0,4.49,0,0
6CFMKAZV4J,F,35,,1,1.69,0,1
EY657V51EN,U,38,1,0,3.37,0,0
VATOO32259,M,30,,0,3.2,0,0
RELWZ72ONR,F,38,,0,.57,0,1
T5RDMJ3N2B,M,39,,0,1.54,0,0
29FLHNXFHK,M,35,,0,7.68,0,0
EPSOQN5HAU,F,37,,0,2.17,0,0
4VH8Q46ECO,M,29,,0,8.86,0,0
7MNC4KAQKO,M,38,,0,3.07,0,0
UZ7R7O49LT,U,30,1,0,12.99,0,0
L012FCY0Q1,F,37,,0,14.89,0,1
R47D6YT8VE,F,31,,0,6.31,0,0
W41XD0896P,F,40,,1,24.88,0,1
WL36ZTB86F,M,31,,0,4.06,0,1
N3M91K01KX,U,43,,0,.89,0,0
63II41J33S,M,29,,1,7.19,0,0
QRPD6NVOBQ,M,39,,0,2.4,0,1
9WHD2GWZTH,F,26,,1,5.11,0,1
OKUB7H3SI7,F,27,,0,9.08,0,0
TA4A4OETEF,M,26,,1,1.73,0,0
D8R6F58R0R,U,44,,0,28.06,0,0
WYA3P39FV3,F,34,,0,4.28,0,0
VTENX5XY7H,F,26,,0,5.51,0,0
GJK3IEMW7S,M,36,,0,1.34,0,0
7CX7M89ZSM,U,30,,0,3.65,0,0
8ZME8AJN9S,F,35,,1,3.65,0,0
1XHZ7LXB3U,U,41,,0,11.31,0,0
5PGU67FZUV,U,32,1,0,13.68,0,0
UBIIN0E82J,F,26,,0,14.56,0,0
J4YE2BW7BM,F,25,,0,2.06,0,1
R5Y5U88SXU,M,31,1,1,1.89,0,1
2JGI1QE7CA,M,35,,0,2.3,0,0
AFTGD90P61,M,34,,0,5.76,0,0
CU9KPEGMV5,U,36,,0,3.94,0,0
MDXHRRAM0M,M,27,,0,.34,1,0
34428DTQX8,U,37,,0,1.69,0,0
8VBQ0CESAJ,U,29,,0,4.54,0,0
SGG74IMCGI,F,35,,0,.26,1,0
S96QCL6LRS,M,32,,0,23.33,0,1
V3UIMVGJWK,F,39,,0,6.28,0,0
1U9S3S7ISQ,M,29,1,0,5.9,0,0
7DLQXNY1XX,M,42,,0,.92,0,0
FH7WW1H837,U,36,1,0,.74,0,0
EK537U4F7W,F,42,,0,,0,0
Z61SOCIT80,F,36,,1,3.95,0,0
TAKMSEP1BB,U,32,,1,29.39,0,0
IGMQ6YM24Z,F,42,,0,,0,0
FGT9H7GB45,M,40,,0,3.27,0,0
RM5TNIBVJP,M,56,,0,8.47,0,0
W5D5SZ7DG0,F,59,,0,13.23,0,0
Q989R0Y43F,F,48,,0,2.17,0,1
D1Y5A5I41Q,F,46,,1,2.39,0,1
KAVWZLKL6O,M,54,,0,1.69,0,0
R9I7K5V86T,F,46,,0,7.83,0,0
OTLS6K5HQI,F,47,,0,3.98,0,0
50WW9TA0UX,F,52,1,0,,0,0
IJKVT1EFM2,M,50,1,0,.64,0,1
UZ1QGUXPK2,F,50,,0,12.43,0,0
9GHBOOE3B1,M,48,,0,4.34,0,0
OHEVSSG71N,U,64,,1,7.5,0,1
U8D5DJ3E6I,U,52,,0,8.35,0,0
CKBSD7IA56,M,62,,0,7.77,0,0
E9QKFYRX7H,F,54,,1,8.34,0,0
8RWBC9GYVR,U,56,,0,13.16,0,0
5S7UZ8M7AI,M,50,,0,12.33,0,0
411H4UZ91J,F,55,,0,,0,0
IFHT1MAVE3,U,55,,0,,0,0
7FBL9N8ZM3,F,56,1,0,3.87,0,0
9EYI5L0XOM,U,64,1,1,3.82,0,1
F4LJITB50Q,U,62,,0,7.16,0,0
EY2TF0ARF1,U,46,,0,.9,0,0
RSA17SZD2C,U,47,1,0,1.21,0,0
3Z9LOLR0RL,F,64,,0,9.5,0,0
FQKTK0BVGT,M,47,,0,10.65,0,0
AM3OCHUKCJ,M,46,,0,.64,0,0
PUSV9N3ULV,M,59,,0,1.18,0,1
Q0THNYTFJ9,M,46,,0,2.81,0,0
FYFWMFIZLX,F,57,,0,1.61,0,0
EBND7FOHLD,U,37,,0,.34,1,0
W50FPLECLW,F,33,,0,4.9,0,0
5HBIYBHYPP,M,25,,1,,0,0
PFC7JLK16E,M,26,1,0,2.16,0,1
XC4F0BPJJH,U,33,,0,8.67,0,0
C3GMH81I5W,F,29,,0,.91,0,0
FGL1EFM7ZT,M,43,,0,4.74,0,0
AWMHG08H1H,F,25,1,0,3.48,0,1
DQ3VWHJ4EB,U,41,,1,21.79,0,0
0PV7JKH50U,F,32,,0,3.62,0,0
1PLGK45K15,M,30,1,0,2.89,0,0
DK4ZFUN7C5,M,32,,0,6.84,0,0
4Z23101B9O,F,43,,0,1.65,0,0
PVLO5Z4K8L,M,25,,1,5.16,0,0
04BHSRG6Q0,M,27,,1,3.81,0,0
0TFSA1P3HZ,F,39,,0,14.28,0,0
FESTI2M3FB,F,36,,0,.42,1,0
U1BY77BO6Q,M,39,,0,1.14,0,0
1B4BDZCNJR,F,29,1,0,14.79,0,0
S5JKMW12YW,M,26,,1,1.92,0,0
OA5DEI795A,F,27,,0,12.91,0,1
32VJIS120N,M,37,1,0,3.35,0,1
IKU6JCHTB0,M,26,,0,1.36,0,0
OD4DQV9K40,U,39,,0,2.14,0,0
EP54A61AGZ,M,36,,0,.59,0,0
M3PT9JS4ZN,U,30,,0,.78,0,0
1LU73UBT6L,M,31,,0,,0,0
J80BC6YVXM,M,39,,0,12.52,0,0
JD7B57UL7L,F,34,,0,.57,0,1
GQQMVXC62H,M,25,,0,3.4,0,0
VZR7JVR4WW,F,31,,0,4.16,0,0
JTET0TI5RE,M,42,,0,12.89,0,0
B6F7HQ98IQ,M,33,,0,2.5,0,0
JQLZ60N2C7,U,28,,0,17.93,0,0
D3YP9LU77C,M,40,,0,.11,1,0
CJJSW8B442,M,26,,0,,0,0
1G6ZC8ZWCC,U,39,1,0,10.34,0,1
03P7PKANGG,M,36,,0,4.01,0,0
KJARUSL1H1,F,34,,0,14.68,0,0
Z40HXLV9RF,U,35,,0,,0,0
NSNRMPRFMI,U,29,,1,10.96,0,0
PNE7J4U84V,M,29,,0,8.94,0,0
KFGWIULGWL,M,36,,0,1.38,0,0
KCE32NJ9FN,M,34,,0,10.05,0,0
5X25RSZGOG,F,34,,1,4.57,0,0
TYHK3VEMC3,F,35,,0,1.75,0,1
AKH4XM4BR3,M,44,,0,3.34,0,1
D4F1HXN0HE,F,43,,0,6.65,0,0
B2ZX8YHARS,M,33,,0,10.65,0,0
VZYXD88YR5,M,43,,0,11.09,0,0
5OG8FQRQM5,U,41,,0,4.77,0,1
TRUJ4H666D,F,44,,0,4.28,0,0
1QKWAJ5M70,U,37,,0,3.94,0,0
YM5AE6PIW2,F,33,,0,2.38,0,0
54FVO1ELLK,M,40,,0,3.36,0,0
6RGBO536EU,M,39,,0,.13,1,0
S7BDHJEH7W,U,43,,0,1.25,0,1
BYMM0BWWPY,M,32,,0,1.26,0,0
FO081U7T4J,M,33,,0,4.85,0,0
FSC37M8U5E,F,42,,1,1.39,0,0
A7VI0CN8SP,F,29,,0,4.36,0,0
4NEGW6O7L3,F,38,,1,2.46,0,1
BC6S0A57PO,M,26,,0,4.38,0,1
H7144O2LOO,F,34,,0,10.19,0,0
U2YW11RGG3,M,26,,0,5.74,0,0
FVEZE1CPO3,F,31,,1,1.6,0,0
9S6VQLWEDV,M,29,,1,3.92,0,0
3RD2F398RK,F,35,,0,4.18,0,0
HWDLUTR87T,M,35,,0,2.56,0,0
Y62Y4WV5CC,U,35,,0,10.97,0,0
AFY2MBWOE1,U,26,,0,12.87,0,0
XSBA9071K8,M,40,,0,8.66,0,0
NR8D3Q3OJO,F,29,,0,4.81,0,0
LAG7CGZA76,U,26,,0,2.25,0,0
9ZIJABN7PR,F,33,,0,14.82,0,0
FCCMK2JBL2,F,28,,0,.63,0,0
BYF30WTATA,M,38,,0,3.31,0,0
4ZIKB3Y6GF,F,39,,1,.86,0,0
FK5314IHMK,U,41,,0,9.78,0,0
DIWWVWIFSL,M,40,,0,1.02,0,0
XGXNGABERQ,U,43,,0,1.97,0,0
A5OCP106FE,M,40,,0,.69,0,0
0A55IK1RB2,F,39,,0,,0,0
P6NSOAU6HH,M,34,,0,7.93,0,0
VVBRUV97GV,F,25,1,0,,0,0
2GGUY7321F,F,33,,0,1.39,0,0
0NC61UOMTZ,F,29,1,0,11.84,0,0
73BQTW7HFL,F,35,1,0,,0,0
9H09EO5YUI,M,45,,0,4.3,0,0
NRNZI6Q5LM,F,58,,0,,0,0
AOCY12L0IA,U,63,1,0,12.67,0,1
ZAKGJT838Z,F,62,,1,4.02,0,1
T66TMHE851,M,49,,0,25.63,0,0
MS6LHIXT66,M,63,,0,2.73,0,1
2DIWL53PAX,M,62,,0,28.91,0,0
BXSLAO7I2U,F,62,,0,10.25,0,0
KWYTMOG2WI,U,50,,0,6.31,0,0
Y0JQBFEMJY,U,54,,0,.33,1,1
N8OW813S6K,F,48,,0,.44,1,0
ESBXXCO4LU,U,49,,1,8.62,0,0
MHP984EUUO,M,62,,0,2.8,0,0
EFLX51CZA1,M,63,,1,1.83,0,0
1LYZZCJ8IT,M,61,1,0,,0,0
Z4IWE4PGMU,F,45,,0,12.63,0,0
NV9CMAKGFY,M,48,1,0,5.68,0,0
HZLOUMT2JM,U,63,,0,.42,1,0
AVNU49322O,M,54,,0,4.8,0,0
1QDEVNJYPU,M,63,,0,2.51,0,0
4TOHYWFTT3,F,56,,0,9.09,0,0
ZWJWIOUXR4,F,52,1,0,1.64,0,0
RYQHDIZZ11,M,52,,1,2.96,0,0
WCCNI7MV4B,F,48,,1,1.92,0,1
3SPS5LRHY7,M,58,,0,8.07,0,0
R2GCZ7P254,F,55,,0,1.18,0,0
M4FENTOJHJ,M,45,,0,7.8,0,0
S2JKPLZAO8,F,53,,0,9.48,0,0
H7X2SGI9KW,F,54,,0,5.55,0,0
NZ7PAK4HGW,F,58,,0,,0,0
YHD3SR4I16,U,33,,0,1.98,0,1
0KK0R0TJ3U,M,34,,0,7.01,0,0
G7Y1I5B2KQ,U,42,,0,1.1,0,0
PCB8J403AC,U,29,,0,3.41,0,0
HHIEO989OW,M,43,,0,3.46,0,0
N9T3O8GO66,F,31,,0,10.98,0,0
G3GYWRRQI3,F,34,,0,8.16,0,0
KA3FRYWXN9,F,31,,0,5.9,0,0
F2A8RGTFMD,F,25,,0,14.17,0,0
XEJ3W1WRDB,M,37,,0,10.76,0,0
H97OW3EKR4,F,33,,0,2.55,0,1
40281YEAQ6,U,41,,1,1.37,0,0
8K6XSTYKIH,M,29,,0,1.53,0,0
XH2SVM21M8,U,26,,0,.99,0,0
OMZI3YDMT0,M,26,,0,6.41,0,0
MINV7Y5X8H,M,31,1,1,6.13,0,0
LKWOICTRLD,U,37,,0,5.94,0,1
34POXKCZ78,F,38,,0,14.44,0,0
5RONDZA07H,M,28,,0,.33,1,1
VZIVGZC0KI,M,26,,0,1.59,0,1
IM21CD6IQ7,M,26,1,0,,0,0
XB94NQTOBP,M,38,,0,,0,0
JWZCQ4XI6J,F,28,,0,2.88,0,0
ZEKOHHLW4D,F,35,,0,5.8,0,0
5WA0VLL090,F,42,1,0,17.5,0,0
CWU00ECNN1,U,31,1,0,3.08,0,0
443SZMUE2W,U,44,1,0,3.29,0,0
EAAO1QIICX,M,38,,0,,0,0
OTL4GKJNSV,M,36,,0,,0,0
OOWEYL6SUJ,F,33,,0,10.76,0,0
HJP0E87W1R,U,25,,0,27.95,0,0
3J98BSW39Z,M,35,,0,14.22,0,0
OULX46M6ZS,M,40,,0,12.69,0,0
8PG9FXMYKQ,F,41,,0,3.38,0,0
6CUAMACVEM,F,42,,1,,0,1
QQAJJ65A6K,F,41,,0,2.08,0,0
27PVCOS0GB,F,29,,0,1.13,0,1
JQ41SIP77E,F,35,,0,4.93,0,0
4L4T2DE80F,U,32,,0,,0,0
WV0AXKV2LN,F,26,,0,3.98,0,1
66OUE48V9V,M,29,,0,20.49,0,1
7APFXX06TO,M,42,,0,4.48,0,0
X1BK5CGRFO,M,41,1,0,11.68,0,0
WKOMOXOPXF,F,38,,0,13.17,0,0
C7389ZA1DN,F,28,,0,1.7,0,0
HQ9XE01WXB,F,35,,0,19.63,0,0
8ITOPAB34K,U,36,,0,6.73,0,0
6YB46UYIGD,U,27,,1,12.11,0,1
WWF5EU61W3,M,36,,0,14.69,0,0
ERWI2F0BSR,M,29,,0,14.96,0,0
OHBCK3HEYG,M,25,,0,4.23,0,0
Y4AGN7KQBB,M,38,,0,,0,0
3NUKE3YLJA,M,40,,0,10.64,0,0
77TQHOY00N,F,34,,0,2.95,0,0
W5Z7AE6OQG,M,38,,0,,0,0
P9YZRVAMHM,F,28,,0,4.09,0,0
8VZUM6HO81,M,38,,0,1.21,0,0
K8I4QRALGN,F,44,,0,.17,1,0
AKN53Z5KLG,F,34,1,0,10.75,0,1
XZWYYARF8Q,U,35,,0,14.26,0,0
AD4ISPHFH2,F,42,,1,4.67,0,0
TDDZ44Z0NM,M,39,,0,5.82,0,0
6M3CF70D42,U,27,1,0,3.79,0,0
XS316N1CAZ,M,37,,1,7.46,0,0
JG4AM97PW8,M,37,1,0,2.38,0,0
LSNY7HNDGU,U,25,,1,2.75,0,1
P5TCL77RM7,M,42,,0,4.75,0,0
WYZ1HGM9WB,M,28,,1,1.26,0,1
BJ0WKVO3OM,U,37,,0,3.26,0,0
354R54TO9O,F,43,,0,14.05,0,0
EX5YT2LVOP,M,43,1,0,2.3,0,0
2YK0RIM8J1,M,38,,1,5.98,0,1
6R887IIY0S,U,38,,1,1.83,0,1
JVXAW87KTH,U,41,1,0,2.21,0,0
KZQNHVURI6,F,30,1,0,.2,1,0
KT5BFYLJYU,F,44,,0,,0,0
4WE4RMZW6N,M,28,,0,11.38,0,0
L28QX1ZY3L,M,30,,0,,0,0
3Y261CUX8X,F,39,,1,7.73,0,0
AQDAS3K94D,F,31,,0,1.61,0,0
WHJVXFRIXK,F,36,,0,13.91,0,0
IW9TH04GT3,U,25,,1,5.29,0,0
3IY8DN5G6G,F,44,,0,1.8,0,1
NBGJK12TUC,M,25,1,0,4.27,0,1
M9K4XCVQXE,U,29,,0,4.62,0,0
I5SSH9I179,U,32,,0,13.21,0,0
GBJH2EGMGF,M,43,,0,1.71,0,0
QKUFMKUF1T,U,42,,0,,0,0
4HT5YMTGGO,U,42,,0,1.76,0,0
V3YBLFWK5D,F,25,,0,.98,0,0
PMM83UN38N,U,64,1,0,3.78,0,0
ND2P84C2YA,M,59,,1,3.63,0,0
I9MRRBBIUN,M,60,,1,1.34,0,0
UOTM2ET2E4,F,61,,0,8.45,0,0
78CZRYZBDG,F,61,,0,13.43,0,0
V5I5JXAKOA,M,53,,0,1.68,0,0
FGCQO3IDNI,U,64,,0,5.22,0,0
4T9GA68GZE,U,45,,1,,0,0
JGM9I70R3U,U,55,1,0,,0,0
JK11HT54JL,M,53,,0,12.03,0,0
3KGBNPTX9L,F,54,1,0,10,0,0
NSZDXD3U5O,U,59,,0,.44,1,1
2QZ4E3K7AM,U,53,,0,6.77,0,0
5LVGDSPUBP,M,57,,0,1.05,0,0
FGI3GPYNT2,M,50,,0,3.66,0,0
LZTAKSHW3B,M,45,1,0,2.11,0,0
TTHF7RGKSJ,M,64,1,0,13.17,0,0
O2EFJHFRFT,F,54,,1,,0,0
STWA9QOVOM,F,63,,0,,0,0
OVFAGEIARY,M,57,,0,4.15,0,0
53YHY072A0,M,52,,0,1.6,0,0
O3PY7GQQ4K,F,58,,0,,0,0
EWB8R7385U,F,58,,0,2.28,0,1
SHI5OJBD80,M,51,1,0,,0,0
P6Y564AAY0,U,55,1,0,4.83,0,0
E2OD757HC0,M,51,,0,7.75,0,0
0RYGTKXV2U,M,49,,0,10.27,0,0
1IP2ITAT69,F,64,,0,11.68,0,0
H433SEC64J,U,56,,0,,0,0
DX2ANB559X,M,51,,0,5.93,0,0
VNJB38DL5W,M,32,,1,1.15,0,0
ZKM1S0B0Z9,U,27,,0,.2,1,0
ANF3ITRNRW,M,36,,0,2.75,0,0
85BK3OBTMW,U,33,,0,10.29,0,0
BB8IJ08BWI,F,29,,0,4.39,0,0
N2YDFWE3RA,M,43,,0,1.41,0,0
QFSXQ8CH1Y,F,26,,1,2.17,0,0
UGO981UVI6,U,32,,0,,0,0
IRAL6H9J50,F,26,,0,4.51,0,0
Y4XAH02KK5,M,40,1,0,12.69,0,0
9B0DOAY80W,M,37,,0,,0,0
ZNNI3V7XM4,F,41,,0,4.78,0,0
6SD1SK6PDW,U,33,1,0,8.57,0,0
PFREDXM185,U,28,,0,.46,1,0
MCNF3B00YE,F,25,,0,3.28,0,0
4PGXF3L5TR,M,26,,0,8.98,0,0
L0XL4SN239,F,31,,0,10.91,0,0
QQJENPSPGE,U,44,,0,2.44,0,0
L3AGRP8AHG,U,37,,0,9.4,0,0
9W2176Y464,U,35,,0,3.46,0,0
59WMI285DS,M,30,,0,17.02,0,0
V9AUGSG7YA,F,28,,0,3.12,0,0
GKIZ76B3FN,U,39,,0,3.91,0,0
8ZYWW5DNXU,U,30,,0,9.97,0,0
931ZO3JF4K,U,34,,0,2.17,0,0
FD56Z2G0EI,F,43,,0,5.25,0,0
IY1XEQO2QV,M,33,,0,3.86,0,0
I273H1MCKC,M,27,,0,3.34,0,0
57NP4GTFKX,M,35,,1,,0,0
JNXQZ7V7BR,F,35,,0,9.97,0,0
XMC2OESUGT,F,33,,0,,0,0
H9Q27G4CQR,U,37,,0,5.67,0,0
FY3J5Y7YQV,U,31,,0,2.43,0,0
PZ3XWQR9V7,F,26,,0,,0,0
3BDWI62OEF,F,26,,0,2.78,0,0
AIPT35MTJK,F,43,1,0,.61,0,0
YGA9WLCE3U,M,25,,0,5.67,0,0
KPQW9QIBB8,M,41,,1,2.64,0,0
HUVK7GUS8N,M,33,,0,3.38,0,0
M0F7PLC4GA,F,25,,0,9.81,0,1
4Z86FDT4TM,M,26,,0,4.31,0,0
VA9IOCC0TS,F,39,,0,25.6,0,0
TQO0SJDN9D,M,44,1,0,,0,0
1SBIYRG23P,M,35,,1,2.09,0,0
BEGPU271ZV,M,44,,0,,0,0
B6GMJ7LHGH,M,33,,0,11.79,0,0
G6TX9XCIND,F,30,,0,1.32,0,0
G98CE0OQ1M,U,28,,0,5.77,0,0
VOL4EUQ0ZG,F,32,,0,13.63,0,0
8P5U7UD1US,M,34,,1,3.27,0,1
GQZWODFOX7,F,33,,0,4.92,0,0
UCVJM4JY6F,F,41,,0,9.34,0,0
HPQWF7WQCY,F,40,,0,9.57,0,0
UAMYMT7D2W,U,39,,0,2.51,0,0
QQG4K5U9IR,F,38,,0,.29,1,0
YATJ11WWMA,M,33,,0,.63,0,0
ZYOTJ81HWX,M,35,,0,12.11,0,0
IN3VL3GAYK,M,31,,0,12.56,0,0
XLXXNDADTV,M,35,,0,7.97,0,0
XQ72SOYYO4,F,42,,0,2.13,0,1
0FAABD6WD8,M,39,,0,6.54,0,0
VCGBTW15ID,U,40,,0,,0,0
5TDJ5ZD9GO,F,40,,0,,0,0
O62552RH7X,M,25,,0,3.33,0,0
0U1IVQDCL8,F,33,,1,3.29,0,0
JBTP4MYHRH,F,34,,0,4.19,0,0
R8AVC8K1XW,F,34,1,0,14.66,0,0
X2ZJKI8I57,F,44,,0,4.74,0,1
31FEJP5W3G,F,27,,0,,0,0
IE2JR2C3MI,F,29,,0,2.57,0,0
EWHWE7HQ9J,F,27,,0,1.28,0,1
FKYFZTSGA4,M,39,,0,,0,0
KEZ0L0HW2S,M,38,1,0,1.75,0,1
53DBI2OIEV,F,25,,0,11.44,0,0
U5R3CASNOD,F,26,,0,,0,0
VG90B277F4,M,37,,0,4.59,0,0
XC0RE7SYIH,U,25,,0,4.91,0,0
TWTWD1BM50,F,29,,1,11.63,0,0
OV4VQHMOBA,F,35,,0,2.12,0,0
PPJNW9AADV,M,27,,0,.79,0,0
UULWXYCVVZ,M,33,,0,12.73,0,0
5JKUEVAM7C,F,34,,0,.72,0,0
VE0802F93X,M,29,1,1,8.65,0,0
KZG1ADJV31,F,37,1,1,3.19,0,0
TRWJ53TOZI,U,39,,0,4.13,0,0
9ESJIZEXDN,F,44,,0,2.57,0,0
P8VL8ZNS0K,F,26,1,0,12.73,0,0
W0AUZMXR9D,F,36,,0,3,0,0
ATZLD13ZQY,M,42,,0,2.05,0,0
B6A2VRAEDJ,M,34,,0,,0,0
WL8LY7FGKF,M,61,,1,1.05,0,1
2BBYEPDVMC,F,47,,0,1.02,0,0
RPA6A4HNEC,F,62,,0,14.21,0,0
JX1ZW921VP,F,52,,0,3.61,0,0
E18NCIL76X,F,58,,0,2.12,0,0
T2HWD2E2BX,F,48,,0,14,0,0
T8FDU5YQ9U,U,50,,0,9.31,0,1
5HEAY019BL,U,61,,1,4.34,0,0
PKKD2QISSN,F,57,,0,11.63,0,0
08WGQPSRCO,U,54,,0,1.63,0,0
MK4GWQVRUE,U,45,,0,4.23,0,0
9BF2GENCHP,M,55,1,0,11.44,0,0
WXIKIBDFHO,M,51,,0,2.1,0,0
V5U4O7BCRL,M,60,,0,9.16,0,0
2HFB7SSC4B,M,58,,0,,0,0
UGAUSVBJYP,U,64,,0,1.06,0,0
Z9COXVI110,U,54,,0,4.64,0,1
5GTCF4X38Z,U,58,,0,26.51,0,0
XNQKW9WUIE,F,63,,0,1.26,0,0
CB0FXO4QOA,M,62,1,0,14.31,0,0
5J4N9EQW3S,F,54,,0,2.78,0,0
B0LHOQ5FW7,M,57,,0,8,0,1
VNWDQVD5PP,M,54,,0,.53,0,0
QFK1SNKJC6,U,60,,0,28.57,0,0
STT5A8W2K2,M,51,,1,3.99,0,1
ZSYV88ZFA9,U,62,,0,3.85,0,0
Z4JFXDNSWJ,M,53,,0,8.23,0,0
VNU0YPXLEE,U,53,,1,2.51,0,0
8DNZJB0KN9,M,58,,0,.29,1,0
QPDS6Q3DDG,U,64,,0,.28,1,0
XND8NL30PX,M,30,,0,1.17,0,0
VB1EL0O1T5,F,37,1,0,18.1,0,1
B2RQ7D5MJA,F,34,1,0,.29,1,1
KNWHWB8PKY,F,33,,0,,0,0
UFRMZ2SISX,U,25,,0,4.56,0,1
008QJUXZXX,F,27,,1,3.54,0,1
BSPDHSS4H6,U,42,1,0,14.03,0,0
CV9UPVF2YX,F,36,1,0,21.6,0,0
0J2SRBNIDJ,M,36,,0,4.68,0,1
XCJINSMV3Z,F,38,,0,1.61,0,0
M1UJ7W2DVE,U,33,,0,3.36,0,1
1JSB9NMTUS,F,29,1,0,,0,0
HSSM0SRJTF,U,40,,0,13.63,0,0
LSB5H5K7LI,F,27,,0,9.31,0,0
A1V9L4GJ0Q,M,29,,0,10.49,0,0
4LJW0SNCAK,F,27,,1,1.86,0,1
S5DHGGEQZ6,F,30,1,0,3.46,0,0
VK97QQL3I0,U,29,,0,2.65,0,0
AQZ7X45UO8,F,42,,1,3.08,0,0
JC0O2E8N0A,F,34,,0,4.24,0,0
ZWU0XRB1RV,M,37,,0,,0,0
2N4W1IROEL,F,32,,0,2.43,0,0
VCR2EOYMW6,M,39,,1,1.74,0,0
OHBMM0P685,F,33,1,0,4.84,0,0
MX5GE07K3V,F,36,,1,1.12,0,0
53JQ92K4TM,M,28,,0,27.83,0,0
VGT5NH6MES,U,31,,0,1.43,0,0
MOM2ICGEMB,U,31,1,0,3.33,0,0
22YWSYMUIK,M,31,,0,11.5,0,0
27ULUSHV7W,F,36,,0,4.14,0,0
BBFKPD8GHD,M,44,,1,11.42,0,1
2NY4QAXE42,M,39,,0,14.95,0,0
COSH6S52O4,F,43,,0,3.95,0,0
84NUCP16ZQ,F,37,,0,2.43,0,0
DH647JSFN0,F,27,,0,5.5,0,0
A3IYRROV4A,M,38,,0,13.47,0,1
8PXU1J7ALD,M,30,,0,29.05,0,0
CLYJ0543U4,M,32,,1,13.27,0,0
AKHNB5SK4G,F,43,,0,,0,1
1JB8S3P0XT,M,44,,0,4.91,0,0
06R4PMF7WB,F,34,,0,8.84,0,0
XZ6JUVK869,M,26,,0,14.35,0,0
L4574Y903M,U,40,,0,6.73,0,0
N7D2XP0RHG,F,36,,0,14.55,0,1
KGS324R9G1,M,42,,0,14.48,0,0
R56BJ0SV22,M,44,,0,4.75,0,0
N8H2VT5C6N,F,35,,0,2.45,0,0
EPMDHHUEAE,M,31,,1,4.24,0,0
8EDT9HDZD5,F,33,,0,7.45,0,0
PRI405IWYE,F,40,,0,9.91,0,0
245ODCM30H,U,34,,0,,0,1
4BL2O1SOQ6,M,27,1,0,11.08,0,0
VYH3UMX70E,F,44,,1,8.06,0,0
FDA12POXN7,M,43,,0,8.07,0,0
UFUG24XUXQ,M,29,,0,1.59,0,0
FDOFCGOFB2,F,35,,0,,0,0
OMA2XEDJ1F,F,40,,1,7.45,0,0
8JZU830PLZ,F,42,1,0,22.14,0,0
FTUCVCK4EB,F,32,,0,12.46,0,0
KIILAFF7GD,F,40,1,0,.53,0,1
FL4EVKWB9I,U,43,,0,12.93,0,0
CBHJGRKNAU,M,34,,0,14.06,0,0
Z462ZWVKXU,F,34,,0,1.72,0,1
OIWUN7T34Y,M,36,,0,.29,1,0
35G8RM99CY,F,27,,0,12.89,0,0
6GRYR7DMFF,F,29,,0,2.36,0,1
PYFNLUAQXZ,F,39,,0,2.78,0,1
I94K56TGBV,M,30,,0,14.87,0,0
2TCSZD6ZQW,U,37,,0,12.7,0,0
PTNIR3D3FX,F,37,,0,3.93,0,0
28B63RWJCS,U,41,,0,1.61,0,0
KM128W44WK,F,37,,0,14.66,0,0
OZA0V0ORI7,U,33,1,0,4.36,0,0
OUX6LG3ZDY,F,41,1,0,4.71,0,0
P9RECQ9C1W,M,41,,0,26.65,0,0
JEMDEOKJR9,M,40,,0,2.39,0,0
AGIJ761VSV,F,27,,0,24.52,0,0
CF5J9HJ744,F,25,1,0,20.94,0,0
1ABALBCIMN,M,40,,0,19.2,0,0
RUABFMZ9OF,U,37,,0,16.47,0,0
E0K07P23FC,U,26,,0,4.37,0,0
SGGH1J5K67,M,28,,0,29.43,0,0
FXM3FIHOVW,U,34,,1,2.53,0,0
N9U8L93KAA,F,37,,0,4.54,0,0
80TV04OF77,M,34,,0,3.66,0,0
V8T86LTFIZ,U,30,,0,24.44,0,0
N9Y3966M0E,F,27,,1,6.66,0,1
FRMHYL52GS,M,37,1,0,2.43,0,0
VG5WG63T2F,M,38,1,1,10.49,0,0
QG35KO1VD2,M,34,,0,15,0,0
Q7YBYXWSID,U,59,,0,,0,0
GL93WFF5K7,F,58,,0,.64,0,0
B54EJJEPF1,M,47,,1,7.01,0,0
OHY4V0SYAJ,U,62,,0,3.48,0,1
5QDLDPL1QT,M,55,1,0,3.96,0,0
013VM24ZEE,U,56,,1,5.25,0,0
LGT0L8X527,U,64,,0,8.13,0,0
WSZZV7JGOC,F,52,,0,,0,0
5Z9WUSSRG7,M,55,,0,6.1,0,0
U91IVZB616,M,46,,0,4.44,0,0
SGGYEADVEG,M,45,,0,,0,0
138P49OTFD,M,52,,0,4.57,0,0
U4OW6RP1E3,M,51,,0,9.57,0,0
OOY895D87C,F,62,,0,2.57,0,1
V5E39536Z6,M,52,,0,3,0,0
CLHYTXXHDP,U,52,,0,,0,0
AB6S8JN6JD,F,64,,0,1.03,0,0
3AVUFI35FV,U,62,1,1,12.57,0,0
UBR1CH1YZD,M,59,,0,11.33,0,0
CJWQ2GTUGK,M,55,1,0,2.31,0,0
0V675AM658,U,46,,0,2.69,0,0
PROY7BZT6R,F,51,1,0,4.56,0,0
D1MMC4Z3MG,F,53,,0,5.9,0,0
PZ98ASU5WV,M,54,,0,3.18,0,0
6H6269KLLX,M,62,,0,8.95,0,0
EMRFW6LQ7B,U,59,1,0,4.71,0,0
01G9KAC1C3,M,61,,0,8.85,0,0
8WQGIDDCNB,U,62,1,0,,0,0
LM45G85WT1,M,64,1,1,6.68,0,0
DZAKUS2ETI,M,49,,1,16.22,0,1
85HDXQZLA4,M,41,,0,7.57,0,0
8GFOM26SZQ,F,43,,0,1.29,0,0
RXM0HXQSU0,M,33,,0,6.13,0,0
EP9PB2UHIT,F,32,,0,14.92,0,0
CYOI8LSEDZ,F,37,,0,9.21,0,0
RC0IRGEFBM,M,30,,1,8.73,0,0
TIVTCANFHE,F,32,,0,14.75,0,0
DD9HPJ4NZ2,M,38,,1,18.02,0,0
YYI13HI82X,M,29,,1,.46,1,1
LGSWBBYDK7,M,39,,0,,0,0
AE63OQZDWG,U,42,,0,4.66,0,0
7A0L3DDWMW,F,44,,1,11.06,0,0
58DU93EPI1,M,38,1,0,4.11,0,1
Z7OJUMDIQN,F,43,1,0,1.5,0,0
QVBNTCZ9QO,F,40,,0,1.76,0,0
6QPPP1C6L7,F,40,,0,,0,1
3SFTMH8TTJ,M,42,,0,1.64,0,0
0JPTZXYNHR,M,28,,0,4.31,0,0
WMCODZ8Z4R,M,40,,0,,0,0
05JQBS4F40,M,42,,1,3.8,0,0
XYKNIW6GRV,F,44,,1,.98,0,1
DY04FDH1KD,M,28,1,0,5.77,0,0
EHEO6GE1YF,F,43,1,0,3.68,0,0
2ROAWWGY3V,F,40,1,0,2.73,0,0
ZVSMSR2KNS,M,34,,0,9.09,0,0
ZXDGDEX9YO,M,28,1,1,5.55,0,1
IQQRRBFIWI,F,35,,1,14.36,0,0
C1U8DYUMXZ,U,28,,0,.35,1,0
U7RNLLUV5D,F,37,,0,.29,1,0
9I5B0GMSWI,U,26,,0,3.75,0,0
OF66VFDF2J,M,27,1,0,3.22,0,0
VBH4WDCGNO,U,29,,0,2.27,0,0
CQIXQ0RWMR,U,30,,0,11.65,0,0
UYH4YKJWPR,M,28,,0,,0,0
6M1XRLV72C,M,40,,0,4.43,0,0
3G2T2OJ53Q,M,41,,1,3.96,0,0
QOYV9AX1E4,F,44,,0,11.65,0,0
NCFW6CW01T,U,26,,0,7.75,0,0
OMR1JUKY5I,M,32,,0,13.2,0,0
YPL85C1HO8,M,41,,0,.8,0,1
44O386J6U4,F,39,,0,13.61,0,0
MNZUA0IVC2,M,42,,0,4.95,0,0
VNET5FLJ0N,F,36,,0,19.68,0,0
QRJRSFK636,F,36,,0,7.02,0,0
IV2HWN9SRO,F,39,,0,.17,1,0
E2J6N6G4LK,F,43,,0,,0,0
BQ94WCA67U,U,29,,0,.69,0,0
OUACTZX60T,M,34,,0,.7,0,1
IJTH1VD616,F,42,,0,.97,0,0
7QMWT88CRY,F,28,,0,,0,0
48TAC3VW50,M,33,,0,13.19,0,0
M2OL5CN8RV,M,40,,0,2.24,0,0
LBHL5MH495,F,43,,0,14.28,0,0
PZB6SPUFR6,U,41,,0,8.5,0,0
WMLCZ68EDP,M,40,1,0,12.87,0,0
S8ZQADC9DG,M,43,,0,14.47,0,0
3QIUDV9PLJ,U,34,,0,,0,0
HEN1IELYV1,M,26,,0,,0,0
CQYVJVMYAZ,M,43,,0,,0,0
0L1C799HGT,M,26,,0,2.55,0,1
BRSVOPPN1D,M,31,,0,12,0,0
7H3UR1JG9B,F,40,,0,13.43,0,0
4LQDDTY127,U,40,,0,2.54,0,0
5TL2EAZVO5,F,37,,0,11.78,0,0
WYC5V1IFBR,F,27,1,0,8.67,0,0
97LQ6QCL4K,M,27,1,0,7.1,0,1
XX6E6U398B,F,42,,0,,0,0
SYW2GU3I06,U,25,,0,3.24,0,0
PFMDFLGOCL,M,30,1,0,9.52,0,0
VR192HSURN,U,38,,0,4.75,0,0
YHMWRFALK6,U,26,,0,2.18,0,0
Y9YYWSU8PC,U,27,,0,2.64,0,0
94DW78QR27,F,41,,0,10.73,0,0
VTYXU214MZ,F,36,,0,5.07,0,0
C3521H89QO,U,37,,1,29.32,0,0
F3JDRAN1PM,F,42,,0,10.53,0,0
MS65JF5LPQ,F,36,,0,11.89,0,0
X6I4G53TCF,U,27,,0,1.92,0,0
1M5YWCQDO9,M,27,,0,9.26,0,0
3H7812LQ09,M,35,,0,2.01,0,0
D7AUVLDDXT,F,39,,0,.11,1,1
PH1QFQ903G,U,30,,0,4.06,0,0
T7C1CXQKW2,M,44,,0,2.58,0,0
V97PDC97BQ,M,42,,0,2.12,0,0
G3622TUZVL,F,39,,0,3.98,0,0
QUNJMJUAIC,M,28,1,0,3.26,0,0
2C5S68UOIC,M,40,,1,1.28,0,1
RA8JNL0NG4,U,38,,1,2.84,0,1
J6COBUIPEX,M,40,,0,7.76,0,0
KOPXUQ81Z8,F,62,1,0,.81,0,1
KFMMGYXEX3,U,60,,0,7.49,0,0
43TABQIKDU,F,61,,0,1.36,0,0
BUZAUQCELE,U,60,,0,.51,0,0
TRBK2VM0Z1,U,60,,0,,0,0
VRWL6G4D05,F,49,,0,2.46,0,0
TN8CN00499,U,62,,0,9.3,0,0
9TYGUNEA05,M,64,,1,3.1,0,0
W8IXWK7Q2F,F,58,,0,2.35,0,0
M62QXIJIEJ,U,58,,0,.19,1,0
O285OGVD0V,M,49,,0,4.45,0,0
LLR91EIZ2K,M,54,,0,5.32,0,0
B68U8PITDS,F,62,,0,.73,0,0
TI0CFY6K5I,F,62,,0,11.74,0,0
77WRCBTSC8,U,49,,0,1.14,0,0
AV736DK80Z,U,58,,0,4.91,0,0
H0SPN7IU1E,F,56,,0,9.7,0,0
3CL07LG7XW,F,50,,0,7.91,0,0
G9W0V0T8LY,M,54,,0,13.89,0,0
ZD7YWTCELE,F,50,,0,3.39,0,0
CGS8CG9YE1,U,49,,0,2.1,0,0
ZC2HR5ND79,F,45,,0,3.08,0,1
4AHRCCG93T,M,57,1,1,3.44,0,1
WIOC7CHA91,F,60,,0,3.46,0,0
Z7CJFTRTTH,M,60,,0,2.66,0,0
VPTROFX21I,F,47,,1,12.85,0,0
BBTINTW1IZ,F,62,,1,4.25,0,0
AJE5UQQUI5,F,48,,0,3.23,0,0
TVJB94W1L5,F,54,,0,9.21,0,0
SCFD9MJX6V,F,58,,0,17.26,0,0
PEGWF0L0HB,F,34,,0,10.65,0,0
G0UGT2F2BG,M,40,,1,9.45,0,0
BBZKAEGG9Y,M,36,,0,13.85,0,0
N1XYH8K80X,F,41,,0,.42,1,1
44SYDG8C7E,F,29,,0,1.32,0,0
5QHLW462D3,M,35,,0,2.51,0,0
DMHAR8HUVD,U,27,,0,3.66,0,1
MRKU0LDQRF,F,25,,0,,0,0
2LALHWNRNV,M,38,,0,7.67,0,0
7G93XJ1ZO5,U,36,,0,2.31,0,0
F2L83IP9KC,U,26,,0,3.73,0,0
38LLLXPI76,F,36,,0,,0,0
9NBRIN21Y4,M,26,1,1,14.64,0,0
8GSYJQJTZU,F,39,,0,2.59,0,0
XQYFNFUMX2,F,26,,0,2.12,0,0
OW7CKQSRS9,U,25,,0,23.19,0,0
UGFQ0FZ3EM,M,32,,0,4.93,0,0
INE83DBHXR,F,38,,0,,0,0
5VB6ZB4YRQ,F,26,,0,5.19,0,0
BP0RYU899S,F,44,,0,14.48,0,0
J7W8RO10V8,F,31,,0,5.03,0,0
CW49UL3VF6,F,43,,0,11.15,0,0
X4611WLGBH,F,39,1,1,3.28,0,0
FY56GQT1SB,M,31,1,0,8.99,0,0
DRIW1WCS31,M,40,,0,.62,0,0
99CWB0O83K,U,39,,0,5.37,0,0
F56MZXNSUF,M,35,,0,9.87,0,0
A23AEWI8YS,F,31,1,0,7.6,0,0
P0GAO05Y8S,U,34,,0,,0,0
3U2T6EPHIU,F,42,,0,3.71,0,0
KT5T4X22YK,M,33,1,0,9.21,0,0
2AUSQPORPL,U,30,,1,3.77,0,0
J2MV8QOTO5,F,44,,0,2.18,0,1
L0UG83WN4N,U,28,,0,4.82,0,0
IP16V46U9V,M,31,,0,2.68,0,1
1RF3F1HOET,M,32,,0,2.1,0,0
ZM54SWYPI5,F,40,,0,.63,0,1
QL835SQ565,F,40,,0,3.77,0,1
8JDV2G92OU,F,26,,1,3.01,0,0
660ZC9N4AE,U,34,,0,,0,0
LNS7TLDPBH,F,37,1,0,1.44,0,1
IGA0BL2V6V,M,40,,0,4.91,0,0
J3W8UA8A20,F,28,,1,3.58,0,1
UNFT4Z8CN4,U,25,,0,16.05,0,0
P2TKSTTUKC,F,30,,1,14.97,0,1
3X372WNMWO,U,36,1,0,3.5,0,1
KBJW5MHGMO,M,36,,0,4.25,0,0
CE26HXSRAJ,M,44,,0,5.39,0,0
NOCPL0ZO5N,M,35,,1,2.73,0,0
T7B5G8GELU,M,40,,1,5.75,0,1
E1TQ62K145,F,39,1,0,.1,1,0
6179EYL1HX,M,34,,0,4.08,0,0
8NK5L0743T,M,39,,0,10.07,0,0
J8GAI3CWK1,U,40,,0,12.09,0,0
PHQLA6ZSCL,F,41,,0,7.81,0,0
RCBMCQEC1B,U,37,,0,10.21,0,0
A0WQ3XSFE2,U,41,,0,,0,0
DJX22GHRS3,F,35,,0,2.25,0,0
K4NNL6YMJM,M,38,,0,3.73,0,0
2DBW6UGY2D,U,35,,0,15.97,0,0
WSWMVG79FE,M,33,,0,11.68,0,0
LJR7E6L7CF,F,26,1,1,9.19,0,1
5AS006X8LI,F,43,,0,8.3,0,0
AOCC2OE7N6,F,30,1,0,9.3,0,1
OTRA9NFU0C,M,30,,1,27.09,0,1
ODG09H55J1,M,41,,0,4.08,0,0
MVI8S7RIF2,F,43,,0,2.06,0,0
KQIJUMV0KM,M,42,,1,.97,0,1
CO781W7J5R,F,41,,0,22.9,0,0
9SP8B0BID7,M,60,,0,7.55,0,0
7W4DO6QEIM,M,51,,0,4.94,0,0
JDAVDGCT8O,F,47,,0,5.79,0,0
EI6CYBBF0L,M,54,,0,3.33,0,0
A2MQ637ZHT,F,60,,0,2.02,0,0
KNNBWJF9SA,F,57,,1,20.69,0,0
OFGU0Y5L16,F,57,,0,7.62,0,0
5GUFVLD0JD,M,61,,0,1.2,0,0
W12SYHE4FQ,F,52,1,1,13.82,0,1
5HKH4N56TJ,U,47,,0,13.54,0,0
7K77QSI4I0,F,56,,0,2.32,0,0
AG753OKTX5,M,60,,0,3.4,0,0
KP9UEPSP2S,M,50,,0,1.37,0,0
P1B26DOUIB,M,52,1,0,9.19,0,0
XG19P38U3E,M,60,,1,2.74,0,0
WDHSPLJZJS,M,48,,0,2.9,0,0
RP92B876CG,M,60,,0,4.67,0,0
J39083VN3Z,U,46,,0,2.87,0,1
TNBHLV69VO,F,52,,0,.13,1,1
773RP20BYP,U,57,,0,12.97,0,0
TINOQRCZ2V,M,53,,0,.94,0,0
9HNWOQMNPH,U,63,,0,1.23,0,0
Q6P6DLE5JC,M,63,,0,20.64,0,0
H24PT7RIAE,M,61,,1,4.59,0,1
92VOYFB0GE,M,51,,0,10.64,0,0
L60JQR4W42,M,62,,0,2.6,0,0
2QB5NYU9IX,M,47,,0,3.02,0,0
3E6HIXNMM1,F,46,,0,12.36,0,0
XHHMWVGRCP,F,54,,1,3.09,0,0
8XTKVOF605,M,50,,0,4.67,0,0
D0NXRIKYWY,M,47,,0,24.82,0,0
Z897YDQ0B6,F,62,,0,2.03,0,0
4023HX89D2,F,53,,0,25.23,0,0
9ES4GJ7FIK,M,60,,1,6.06,0,0
0484UJMUB0,M,48,,0,2.02,0,0
2EX0TBZTX2,F,62,,1,1.94,0,1
DGXIDSFZ8S,U,46,,0,7.11,0,0
9EUJVKX9IY,M,53,,0,14.09,0,0
AL3HSOS6R8,M,64,,0,,0,0
LBGP2SP9Q5,M,55,,0,7.96,0,0
41BAX91DJC,M,57,,0,1.11,0,0
N4389LCDZ3,M,46,,0,13.31,0,0
K6XD334HFY,M,51,,0,11.44,0,1
D77D8WMV9W,M,52,1,1,3.02,0,1
D6IUKJSFY9,F,51,1,0,.24,1,0
XEJ0852XUW,M,50,,0,19.77,0,0
B5BS71QFT0,F,52,,0,1.19,0,0
1V2NT9Y0LZ,M,55,,0,3.63,0,1
B0AJPE5RL1,M,48,1,0,.74,0,1
QU5MFZCPDR,M,64,1,0,3.09,0,0
75C4W5QHNL,U,33,,0,1.32,0,0
CU2LKO30L2,F,29,,0,3.62,0,0
8CCDXNC6P6,M,43,,0,,0,0
TL9DC3L7I9,M,32,,0,2.86,0,0
LNS88CBNL8,U,38,,0,3.89,0,0
H5X29UYAF0,M,29,,0,1.12,0,0
FC72LVWZVC,M,35,,0,6.89,0,0
CBHGS18DZX,F,29,1,0,.13,1,0
3A3TPO2WQF,M,38,,1,,0,1
JAR4XR7QUV,M,44,,0,13.28,0,0
SPPQY3HXWB,M,42,,1,5.48,0,1
ACTO8GMHBC,F,40,,0,3.17,0,1
GVBDJPZB6Z,M,34,,0,4.1,0,0
CG6IOMT5LR,F,26,,0,13.96,0,0
JT6OH50PJG,F,39,,0,15.44,0,0
FRLYSF41XH,F,32,,0,7,0,0
NJPY9KHMNV,M,38,,1,.46,1,0
2K82MDCAOY,F,31,,0,5.08,0,0
K7SZE3KDH7,M,36,,0,7.93,0,0
IJCTW969KZ,F,26,,1,1.49,0,0
KSEC5DOKJK,M,25,,0,7.71,0,0
VDVA616UAJ,M,38,,0,.77,0,1
KOOJSOR2XF,U,32,,0,13.75,0,0
MB9MOCK2J6,F,32,,0,,0,0
TDCLV9457Y,U,41,,0,21.52,0,0
1D2WU584LD,F,29,1,0,10.3,0,0
IWDO12MT30,F,26,,0,9.1,0,0
6434LCQS4T,U,40,,0,1.91,0,0
V0NVL515PV,F,37,,0,11.23,0,0
YMBSSR47LP,F,35,,0,7.73,0,0
LTBLM4ZFZM,U,39,,0,.89,0,0
QCU9F9ED5R,M,34,,0,1.61,0,0
2MZNOPPGSU,F,26,,0,10.98,0,0
CUQDSM4ZXK,U,38,,1,7.83,0,0
OS7UAWZTM1,M,37,1,0,8.67,0,0
5EHWDOIRMW,M,34,1,0,3.7,0,0
H1ZWHN89X7,F,29,,0,1.46,0,0
HQ74QJ4IR3,M,26,,0,3.71,0,0
5WBSWADRKS,F,30,,0,12.83,0,0
MIROGRS50J,M,43,,0,2.86,0,0
OPYWWUIADP,F,41,,0,1.32,0,0
9TX73W6QSU,F,31,,0,.98,0,0
6A6WJFIP7R,M,42,1,1,,0,1
353BKJG5OS,M,43,,0,5.05,0,0
J31NLF7QRA,M,25,,0,15.06,0,0
2BKE6VXTLH,F,30,,1,12.91,0,0
EBE8AS6EPI,F,30,1,0,.96,0,1
23UHP603DX,M,34,,0,.81,0,0
PCWWTQ4IZZ,F,33,,0,9.1,0,1
IJKSMQ0VAX,F,37,,1,7.4,0,0
E1ZHPEJ9LK,F,25,,1,8.17,0,0
5K6PBIQZYG,F,27,,0,1.49,0,0
HNVNSEEB3M,U,38,,0,8.38,0,0
K2KFMU94F8,F,41,,0,12.38,0,0
NR4WGWMKHQ,F,29,,0,3.32,0,1
2SQMGPDU0I,M,28,,0,6.27,0,0
3NDHTYGO7D,U,28,,0,3.11,0,0
VYGJC3XZMY,U,27,1,0,7.55,0,0
QYM3P3ODC6,U,31,,0,11.31,0,0
4BK1IVKM6N,F,58,,1,13.69,0,0
UWJ00LZHVC,M,61,,0,12.08,0,0
B2HA5K0U03,F,63,,0,2.8,0,0
8TJ567EEQB,F,51,,0,2.12,0,0
YS65IO06HO,F,47,,0,,0,0
M4ATSON25Q,F,62,,1,10.18,0,0
DHTSNDW4AB,M,59,,0,5.01,0,0
CJHQ7DUOYS,F,52,,0,9.3,0,0
53XV7WVHPQ,U,62,,0,3.73,0,0
JNFJH5W08W,F,58,,1,1.45,0,1
4SO9PRW9HS,U,57,,0,3.12,0,0
LCUMVIEGIV,M,58,,0,6.77,0,0
7OS1BMDV90,U,60,,0,3.34,0,0
A4HHWGVZIB,F,52,,0,3.83,0,0
224JQHBATX,U,51,,0,5.32,0,0
0USUQN8L71,U,51,,0,12.56,0,1
O04LRQ7JH3,M,58,,0,4.19,0,0
D6T77Y0QRT,M,54,,0,8.5,0,0
JCDL60K1HO,F,64,1,0,3.35,0,0
4KP0ZWV33Q,F,60,,0,5.66,0,1
V6MNO8ASJX,M,63,,0,1.7,0,0
AXOMXHW09J,M,62,,0,9.99,0,1
FIW94AJ9SO,F,49,,0,6.35,0,0
8XEYDNZZ2W,F,59,,0,7.51,0,0
F3FNJY3WJI,M,52,,0,4.02,0,1
W4SWO8FSER,M,56,,0,2.4,0,0
AKKKOX5AIR,M,46,,1,11.89,0,0
4BOIEW049X,M,55,,0,7.2,0,0
K9CCV70A0T,F,46,1,0,3.08,0,0
UG3FRIJPDL,M,50,,0,14.84,0,0
UHBXHE5TTX,U,49,,0,2.74,0,1
EZYHEIKEO1,M,60,1,1,,0,1
HJGDE6ENCF,F,46,,0,2.66,0,0
WEWDHNNUSN,M,47,,0,3.43,0,0
D3Y6V6E3FN,F,51,,0,5.67,0,0
USW6JVP6MV,M,51,,0,13.05,0,0
L2NKJ285TB,M,56,,0,1.99,0,0
91F6EGF84E,M,56,1,0,23.89,0,1
P9M7OU0PZV,U,54,,0,7.7,0,0
ZDTY33OX6F,U,59,,0,1.57,0,0
OKXIKG7GAL,F,64,,0,1.39,0,0
5QQCZVE2EW,F,47,1,0,4.81,0,1
45IJJBIVIK,F,45,,0,4.13,0,1
K8D18FAKY3,F,56,,0,1.82,0,0
2JWRNY0GLS,F,48,,0,14.46,0,0
URG7EX3E09,F,46,,0,1.56,0,0
ZY3DFDNPMI,U,46,,0,5.83,0,0
46JDWYD6WB,F,46,,1,4.92,0,0
T7180IETRE,M,62,,1,8.17,0,0
V877YMKA5H,M,64,1,0,.9,0,0
X2ZGFR0693,U,64,,0,12.4,0,0
XS3FQFWKS9,M,59,,0,14.29,0,0
3SE9J5DHAN,U,62,,1,.51,0,1
JBLRLEFQTD,M,64,,1,11.78,0,0
238MZOBA0K,M,48,,0,4.83,0,1
6GV01EWKWC,M,64,,0,12.31,0,0
7ABA4F1FHI,F,46,,0,4.47,0,0
GJZIP6BRZR,M,56,,0,,0,1
V6VX6Z4G0J,F,54,,0,9.46,0,0
DJIBWN2GJQ,F,34,,0,3.43,0,0
1V2LHE9SZ5,U,29,,0,1,0,0
SZI8ESBZ0W,U,37,1,0,9.78,0,0
W0N2HS2DPC,M,38,,0,.21,1,0
6Q7VGZEOF2,M,32,,0,8.87,0,0
BOO58DN09N,F,38,1,1,12.8,0,1
QMPEKYVR98,U,35,,0,1.39,0,0
ZSKAOS8BF3,M,33,,0,,0,0
AVL036XO8G,M,33,,0,1.49,0,0
IMODZPTD5M,F,26,,1,4.43,0,1
ZKA5ZA3OGZ,M,40,,0,3.7,0,0
S07RQKF7RD,M,44,,0,,0,0
MHTEPHQ4R3,M,33,,0,4.33,0,0
A4DOM1NYHU,M,29,,0,.87,0,0
B5FSI0OYAR,F,29,,0,.6,0,0
OWK4XO8K7N,F,30,,0,1.52,0,0
6FU52T461X,M,36,,0,7.32,0,0
QYJ3RPEE83,M,30,,0,8.24,0,0
S18K9GNR93,F,38,,0,.28,1,0
B8DBW410I8,F,26,,0,1.4,0,0
UN5A0YW286,F,33,1,0,.5,1,0
QEV1UHZSPT,U,34,,0,,0,0
QS5LXDP6JU,M,27,,0,8.2,0,0
DOKHEWTXSR,F,26,,0,4.83,0,0
JBIXVRAS7Q,F,34,,0,5.66,0,0
GGPS5XLCHF,F,44,,0,2.9,0,1
X7NMDY7V39,F,41,,0,14.77,0,0
7ZXM71FAZW,M,43,,1,3.31,0,0
BA591VH1JC,U,41,,0,4.6,0,1
TVLNJZMVES,F,25,,0,4.21,0,1
1UW24MGQU0,F,41,,0,16.75,0,0
83SQIXCSFG,F,30,,1,,0,0
QL1Z7TYIQC,U,38,,0,2.28,0,0
14SQ0N6E2T,M,26,,0,,0,0
LZHBMRGAYN,M,41,,0,4.44,0,0
CYECWK7CP4,M,35,,1,19.39,0,0
4QDULYSVNW,F,37,,0,15.74,0,0
KAZDGOI2W5,F,35,,0,4.4,0,0
IME3C1CJR6,F,35,,0,10.39,0,0
DX6CTKPQW8,U,33,,1,.12,1,0
L3IYYR6YAH,U,25,1,1,3.14,0,1
MNSOOD0EM6,U,37,,0,1.83,0,0
0JI342BGT7,M,31,,0,3.41,0,0
20TTK2R5LY,M,33,,0,3.51,0,1
731CZ0ITSR,F,27,,0,1.73,0,1
BN28RZ5K5W,M,40,,0,17.36,0,0
Q0X1RI7NSR,F,34,1,0,,0,0
YVPCPRHTCP,M,29,,0,3.06,0,0
PNOQ2POUYI,M,43,,0,7.72,0,0
IHVT39IOFM,F,40,,0,2.19,0,0
CG4ZNC9T7A,F,29,,1,5.17,0,0
KXJSLEBR02,F,32,,0,2.66,0,0
MHREIJDLOS,U,37,,0,4.57,0,0
6NF1NNGQTA,M,43,,1,3.75,0,0
8LODEK3EZ9,F,31,,0,,0,0
5G2RNXREBU,U,30,,0,4.76,0,0
WDUG9QNDYU,M,39,,0,9.46,0,0
5A0SLKFCGW,F,25,1,0,13.68,0,0
XGUQFE6JUP,F,37,,1,3.03,0,1
JII77VRJGS,M,37,,1,.86,0,0
H29IOT0Z1Y,F,46,,0,1.19,0,0
F1WX4F21AN,M,64,,1,12.8,0,1
YKE5I3PI9B,M,56,1,0,3.29,0,0
PA16U5IAB9,F,46,,0,,0,0
DHJGOJOI9W,F,62,,0,9.39,0,0
80M5DYXTXO,F,50,,1,.89,0,1
5MJHQZ80H4,U,46,,1,6.81,0,0
7IJ9Q7IDII,U,58,1,0,2.41,0,0
V96G1IOHK5,U,50,,0,10.01,0,0
5EFXTCQ0P6,M,55,,0,1.57,0,0
1ZUV5RNJD1,U,47,,0,1.04,0,0
O3EK4OL7GQ,F,57,,0,9.63,0,1
I1LGYT5XJ8,U,61,1,0,11.15,0,0
8235U6VD8E,M,50,,0,2.58,0,1
1CHELN5CBQ,F,56,,0,6.67,0,0
Y7FWZAB3AR,U,62,,0,,0,0
6DA8L2UQWS,U,52,,0,.38,1,1
A5E68X5O31,F,45,,0,10.05,0,0
LICPYQ7DJF,F,49,,0,15.74,0,0
YRB8HPHQVD,F,60,,0,,0,0
Q7WEA2HXL0,M,50,1,0,5.17,0,0
SLY0MS2DP5,M,47,1,1,12.58,0,0
JJY7POC0D9,U,55,,0,,0,0
Y4P738J1X6,U,54,,0,,0,0
1TBNT8VOAS,U,51,,0,,0,0
9J7FH32PZB,M,45,1,0,3.94,0,1
32ZAHIXVTK,F,64,1,1,13.99,0,1
OR57R6RT14,M,57,,0,4.74,0,0
9S4ZHIGN4K,U,56,1,0,3.01,0,1
PKQMRD2NV3,M,56,,0,17.21,0,0
Q2I2RV5ZE2,F,47,,0,3.74,0,0
3220AL40GJ,U,46,1,0,2.26,0,1
MB4KUJG859,M,58,,0,1.51,0,0
NGGVE7AHBP,U,58,,0,13.16,0,0
X86TXP41CL,M,46,,0,5.36,0,0
GAG92B6J44,F,48,,1,.42,1,0
87K1L9H7X9,F,61,,0,3.91,0,0
JR8NMJ217Z,M,48,,0,1.07,0,0
MNPS9P03WT,F,50,,0,2.9,0,0
OXDBTV29MY,M,59,,0,.76,0,1
TJGQXMG65Z,F,60,,0,3.84,0,0
MLFSXMN396,F,50,1,1,1.44,0,0
HM25O4FZU2,U,58,1,1,11.41,0,0
C94XSSMIMX,F,58,,1,13.08,0,0
BGV8GABW11,U,46,,0,.92,0,0
BNVZ0NJLVG,M,54,,0,10.38,0,0
9S5AVUWZTX,M,53,,0,4.78,0,0
2L6OILZG4Y,U,57,,0,10.68,0,0
JUE3VF4KQN,M,54,,0,.99,0,0
PX8XWP3N5O,M,57,,0,3.97,0,0
M5NWQ09U2D,M,63,1,0,3.14,0,0
9BLWKTLIBE,U,58,,1,5.6,0,0
8WD2D0Y42S,U,60,,1,,0,1
S6QMVVKSXA,M,60,,1,4.67,0,1
WS2VFAOJT4,M,45,1,0,,0,1
ZBJMF0IWZF,M,54,,0,4.03,0,0
YNY0UN14W8,F,54,,0,2.44,0,0
N1ECI4GQIV,M,50,1,0,26.04,0,0
BEAZP1SF2J,U,53,,0,12.8,0,0
2KBHPY0YC7,F,33,,0,3.51,0,1
9QK6IB92OU,M,36,1,0,14.26,0,0
XC28GP5RUB,F,34,,1,4.82,0,0
49GFIWCMXF,F,38,,0,7.33,0,0
IWYETHHRXZ,F,30,,0,.77,0,0
O11EU2BG1X,M,42,,0,2.15,0,0
1MLTIANJ0S,F,37,,0,4.95,0,0
PWY6BM8JUP,F,40,,0,25.53,0,0
U8DQAN6KQK,F,41,,0,13.49,0,0
38FS5VRHE0,F,37,1,0,4.34,0,0
GYJ9NWERNK,F,31,1,0,2.79,0,0
QTBZPY81W5,F,30,,0,12.4,0,0
1T2UKY2BKE,M,37,,1,8.29,0,0
X0OVUBCXPZ,F,42,,0,.57,0,0
A9FYYZU4RD,M,38,,0,3.94,0,0
I621PD890V,F,40,,0,2.44,0,0
ZVUL7ITQQ6,U,37,1,0,,0,0
QEKLQSQBNZ,M,44,,0,1.51,0,0
OU4NE6S5WN,F,38,,0,6.41,0,1
75YQR0UTHC,U,42,1,0,.44,1,1
DFR13QNSBA,U,37,1,0,1.23,0,1
B76IE9FSUM,F,29,,0,3.89,0,0
R8X3DZJTQN,M,34,,0,.75,0,1
WSAD5NZ5S5,M,36,,0,6.05,0,0
8RT40589NH,M,26,,1,3.54,0,0
B1ZEVLPLJI,M,32,,0,3.76,0,0
ONWP5QEC2T,M,31,,0,3.82,0,0
VG1JYJYJIE,M,42,,0,3.48,0,1
7QCZDES9DG,M,40,,0,1.51,0,0
YPCC0UNJPX,M,30,,0,.32,1,0
1O8CP24KGW,F,40,,0,3.26,0,0
JH5DECYJRT,U,30,,0,2.65,0,0
O1V3H24E0C,F,34,1,1,4.04,0,1
5PU6RK0HRN,F,43,1,0,2.59,0,0
ILFTHQSWCM,M,30,1,0,3.55,0,1
A57OA72C0J,F,30,,0,1.17,0,0
3QFP2SNAP0,F,29,,0,9.5,0,0
YAIPRKEXI7,M,36,,0,7.9,0,0
SNK6W5BWPP,M,31,,1,26.18,0,0
33NHQUGT84,F,43,,0,4.32,0,0
BX1RZ8MBVB,F,37,,0,13.12,0,0
AGM2OCW3ZW,F,34,1,1,13.49,0,1
JV0BA52VS5,F,33,,0,3.64,0,0
JJ0AVC1DTW,M,43,,0,2.37,0,1
3G3IQK9H8T,M,25,,0,2.9,0,0
5QIJ59FBZP,M,29,,0,8.94,0,0
IMZJCLSORH,M,40,,0,.99,0,0
SMLP1O0SEH,U,25,,1,7.46,0,1
SBWQTAU413,M,41,,1,7.54,0,0
U860CP567J,F,31,,0,1.89,0,0
BK91MOSLIQ,M,26,,0,3.19,0,0
262F87KT32,M,43,,0,1.22,0,0
53KMF9MAPV,F,27,,0,5.84,0,0
272WBV4YSI,M,29,,1,1.04,0,0
G24LJIMWX0,U,40,,0,20.49,0,0
DTZH69959A,F,41,,1,1.26,0,0
SNA1TJSDN9,F,39,1,0,7.64,0,0
PX6544XZZ5,F,37,,0,8.06,0,0
2QNREMREQR,F,38,,0,2.06,0,0
VWG2ZVBU1W,M,55,,1,3.27,0,0
NHHXUTLSHL,U,63,,1,4.25,0,1
ZH80BFJ3ER,M,52,1,0,2.1,0,1
UCEFW8X5UU,M,47,,0,1.83,0,0
55VGS1RP41,M,64,,0,4.65,0,0
1Y8LVRE7CV,M,55,1,0,11.84,0,0
DLX2DAUXUY,F,61,,0,3.92,0,0
STBZOQKP1V,F,55,,0,9.22,0,0
0O8A0XR0CJ,M,50,,0,8.76,0,0
3IKEFXOYIP,U,53,,0,12,0,0
RNRA8U6ENE,M,52,,0,4.57,0,0
74SCGNXLOE,M,60,1,0,,0,1
C9M1XIDYA3,U,50,,0,4.29,0,0
L2QOUQ6YX2,M,54,,0,6.01,0,0
3HDXHGDWSO,M,64,,0,.33,1,0
HLX0HHFD93,M,56,,0,1.45,0,0
Q1C6VOFY7C,F,48,,0,1.07,0,0
65KU5DQG7H,U,62,,1,2.17,0,0
3TOJ9WYAF3,F,53,,0,,0,0
4ISBPMQFBL,U,64,,0,.24,1,0
MTJLVZRK5H,U,51,,0,2.11,0,0
7IYUVJKB2B,F,53,,0,11.86,0,0
G4E0C4MEM9,F,47,1,0,12.66,0,0
IYL85ZJYWF,M,57,,0,9.15,0,0
HWUTATJYHW,F,55,,0,6.69,0,0
LIJ5K9O59D,F,58,,0,4.94,0,0
BPBHQHPEYF,F,63,,0,14.38,0,0
8WN2XGNTFR,U,62,,0,14.34,0,0
SHRLN0SLL4,U,52,,0,.29,1,0
RO2JJ1PD56,F,50,,0,3.35,0,0
G1DMUIE57J,M,56,,0,,0,0
HCYWY6IF6N,F,51,1,0,5.59,0,1
FVRWJ78Q6X,U,50,1,1,2.68,0,1
E78QJPQUEW,F,63,1,0,5.8,0,0
YFH8NUMDD0,F,59,,0,12.56,0,0
W2ZGGOJBLG,M,57,,0,2.38,0,1
GLA8OMSLBG,F,55,,0,4.18,0,0
RHR3YJQH8I,M,54,,0,.42,1,0
S0SXGYX05Q,M,54,,0,2.71,0,1
3XNXIPH0O2,F,60,,0,2.26,0,0
8UIRBHASJQ,M,61,,1,5.7,0,0
UH4NPR166F,M,63,1,0,3.8,0,0
D491T30VT1,U,48,,0,22.44,0,0
APXNJ2CHD4,M,63,,0,1.29,0,0
VT5I1YT8WH,M,61,,0,1.43,0,0
Z61S502742,M,60,,0,7.8,0,0
XOKOA8VJMW,U,55,,0,3.1,0,0
NYKQP786CV,F,60,,0,3.93,0,1
UBY0X238M0,M,57,,0,2.23,0,0
5P0MMKXJTI,F,46,1,0,16.83,0,0
CDFLGC08KS,U,48,,0,12.64,0,0
XBNSSX43LC,M,47,,0,.71,0,0
J7BIL76ZJD,M,47,,0,10.51,0,1
F6HO7I2THQ,F,57,,0,10.48,0,0
03U5BKX5J4,U,61,,0,.23,1,1
3VCK0OBLNI,M,61,1,0,13.18,0,0
MBM40VFTVW,F,60,,0,1.95,0,0
F3FP1Y3QOD,U,49,,0,11.66,0,0
9K2B2HXU4Q,M,61,,0,16.21,0,0
U48WSZDKZ6,U,56,,0,11.69,0,0
L31ZPLFT75,M,38,,0,10.21,0,0
VRTX4VDKM2,M,40,,0,4.72,0,1
FIHQWUJM2R,U,43,1,1,3.98,0,1
0V2NG1LIJ5,U,26,,0,.98,0,1
33QK6B4JL1,M,41,,0,15.72,0,0
A9L8VB0E64,U,42,,0,11.29,0,0
0N20194EAT,F,39,,0,24.72,0,0
CD81QY6QSO,M,40,,0,11.54,0,1
ZG7NNCK48P,M,30,,1,.35,1,0
TCH7O1PIOE,F,39,,0,14.64,0,0
OKTQ2ON6A5,F,33,,0,11.17,0,0
PIZPL0S1NN,M,26,,0,11.04,0,1
86CQLTQW25,F,44,,0,2.89,0,1
18MMPR105F,F,44,1,0,8.68,0,0
AAG7KA5FMT,F,31,,1,12.48,0,0
UUATGILHQ1,M,39,,0,.28,1,0
ZZZ6JG1RID,M,34,,0,12.91,0,0
6XRSW5RG2O,F,38,,0,.35,1,0
XJSYG25FV7,M,25,1,0,1.5,0,0
XOLIDTMHJL,U,40,,0,.67,0,1
V1RXYWNEJS,M,30,,0,9.89,0,0
PQHR7IGKO7,U,36,1,0,8.82,0,0
12X8VKLGQW,M,28,,0,6.3,0,0
VP72912T89,M,29,,1,5.71,0,0
6AOGTJI0WB,M,31,,0,4.36,0,0
0RGWWPHOE4,M,29,,0,14.53,0,1
R1LWL7EM1V,M,36,1,0,24.47,0,0
25K5MB05MK,M,30,,0,6.04,0,0
SKGHD5FRUW,F,28,1,1,13.89,0,1
21HZ414JBQ,U,25,,0,3.31,0,0
DGH28I56HM,F,35,,0,8.6,0,0
K9C450ZX89,M,43,,0,,0,0
CTZ6MJCRAL,F,42,,1,23.07,0,0
7NXJ6X4JWA,M,41,,0,29.57,0,0
SCESS3YUAO,F,40,,0,1.8,0,0
LZCLQ5NGQK,M,38,,1,.49,1,1
H4QJLUPD58,F,28,,0,11.35,0,0
7H1BHCMAUC,F,44,,0,29.78,0,0
181BJRBC27,M,34,,0,29.95,0,0
S70UIUXMAS,M,30,,0,,0,0
L3RKA7T59F,M,34,,0,.28,1,1
BN7JFJ3NZD,M,28,,0,2.53,0,0
2APRJVPIA6,M,31,,0,,0,0
ETZ7GFUCIC,F,37,,0,16.96,0,0
U3V0RFASXU,M,30,,0,3.02,0,0
B67CJO3R6T,F,35,,0,.6,0,0
430RR3TXNU,F,37,1,0,4.71,0,0
UK9C7UJWVP,M,41,,0,.49,1,0
3YWMPY77VO,M,27,,0,.81,0,0
D21ZOPNOPP,M,41,,0,1.71,0,0
FIZO4N4DD6,F,28,,0,7.41,0,0
BATCBREVOH,F,31,,0,13.65,0,0
NU5FCMTRDN,U,26,,1,4.16,0,0
8YBVU0ABP7,M,42,,0,11.15,0,0
YXBIG3YEG4,M,37,,1,.29,1,0
ZMX4KH4Q41,M,32,1,0,3.39,0,1
NXCQUP9HEF,F,38,1,0,8.49,0,0
Q64K58VP1Q,M,26,1,0,,0,0
N11R69F3SY,M,39,,0,.43,1,0
F5WWV8Z517,M,55,1,0,3.84,0,1
JEBQRJMWTB,F,49,,0,11.08,0,1
D9SKZG5DV8,M,57,,0,11.4,0,0
MYZVBFBJLH,F,53,,1,3.44,0,1
OMU8RQZ01H,F,54,,0,3.57,0,0
A2DQBFXZ69,U,62,,0,2.43,0,1
8WHWOJD9XG,M,59,,0,,0,0
L1RPA7QCSH,U,58,,0,5.82,0,0
TJ70I7CN3R,M,49,,0,10.81,0,0
W9367WZZ3D,M,54,,0,4.21,0,0
NHVQ3A2K1E,F,62,,0,3.95,0,0
OTUZFHBV2R,F,45,,0,5.74,0,0
5W96P325BN,M,53,,0,.19,1,0
P39KJ0WCF7,M,61,,0,4.93,0,1
ERFATGLZEF,F,56,,0,9.42,0,0
VO7WA9OPGW,F,53,,0,.57,0,0
D77QY6A62P,M,53,,0,,0,1
3OHPVW9E8D,M,46,,0,9.61,0,0
KBACGJYAJV,M,61,,0,3.41,0,0
ACLFRTUHPN,F,58,,0,5.49,0,0
DCCG5IZIDG,U,48,,1,2.94,0,0
M1G6FRXJ78,F,56,,0,4.28,0,0
M0JJFTCOQY,M,50,,0,10.05,0,0
205GT7L15S,F,52,,0,4.29,0,0
XY9J33KMJ8,F,56,,0,1.1,0,0
0YCOSXPHNU,F,55,,0,11.57,0,0
XHAJ48GL6E,M,59,,0,8.16,0,0
5T31Z5WCTW,U,51,,0,,0,0
L7XXNDMIU2,F,51,,0,1.6,0,0
64M88PJ9WN,U,48,,1,1.44,0,0
3FGOGG9MGK,M,64,,0,6.8,0,0
7GAEINKD1I,F,55,1,1,,0,1
1RMKQ8TAWF,M,45,,0,2.11,0,0
B8ZRRAW13O,U,53,1,0,4.26,0,0
O4BFO31SW6,M,60,,0,9.53,0,0
NC7B0NKENG,M,56,1,0,3.09,0,0
1NGPJKZ8MY,U,57,,0,5.51,0,0
273MT81SYA,F,47,,1,2.1,0,0
2VD99FB8PD,U,48,,0,1.8,0,0
7C8PXT46BZ,M,63,,0,7.64,0,0
PCORJE54N5,M,64,,0,.16,1,0
JRTBFEPDKL,U,49,,0,7.13,0,0
DMSTZ5WJPY,U,47,,0,3.01,0,1
0YM1021D84,F,46,,0,1.11,0,0
E5O6EBLVU0,F,48,,0,23.4,0,0
AN8UZS4E3P,M,47,,0,5.35,0,0
QZRJ6D9Q8P,M,52,,0,8.33,0,0
YG19GY68XN,F,52,,0,,0,0
XDY48XLDCK,F,56,1,0,6.57,0,0
OU7EK5MLTQ,M,64,,0,1.36,0,0
TBVUG8U6IA,U,64,,0,.37,1,0
H06SD9C62C,F,48,,0,1.42,0,0
7STFDLFRGG,M,64,,0,10.04,0,0
S3TJ0C0L2K,M,54,,0,,0,0
Y0NZTKL5E4,M,45,1,0,,0,0
X512PJ3F1N,U,57,,0,13.67,0,0
OJNNDPKXDN,M,60,1,0,.61,0,1
SUZ9L83LZ7,F,60,,0,4.41,0,0
BNFFO0R62W,U,47,1,0,5.04,0,0
IC84AZXNW4,M,61,,0,11.27,0,0
SA13K0KJDK,M,41,,0,4.5,0,0
EFCKDSKMHL,F,31,,0,12.71,0,0
8WV74SJ8K2,F,34,1,1,7.25,0,0
7PEGRW02NO,M,34,1,0,7,0,0
5MXQ143IXY,F,34,,0,2.79,0,0
BMIDM43Z0U,F,28,,0,4.94,0,0
RFBQ7I65JT,F,34,,0,5.03,0,0
ON0ED6CSLC,F,28,,0,14.69,0,0
9D7IGE6D28,U,35,,0,4.44,0,0
BOE74IGN3U,F,43,1,0,,0,0
C6ZJYOJ4DK,M,35,,0,5,0,0
YHMYTY5W2O,M,38,,0,,0,0
OZUQVDM0JU,U,39,,1,3.92,0,1
N399WYLLYC,U,43,,0,.21,1,0
CHBB62HQO8,F,26,,0,4.47,0,0
M72CHLGF3T,M,44,,0,4.53,0,0
9AKVAS63KS,F,42,,0,2.65,0,0
QCJJB2FA71,M,32,,0,,0,0
6YANEJ8XAV,M,25,1,0,26.07,0,0
N9DSYJUOBV,F,31,,0,2.93,0,0
Q75VCIYZSE,M,25,,1,6.59,0,1
HK20LS1PSA,F,33,,1,,0,1
EST8A8NOK9,F,43,,0,12.65,0,1
MBY6HUY7RQ,U,36,,0,3.6,0,0
KHSDLCP37K,M,32,,0,4.96,0,0
YMJ2YZNWKJ,M,32,,0,1.55,0,0
7B8184NRT3,F,39,,1,.17,1,1
0OOSKNC2T8,U,26,,0,4.4,0,0
2PTHG3VPKD,F,25,,0,,0,0
E575E5JSE9,F,25,,0,1.85,0,1
YY87KPX421,U,43,,0,11,0,0
YWLNZE5710,F,43,,0,9.86,0,0
5W57E52ZHI,M,38,,1,,0,0
HB7N8RX8BF,F,32,,0,17.88,0,0
9ZBNRHSHV8,M,27,,0,,0,0
6YYPSTCV8Y,U,28,,0,13.15,0,0
M7V37PQKZW,M,35,,0,2.79,0,0
A9QWX2PZHK,U,27,,1,27.36,0,0
8RP5I3B595,M,25,1,1,.36,1,1
1OXUG8ARV4,M,32,,0,21.62,0,0
Y7YYBNT4M6,F,41,,1,1.04,0,1
2J77TCL1TD,F,27,,0,11.06,0,0
3EDDU51NQM,M,43,1,0,1.28,0,0
KBYHZDXIPQ,M,32,1,0,2.25,0,0
2C3A313EAU,U,41,,0,12.23,0,0
1TBDAGWULH,F,28,,0,3.49,0,0
WVCMFGSGKF,U,36,,0,,0,0
L5FBWZNBB0,U,43,,0,2.2,0,0
JMBX7GTQ10,U,32,1,0,,0,0
V7B0Z0MCHD,M,31,,0,.53,0,0
P2HRFUUCIL,M,30,,0,1.68,0,1
GU72JS8OWL,M,36,,1,,0,0
VAESCPHOEY,M,39,,0,13.04,0,0
N0CWWA5SAV,M,36,1,0,14.2,0,1
YXZNG8R0YS,U,41,,0,1.42,0,1
CE01C5RIPC,M,32,,0,5.51,0,0
3IPXKSR2U1,M,29,,0,11.52,0,0
6P69B1MH5H,U,41,,0,11.74,0,0
5WPHN68RTB,M,31,,0,,0,0
5R3WH3FOAB,M,28,,0,5.39,0,0
FSMEOU3LJP,M,53,1,0,6.03,0,0
07P2LZI401,M,54,,0,12.44,0,0
N3XWD0C988,F,47,,1,4.29,0,0
GXMMQYIDO4,U,51,,0,12.78,0,0
SG6JKYM1MF,F,50,,0,4.35,0,0
ONPMOPCL00,U,52,,0,5.09,0,0
H921X2ROS0,U,60,,0,3.94,0,0
FUZ8MT5FXW,F,54,,0,3.9,0,0
BDXVR1DRAZ,F,50,,0,11.88,0,0
MQYV832LKV,F,64,,0,12.64,0,0
X537I97Z01,M,54,,0,1.47,0,0
1XY7ZD295Y,F,48,,0,6.82,0,0
B99SKGWR5B,M,51,,0,2.25,0,0
NP12RB4HH7,U,56,,0,1.02,0,0
SL513ADTZS,F,45,1,0,7.4,0,0
66E0G6I3NQ,U,47,,0,3.95,0,1
KGXJ57HTWT,F,47,,0,11.41,0,0
WWP1F04D84,M,52,,0,14.75,0,0
C98QUX7O05,F,58,,0,16.09,0,0
DRQSAS9SYS,M,57,,0,.78,0,1
47W0DU4IOH,M,52,,1,10.6,0,0
KF2EDMGTYG,F,57,,1,13.8,0,0
MPPAVCF6BX,M,63,,0,.59,0,0
C9KZ0ADA3P,U,56,,0,15.45,0,1
5BV58YLKG4,F,64,,0,2.23,0,1
BMVSKPZKUP,M,59,,0,10.91,0,0
8R9T0KO3QC,F,64,,0,2.44,0,1
KF53STCSAI,F,49,1,0,2.35,0,1
4WMIAVE0X2,F,62,,0,4.64,0,0
541AFGU1LI,M,47,1,0,4.79,0,0
MHFBAHC2LL,M,38,,0,3.59,0,0
MHIOOANT11,M,38,,0,5.59,0,0
PWFKC3YRLS,M,42,,0,4.28,0,0
CAOVTITSK8,M,27,,0,7.65,0,0
OFRHT6ZI73,M,34,,0,,0,0
96M59Z74Q7,F,41,,0,8.27,0,0
G4PPD608OQ,M,33,,0,.84,0,0
V78UM0A1T4,M,35,,0,4.34,0,1
C91HNW0BZF,M,33,1,0,,0,0
8CFMH8PDF8,F,31,,0,1.24,0,1
ACORG1KOFP,F,41,1,1,12.2,0,1
I3J71XKDQ1,F,44,1,0,10.65,0,0
K6VXLZC5XV,M,32,,0,2.46,0,0
CV7XB3H787,U,32,1,0,12.21,0,0
STZQ337CPH,F,30,,0,1.59,0,1
Q3KE3T1Y6U,M,43,,0,,0,0
ASDH5BZ6QW,M,27,,0,,0,0
FKWEL7MBH8,M,36,,0,8.66,0,0
6YONVA99KC,M,31,,0,9.45,0,0
ZIPZFD1GZL,M,33,,0,3.13,0,0
J6STU13QXZ,U,43,,0,11.49,0,0
R2VTY5MVEF,F,28,,0,13.17,0,0
MXIBWUHNXN,U,33,,1,4.64,0,1
S2L1AZY3YP,F,30,1,0,,0,0
SSPXSVRZAS,F,33,1,0,5.99,0,0
AWSCR7BPGJ,U,40,,1,14.71,0,0
SZ3UP3KB15,U,40,,0,5.27,0,0
LUKFK25XFE,F,36,1,0,,0,0
F9109D6CX9,M,41,,0,5.27,0,0
FBJZHMR5VY,F,44,1,0,2.28,0,0
SXX6HDA9HQ,M,44,,1,11.99,0,0
7VBJ3ON73U,M,34,,0,,0,0
F2EH1VIE3A,F,39,1,0,2.06,0,1
SRWDURVOPJ,M,37,,0,1.83,0,1
G361J6FM6T,M,42,,0,.11,1,0
A7AG8KOT0X,F,27,,1,3.22,0,1
MSFHWUBC3Z,M,42,,0,14.33,0,0
10STZLNGRH,U,40,,0,,0,0
ZH3XPQ179V,U,30,,0,2.13,0,0
5QLTJBM6QO,F,44,1,1,2.33,0,1
3HFBXNW9AP,U,30,,1,3.67,0,0
B3B4GTVZ6P,M,37,,0,.29,1,0
5WGG9GHYKL,U,40,,0,7.64,0,0
LJPJTAC6W9,M,44,,0,,0,0
6TTW0BT1IL,U,26,,0,,0,0
OILZMTSHEN,F,41,,1,13.13,0,1
MPZP0MHK4B,M,31,,0,8.85,0,0
9MI4MVP535,F,32,,0,1.68,0,1
4ZQ1RWX2JH,M,44,,1,9.75,0,0
ZO09ISTGTQ,M,38,,0,2.09,0,0
OZ3I5FUTQB,F,40,,0,3.04,0,0
69N03IKWKW,M,33,,0,4.34,0,0
5TGZJ26OL2,M,36,1,0,.21,1,0
T1O998MJP4,M,41,,1,.18,1,0
113ENWMT1D,F,44,,1,3.07,0,0
EXJYVXUZS4,M,27,,0,,0,0
WXPN2DXRZZ,U,28,,0,,0,0
4BGFSTPW3Z,M,43,,0,.19,1,1
B6MH4OB29D,F,26,,1,,0,0
0OQZ59CZ71,F,42,,0,4.18,0,0
DEZH5Z9KNM,F,41,,1,4.7,0,1
MZ19SAVNOL,F,37,,0,14.89,0,0
PM3MZMWTND,F,35,,0,10.42,0,0
V75W09QF9G,F,30,,0,1.18,0,0
202CU0QWJ4,M,30,,0,2.66,0,0
WOU9NTATVM,F,39,,0,5.79,0,0
NMV94FA5IH,F,32,,0,4.43,0,0
F6S6123DSC,U,37,,1,10.45,0,0
XH9VFN98D5,F,37,,0,1.99,0,0
AAMFA8B5V2,M,32,1,0,12.94,0,0
SX4A3GPR9U,M,28,,0,10.56,0,1
CON8W038F8,F,40,1,0,6.5,0,1
278OJYMOTB,U,30,1,1,4.78,0,1
UNOPAXHSBT,M,35,,0,2.33,0,0
7OHTMNK7M6,M,35,,0,.4,1,0
PQZIX4JZTZ,F,32,,0,.47,1,1
Y9AB67GR4D,F,28,,1,12.88,0,0
MN04KIM3N6,U,31,,0,12.48,0,0
WNUQBOG21B,M,26,,0,6.96,0,0
34SRDOT2JH,F,41,,0,2.95,0,0
77NO9VTZO7,M,33,,0,10.78,0,0
16BNMW7GZH,U,26,,1,13.32,0,0
WRFZU2W3JF,M,30,,0,11.23,0,0
4KTNJVWCE8,M,44,,0,6.28,0,0
0X164LK9VX,M,43,,1,7.96,0,0
CUAQY83XBM,M,26,,0,5.27,0,0
MW45EKM5OT,M,25,,0,,0,0
H0ZG2G8X3M,M,37,,1,21.77,0,0
VS95P0BUCJ,U,32,,0,8.08,0,0
4W3MRS9EDL,M,7,,0,13.28,0,0
TCJ2JNJ28T,M,7,,0,2.67,0,0
KKT7LJTRTZ,M,2,,0,7.34,0,0
WLDCOQVXJC,U,15,,0,3.86,0,0
JBX6W9P5II,U,2,,0,1.56,0,0
43Z0MDWJH6,U,8,,0,10,0,0
WCMC2RXLCG,F,12,,0,2.47,0,1
YPGE0IF6Q8,M,6,,0,5.67,0,0
D3YMPLYI6P,F,8,,0,1.62,0,1
ZH3ELZV2O2,F,11,,0,3.98,0,0
INNLRKZW5P,F,0,,0,.93,0,0
H98HNBRJVA,F,13,,0,18.43,0,0
6RUNBWTAM2,U,2,,0,2.94,0,0
KOGA0NRYAS,U,13,,0,3.03,0,0
F68AIPWZGO,U,11,,0,4.62,0,0
60BOFXDICK,F,8,,0,2.19,0,0
D6W16ITCBA,U,12,,0,2.36,0,1
I6M8M1FM06,M,3,,0,10.98,0,0
7N8KBTZZLQ,U,2,,0,10.28,0,0
9JDSGO4W8I,F,6,,0,3.53,0,0
Q5K6R7AEWG,F,2,,0,25.85,0,0
LUWYDCUHFB,M,6,,0,2.48,0,0
RL7OPPE136,M,2,,0,3.59,0,0
GTVTDN7TXF,F,11,,0,,0,0
QXJCX7DZJA,M,9,,0,2.9,0,0
GOFACE494V,M,9,,0,4.77,0,0
G9DD7QOCNB,U,12,,0,,0,0
M1ZYEW01YC,F,10,,0,5.11,0,0
YPIW4BO70P,M,4,,0,,0,0
03EB7YYC71,F,2,,0,2.56,0,1
X9SP0IOUTE,M,3,,0,,0,0
O0AJBFKD1B,F,14,,0,12.58,0,0
XK3KZRBIHK,U,3,,0,7.56,0,0
UECGPXWA1H,M,10,,0,.7,0,0
D08QON7SB0,M,13,,0,14.13,0,0
OB7NK8KAM2,M,13,,0,.37,1,0
2J19WUJOA3,M,1,,0,,0,0
8924JDXKAA,M,4,,0,10.59,0,0
H0CF58IOHP,M,0,,0,6.37,0,1
1VFTSW14J7,M,2,,0,12.43,0,0
UKAZZVB5QI,U,12,,0,21.22,0,0
BW5Q1EEKDN,F,8,,0,14.99,0,0
6XNJ77N2Q8,M,1,,0,.25,1,0
FR3SJUN6DW,F,8,,0,1.03,0,0
ABEOMH866L,F,14,,0,4.29,0,0
581H4AC3CW,M,10,,0,7.51,0,0
1NDKEYNFCK,F,15,,0,3.39,0,0
JSOKUXFEXR,M,0,,0,3.96,0,0
6KYKP6TFCM,M,8,,0,,0,0
9YB6PZRO46,M,12,,0,3.34,0,0
IOXXYI3U6U,M,2,,0,,0,0
H8N79000LI,F,6,,0,1.22,0,0
X6F0BQY3SZ,F,13,,0,13.82,0,0
D3CPF0O90S,M,1,,0,5.46,0,0
7PTGA1UWKL,M,15,,0,2.37,0,0
5N60CG63XS,F,13,,0,3.63,0,0
Z8QA5ZRYXY,M,15,,0,7.52,0,0
02ES9D1LG7,M,2,,0,1.04,0,1
6I6Y8BNQ4A,U,11,,0,.26,1,0
ENSTNDLUGF,F,3,,0,2.77,0,1
U186GDVXO2,F,2,,0,1.84,0,0
1HSF62X6J4,U,2,,0,18.48,0,0
0PTF9E3UP0,F,6,,0,1.61,0,0
MF6JVG89HN,M,7,,0,12.41,0,0
3RLQ7GFTO1,U,0,,0,2,0,0
JQYI0PQ84E,F,14,,0,,0,0
AVZPXLLX1P,M,7,,0,4.21,0,0
EAC15UZTL1,M,11,,0,12.89,0,0
YEMLRLLZL0,M,10,,0,2.87,0,0
LR4CTQ02F6,U,3,,0,5.54,0,0
THGN4LQL5Z,F,9,,0,11.63,0,0
JBRHDZ7IXU,U,8,,0,3.9,0,0
3RB0JUJB1C,U,13,,0,4.51,0,0
3EW44JAA4P,U,10,,0,8.97,0,0
2NCI8UWZD8,F,5,,0,6.34,0,0
ZZIRODQWEN,M,11,,0,.2,1,0
7DDZB33D51,F,10,,0,,0,0
7V3CU9LOCQ,M,11,,0,14.85,0,0
7WDSCVL1MT,F,3,,0,1.52,0,0
TALY1L6708,F,10,,0,3.61,0,0
508W62NZCM,F,12,,0,,0,0
B03NTMMET3,M,6,,0,7.5,0,0
QLR72D8HIK,M,1,,0,,0,0
QD6547WRGQ,M,10,,0,.99,0,1
JVBU612Z5J,F,13,,0,9.02,0,0
JEUUS069BY,M,6,,0,7.98,0,0
J54B48KKR2,F,11,,0,9.78,0,0
8CMA25DP4Y,M,4,,0,3.67,0,0
2FR4QWRGCN,M,21,,1,2.42,0,0
XZ1FPCPLBS,M,19,,0,1.33,0,0
LP19COFW8N,F,21,,1,.28,1,1
M9NYOGTLY5,M,12,,0,5.52,0,0
881UE81GE6,M,10,,0,3.69,0,0
LONPJOT17C,M,6,,0,1.83,0,0
YYOLWC2X37,M,14,,0,9.82,0,0
G1NX7INGZV,F,2,,0,2.08,0,0
VIP4Z2CJ0K,M,11,,0,21.45,0,0
I0T16WBYLU,F,13,,0,1.77,0,0
B35JVCRB1U,U,2,,0,9.93,0,0
7LHUGYPRJQ,M,3,,0,4.91,0,0
EKERQQCLO9,U,1,,0,,0,0
FNG4OV4PQD,M,5,,0,11.72,0,0
5YIRX7N74R,F,23,,0,3.17,0,0
WATAY1XNA5,F,21,,0,18.72,0,0
TMPFDYD49M,M,16,,0,2.87,0,0
KR52HENWK9,M,24,1,0,13.83,0,0
9D1F7MIFV1,U,23,,1,.88,0,0
SZDMC6EK20,M,17,,0,.18,1,1
EXE0I6MH80,F,22,1,0,4.99,0,1
FVUWAEUQPV,F,22,,0,4.87,0,0
I8QVJAZPRD,M,17,,0,6.88,0,0
2DLK4C9FGH,M,19,,0,10.07,0,0
829IT82FJQ,M,20,,0,14.14,0,0
9C7S9E8AR4,F,23,1,0,4.87,0,1
6PMVPSPWC8,U,17,,0,3.75,0,0
INLHJONDYO,F,24,,1,28.94,0,0
CHLT727W3L,M,20,,0,8.06,0,0
JJJO138HJH,M,23,,0,2.23,0,0
LR2O5XW3V0,U,23,,1,1.19,0,1
X0CQBZ07NQ,F,21,,0,1.62,0,1
DMF428W71O,F,20,,0,10.66,0,0
6CEN3VLG2J,M,19,,0,.37,1,0
N0N74KIKAV,F,23,,0,2.05,0,0
D2E9SJNPVA,U,17,,0,26.73,0,0
995GWBX0WO,F,17,,0,.13,1,0
M8ZJIXM633,M,24,1,0,22.53,0,0
YQT5IP6BHV,F,16,,0,,0,0
XR9HK75JHR,U,40,,0,,0,0
FIP9XMBYV4,F,17,,0,4.87,0,0
RK1HIPDA1R,F,21,,0,6.88,0,0
3ME68144E7,U,21,,0,2.35,0,0
MTYFK579Q7,M,16,,0,2.18,0,0
OCB1BBLFVE,F,22,,0,4.16,0,0
FB6MZTZHP1,F,35,1,0,25,0,0
QLJ50M3Z73,F,27,,0,1.54,0,0
5TNU89ADBH,M,27,,1,4.16,0,0
Q4PPC7EUIF,U,28,,0,3.44,0,0
TZ7R23J4AY,F,38,,0,13.82,0,0
WBAGA6U6QF,U,36,,0,2.81,0,0
A2YSJ3J2F1,M,36,,0,2.92,0,0
Q5PP4LTMZ0,M,40,1,0,.83,0,1
TFSDY38CQV,M,42,,0,6.28,0,0
JPXRQ7ELRT,M,39,,0,6.36,0,0
061X7AVJIH,U,28,1,0,3.06,0,0
B24ALI1Q0R,U,34,,0,3.76,0,0
0J6F10ZGVJ,U,25,,0,5,0,0
7DNWOW4TZU,U,30,,1,.91,0,0
IN9IVZIPCR,F,25,,0,3.65,0,0
7SL5CIZHN0,U,26,,0,6.91,0,0
CEJFRARB1W,U,32,,0,3.97,0,1
VDT3RT3VDE,M,30,,0,20.38,0,0
7VSOW6A75Y,M,25,1,0,3.31,0,0
VSMDTIDD38,F,28,,1,8.05,0,1
1AYRGOF4L3,U,39,,0,3.65,0,0
E6G64W7IGL,F,32,,0,3.9,0,0
4SMD3929CZ,F,29,,0,,0,0
FLCWCMEU48,M,34,,1,10.13,0,0
9TUC5YY86L,F,39,,0,8.25,0,0
K6Z9IF8DPU,U,33,,0,2.11,0,0
R21B8EVMB4,F,33,,0,3.66,0,0
4PP0X8GVKK,M,42,,0,,0,0
6DBEBNJVY1,F,25,,0,4.41,0,0
SY393W1TB5,M,37,,0,4.35,0,0
R2T8ZCJ1BD,U,30,,0,3.35,0,0
XNDN8DSUR5,M,44,,0,8.74,0,0
FS5JFTZ1AR,F,27,,0,1.04,0,0
6COS5271C9,F,28,1,0,2.77,0,1
ZBKNF7W4N7,M,43,,0,9.83,0,0
CCTNCF9NUI,M,40,,0,2.52,0,0
EYHGFHE3F1,F,46,,0,2.02,0,1
ANQ8OG5ZNB,F,64,,0,14.38,0,0
C0H13YHUB5,U,46,,0,.79,0,0
X7FEJQOLC8,U,52,,0,11.33,0,0
6V4YGPWCWR,F,55,1,0,21.87,0,0
YJA1COP17P,M,61,,0,4.06,0,0
1FCH4Z56Z4,F,47,,0,1.87,0,0
OTEXXZYPQQ,U,47,,1,.26,1,0
D3YYG1NLOR,M,49,,0,27.99,0,0
VSO9P866DY,M,67,,0,1.21,0,0
EPGO6HXU1M,F,59,,0,9.91,0,0
70CE9HLSY4,F,58,,0,1.6,0,0
LHY2P69JC3,M,62,,1,14.95,0,0
R8BDCYKAL0,M,46,,0,21.43,0,0
362HOHKEVM,F,53,,0,1.53,0,0
QDWNJNUO0D,U,61,1,0,8.38,0,0
8EJ9HHP4R3,U,51,,0,.61,0,0
7AND6EXNNI,M,65,,0,14.36,0,0
Y41J47AKFX,F,62,1,0,12.3,0,0
LQOCFACPL9,M,55,,0,5.43,0,0
1BS9CV08XE,M,57,,1,5.61,0,0
I9FMT8XLY6,M,48,,0,,0,0
UO5UIN886O,M,55,,0,18.68,0,0
QPNW87S4XC,U,48,,0,12.22,0,0
CMVE9QTI2D,F,64,,0,6.93,0,0
Y9VFYAPHBK,U,81,,0,2.93,0,0
CFVG7ZNW15,F,64,,0,4.6,0,0
A54ER9WHD3,U,59,,0,19.55,0,0
7M6DM3TIZR,F,50,,0,12.37,0,0
ANCN8SLF44,M,52,,0,14.35,0,0
QU131D4W83,M,49,1,0,29.43,0,0
YXYCM90O44,F,86,,0,3.26,0,0
8UTR9OCG30,U,58,,0,12.21,0,0
AX3117WDUK,U,50,,0,3.94,0,0
HA0YZRXEIR,F,63,,0,14.75,0,0
R6ZS6L6EMI,F,62,,1,2.83,0,0
D9NMYCBDMQ,M,50,,0,3.82,0,0
39WRHRW32V,M,56,,0,12.78,0,1
5C36H5ZOCP,M,54,,0,.16,1,0
6IH514T0RU,M,61,,0,3.18,0,0
QSADLLLNVE,U,44,,0,9.58,0,0
2XICJDOZ22,M,47,,1,1.57,0,0
9NP8ZPCU7G,F,34,,0,.69,0,0
5LDW6E9BPQ,F,25,1,0,1.02,0,1
7HTJHS994Q,F,52,,1,10.87,0,0
X91ZWJG537,M,28,,0,,0,0
TV9922A1T0,M,63,,0,9.19,0,0
T5F3S22MTN,F,38,,0,,0,0
6L1QMVS9D7,F,50,,1,14.13,0,0
YWTNP3J7OT,F,27,,1,8.98,0,0
XLYSU8S7OA,F,35,,1,4.16,0,0
I63BY6UFBO,U,39,,0,5.58,0,0
K5820K45GK,U,29,,1,2.8,0,0
WD5XRM9THP,M,45,,0,2.86,0,0
B5ZYJSSBRY,M,32,,0,.56,0,0
K93KYFJMKY,M,36,,0,4.15,0,0
H73UVIUWIG,F,56,1,0,11.7,0,0
1O3789SBN8,M,26,,0,2.96,0,0
KDH81UOEM6,U,31,,1,.33,1,1
JAY1FHWG55,M,38,,0,12.48,0,0
RY7YG9B0T1,F,43,,0,1.72,0,0
1766X792K6,U,45,,0,4.37,0,0
MZ4FTH5P44,M,40,,0,1.23,0,0
NTIHZPLIMA,M,43,1,0,12.45,0,0
0D66WW7LAY,F,46,,0,11.73,0,0
4MM253H3A2,M,41,,0,1.85,0,0
8GB908PU8L,M,51,,0,2.28,0,0
2RR2VMXJA2,F,63,,0,18.77,0,0
PV099X2JFV,M,62,,0,4.32,0,0
WPLDXN76WU,F,53,,0,13.57,0,0
SM9TMVKX9A,M,34,,0,12.17,0,0
0GD4PCZYW1,U,25,,0,9.51,0,0
KBE118FMVT,M,61,,0,.31,1,0
4W9A1TM9XS,U,29,,0,1.51,0,0
YQCMKIIQKX,U,35,,0,4.78,0,1
ZEWZ0SB00I,F,74,,0,6.29,0,0
SY1I7S5S8E,U,97,,0,.73,0,0
487TDFA7RL,M,66,,0,11.41,0,0
WL7U2U2YXX,M,101,,0,.42,1,0
6JA40R60IN,F,103,,0,2.95,0,0
M7F88PNXM1,M,87,,0,11.27,0,0
B82KOZOB6S,U,91,,0,11.59,0,0
T5Q7UX83MH,U,84,,0,8.05,0,0
FUA9YATUTP,F,76,,0,,0,1
MX4ABOLFEV,U,88,,0,3.14,0,0
H3NQZT68BG,F,73,,0,7.35,0,0
9UT8E5NUEN,M,84,1,0,1.55,0,0
LR5MC1E9IC,M,66,,1,4.75,0,0
90OHTL28XE,F,87,,0,1.51,0,0
FKSEDE60YX,M,97,,0,,0,0
0YJMZM2YNQ,M,86,1,1,,0,0
SA1H1106LU,M,98,,0,11.83,0,0
QAYAX9O8MJ,U,68,,0,11.4,0,0
6GEXQK9MK4,M,72,,0,8.26,0,0
21Z6RO5C4J,F,103,,0,29.1,0,0
0FOR2TC71B,M,70,,0,25.79,0,0
S0614OJ9SG,M,97,,0,3.45,0,0
XDYS8YJC8T,M,87,,0,9.9,0,0
GV7GL4S09H,F,74,,0,1.49,0,1
0FS7WN13RX,F,100,,0,14.52,0,0
FAVTTDIK6D,U,90,1,0,13.71,0,1
KJ5OGMWSH5,M,102,,1,8.94,0,0
MAA581JE8R,M,66,,0,4.15,0,0
0RPP4IH2KI,M,71,,0,,0,0
2US0P78C1M,U,88,,0,3.81,0,0
H42QHG7ALP,F,83,,0,8.78,0,0
SS1C1ZMCQA,M,86,,0,3.95,0,0
38HR90UR6L,F,91,,0,1.94,0,0
P7FO3JUYP3,F,73,,0,,0,0
7OC2P77RD2,M,86,,1,21.73,0,0
AGYUIW2VQE,F,99,,0,5.97,0,1
F787LPM4MJ,U,101,,0,1.35,0,0
YT8HH4V1RQ,M,66,,0,,0,0
JIJE78PS8Y,F,71,1,1,14.75,0,0
ZHSW23GW3G,F,84,,0,5.59,0,0
E9RZ1IH2BD,F,84,,0,13.45,0,0
ETK0NXTHEW,U,87,,1,10.17,0,1
YQUSDQYZKQ,F,77,,0,10.24,0,0
9I5U7TVEXQ,F,71,1,1,,0,0
P46QU3HSUT,M,66,,0,4.43,0,0
O8UXXLS1K4,M,66,,0,1.7,0,0
9DCI9LZU77,M,97,,0,4.62,0,0
PXXLYRRSDC,U,70,,0,.5,1,0
UUM8MTK1IM,F,103,,0,5.58,0,0
QPHHG03B1O,F,72,,1,14.45,0,0
3O8UI8986X,F,68,1,0,,0,0
0KDURWMFD2,F,79,,0,6.41,0,0
9F2E1JE2NE,F,104,,0,,0,0
Q33U80VJXW,U,102,,1,13.18,0,0
7TNG3TWCXQ,F,97,,0,1.27,0,0
830DBR2AQF,F,105,,0,.52,0,1
X3GTOT23MS,F,92,,1,1.94,0,0
V4D78XY89J,U,83,,1,4.73,0,1
3TC677DDY6,M,92,1,0,4.98,0,0
2LEF30FANT,F,77,,0,8.98,0,0
Z7IRRHR4JN,M,92,,1,.96,0,1
4RZ496H88C,M,98,,0,2.95,0,0
B8GFBPHZYM,F,101,,0,3.57,0,1
B493P5XFG4,M,77,1,0,29.84,0,0
MQLQQQMDUM,M,90,,0,,0,0
3L8RZIFN62,U,105,,0,9.57,0,1
FLG7T4M95S,M,66,1,0,1.33,0,1
3AFNEXPIZP,M,93,,1,13.83,0,0
QAZVA2WGP4,F,104,,0,6.2,0,0
ZYHME7EDZ2,F,94,,0,5.49,0,0
CKM7RHXSMG,F,102,,1,2.96,0,1
TFMO4ALNT3,F,99,,0,,0,0
A37EYKHO76,U,90,,0,13.24,0,0
7DANZ4G472,U,69,,0,4.11,0,0
E68IBD9ZO9,M,100,,0,3.51,0,0
V17Y42IRPB,U,103,1,0,12.87,0,0
FR0NH5RM92,F,93,,0,11.95,0,0
SLX0RCF4T7,M,84,,0,.64,0,0
NOCBHK600H,U,84,,0,1.13,0,1
DRL36C0023,F,78,,0,6.97,0,0
4ZO0V0YG5O,F,99,,0,,0,0
KQMXPUCU4D,M,86,,0,.15,1,0
S9P4XGIK5C,M,73,1,1,10.7,0,1
JRONEJHSCG,M,80,,0,13.37,0,0
1OPZ4CVYV5,U,75,,0,2.46,0,0
2KQY14JCGZ,M,81,,0,7.38,0,0
DGYWCXDVBS,F,84,,0,8.98,0,0
ICW0Q717FG,U,84,,0,2.93,0,0
ZISC9VGXT3,M,65,,0,1.95,0,0
A1JEHPFFCM,M,71,,1,3.2,0,0
GRY1EDETI9,U,76,,0,,0,0
MTHQVNWBJD,F,69,,0,4.28,0,0
E7E2J9B1LG,F,86,,0,3.56,0,1
Q2PFXGMK8U,F,104,,0,13.07,0,0
Z6MW111X20,F,101,,0,2.12,0,0
W8RR3SIZ6G,F,80,,0,3.62,0,0
U05QL31IRK,F,92,,0,7.55,0,0
ITCSS197EF,F,70,1,0,3.25,0,0
3L1Y9JF2TU,M,66,,0,1.01,0,0
TPPZAQP8NF,M,65,1,0,12.47,0,0
TWX6OGA3PB,M,92,,0,2.01,0,0
BMUN8UQKS1,M,79,1,0,.81,0,0
BG6D2EMI30,M,67,,0,2.45,0,0
H9CH3VL0LE,U,89,,0,13.22,0,0
CFM5YXQOXU,F,95,,0,12.02,0,0
AL9U81BUEO,M,68,,0,1.75,0,0
JDUL36O9JQ,F,66,,0,.52,0,0
K6DBFZ82B4,F,92,,0,18.88,0,1
GEB0TADS4J,F,78,1,0,5.29,0,0
XTQB9R9ZL0,M,71,,0,3.17,0,0
QU0ZG087OP,F,74,,0,2.33,0,0
91OSM2AONV,F,66,,0,9.62,0,0
JPPWXAUH86,M,93,1,1,2.12,0,0
8GRA4NRAHA,F,77,,0,6.06,0,0
C7ZP4ROSHB,F,99,,0,12.58,0,0
FWMVCQZKWL,F,95,,0,1.93,0,0
ZVF6QL1UWK,U,77,1,0,1.22,0,1
3XTG4WZDH8,M,101,,0,,0,0
ONJUIVWN3H,M,86,,0,11.57,0,0
N5JH4I04AE,F,69,,0,2.8,0,0
W9FFS1FV1D,M,71,1,0,14.09,0,0
ROVEYKD16R,M,91,,0,2.5,0,0
484W8RVCLL,F,82,,1,18.78,0,0
8GXIL8OP88,M,92,,0,2.62,0,0
PG5E9CX3BX,U,74,,1,3.02,0,0
HBI7CLTDUS,F,77,,1,,0,0
5ERGOF7JAL,M,72,,0,2.37,0,0
1IENXNRUS8,M,81,,0,12.09,0,0
WEGVX7L310,F,98,,0,,0,1
CG3XNHR69A,F,102,,0,3.2,0,0
5V3RKN93S8,F,76,1,0,9.15,0,0
62FGPV9Y4X,F,66,,0,5.5,0,0
CGORYR6IZO,F,86,,0,,0,0
E5P6SEMABL,M,82,,0,10.76,0,0
FDIL3Q1JSM,F,91,,1,.5,1,0
Y6BBBH83PL,F,89,,0,10.77,0,0
4UG45V0CZ7,F,88,,0,2.61,0,0
F6CSQXDDUA,M,96,,1,11.63,0,0
3V93FVJACU,U,90,,1,8.85,0,0
Y3QJJTIKO9,M,97,,0,1.71,0,0
5DAHC2GLAC,F,96,,1,,0,0
KBT6WI36UW,M,100,,0,4.17,0,0
JRIOLS0EGB,U,86,,0,12.54,0,0
5RCPOTWQ43,M,66,,0,11.03,0,0
7TJIX4SNFI,U,67,,1,3.38,0,0
MAZWJGH8ZG,M,66,,0,4.36,0,0
X05GVSPM5I,F,67,1,0,,0,0
0KTP3PO0IA,F,75,1,0,.24,1,0
NTF5CJOKFZ,M,70,,0,6.33,0,0
3QZZ2K02SH,M,70,1,0,14.16,0,0
UYGZNUZK75,M,70,,0,1.6,0,0
DXGZXZLF57,M,98,,0,5.67,0,0
6GBE0BLBJY,M,105,,0,2.05,0,0
ENVHFC4ZJD,M,67,,1,9.55,0,1
JFEO8Z3WG5,U,101,,0,2.77,0,0
08PY5TRXXN,U,84,,0,,0,1
22577I9X1U,M,101,,0,5.19,0,0
M75O4W97JQ,M,80,,0,11.47,0,0
RN6RCXNT0E,M,105,,0,1.42,0,0
SBSXTWTDDF,M,92,,0,14.66,0,0
PZO2U1Z7IU,F,85,,1,,0,0
FBJGRYPEP6,M,74,,0,.27,1,0
EN090DA52L,F,104,,0,12.22,0,0
46FIUFCTLD,F,84,,0,14.32,0,0
6KSX88RADZ,F,83,,1,.96,0,0
RQVLYKQCOA,F,86,,0,1.66,0,0
FQ2G60F4YV,F,72,1,0,10.77,0,0
G8ZMID54X2,U,80,,1,.24,1,0
VHLHRX1SRK,U,87,,0,12.07,0,0
V9X2WYW4BH,F,97,1,1,.92,0,1
KAX8UMJ4LV,F,104,,0,14.86,0,0
ZZVV3U542L,F,79,,1,9.02,0,0
RCLLVEDW75,M,85,1,0,3.36,0,0
7RZUHAIH2H,U,101,,0,,0,0
NVG8AKIRM3,M,73,,0,6.21,0,0
Z3AD9BUAS7,U,103,,1,26.69,0,0
2CIARD8D0V,F,99,,0,10.81,0,0
MH91380QF4,F,68,1,0,2.25,0,1
FXV9JONRJY,F,92,,0,3.93,0,1
WW89WFYJVB,U,98,,0,2.13,0,0
COJEQITOYW,M,103,,0,2.06,0,1
YGZXMXN2F3,U,66,,0,4.61,0,0
APLKUJX7RG,M,89,,0,1.88,0,0
PI0ZWBJTJR,F,74,1,0,,0,0
Q0XD5A2RXW,F,98,,0,8.76,0,0
Q3S5T9QH3N,M,82,,0,1.15,0,0
PGVMTMBTDF,M,98,,0,3.53,0,0
GZGRZY4RI9,U,90,1,0,,0,0
WUMJJTF6SX,M,68,,0,4.58,0,1
LNEQKPFATH,M,66,,0,2.75,0,0
3HIGP5UTRB,M,97,,0,1.5,0,0
FEAY2SF43J,M,86,,0,3.97,0,0
NQHPNYLXLO,F,74,,0,4.98,0,0
CWFYFETGQ3,M,92,,0,2.41,0,0
SJIQBN7BT2,U,82,,0,1.41,0,1
5DTYU7SED2,F,104,,0,10.93,0,0
D863WLHVKD,F,71,,0,4.96,0,0
KONQNZN3H2,M,65,1,0,10.05,0,0
LSSBE7AADI,F,78,,0,6.38,0,0
WRFMLS7SGS,F,78,,1,9.59,0,1
CU1DD5A9GP,F,66,,0,5.48,0,0
5KE5KXF7ZP,F,100,,0,5,0,0
TP9MXODD8T,F,74,,1,4.7,0,1
KC0JINUUKS,M,90,,1,13.12,0,0
EIC28RY4AX,F,97,,0,8.25,0,0
8MU1ZQ1KSZ,F,69,,0,3.55,0,0
QHYVIH8MLX,F,91,,0,10.98,0,0
W6ZQO7Z62O,F,91,,0,14.23,0,0
NW6CMT7J4O,M,94,,0,12.13,0,0
4T8APGK5SO,F,99,,0,1.59,0,1
D3VTP93Y8H,F,98,1,0,,0,1
DYPA1R47TL,M,65,,0,4,0,0
SEP1M7JRKY,M,78,,1,6.03,0,0
YMDN8QE9KS,U,105,,0,16.7,0,0
209XZU0DMW,F,84,,1,2.67,0,1
KYWOSTAKO8,F,73,,0,10.68,0,0
WI38U3J75Q,M,102,,1,3.47,0,0
QHWLSRT9XY,F,86,,0,3.63,0,0
AVJC125KR6,M,73,,0,1.9,0,0
AIKRFRNNF8,U,102,,0,10.51,0,0
NQJO4DJVLV,U,87,,0,8.9,0,0
IYH2YGXR6V,U,88,,0,1.14,0,0
45K9PC704X,M,98,,0,9.36,0,0
B0DXX4I6WX,F,95,,1,1.44,0,1
79XSFY4JZP,F,74,,0,3.47,0,0
EF2G5IT0F7,F,91,,0,6.07,0,0
M6TIP6VCNC,M,100,,0,2.43,0,1
PK13Z0T0Y8,F,101,,0,3.9,0,0
RK3JFJAIM7,M,80,1,0,1.36,0,0
PWRCKWR3JE,F,65,,0,6.32,0,0
OC7R07MR86,U,92,,0,1.31,0,0
PL4VIDYYXZ,M,66,,1,,0,0
A839V5UAB6,M,76,,0,1.05,0,0
XH5TZRH5VM,U,93,,0,4.11,0,0
C1TA00P60R,M,80,,0,1.91,0,0
3EGIL2Y6BR,F,79,,0,1.43,0,0
HLJ0EIMHGC,F,68,,0,2.18,0,0
BBDLUQKBRH,M,86,,0,,0,0
8B49F03N4X,U,96,,0,2.43,0,0
TF8TYC5QCM,F,70,,0,4.39,0,1
JS2AZROB20,U,93,,0,,0,0
AND0K09IS8,F,90,1,0,3.45,0,0
LAWIOLX3X1,F,82,,0,14.88,0,0
SRFEE2NY1L,M,83,,0,13.99,0,0
G0A33MM6BB,F,68,,0,1.44,0,0
TPXT1Y76YJ,U,79,,0,2.57,0,1
OE4L7WJTDQ,F,66,,0,3.82,0,1
32R0P4G3FV,F,98,1,0,3.17,0,0
NLIHALY7RA,U,68,,0,4.58,0,0
Y5T816GP6U,M,89,,0,.26,1,1
AJOJ6JH3M6,M,77,,1,2.63,0,0
NSQ6YS4N2T,F,79,1,0,.84,0,0
FEEJ1B96EQ,M,91,,0,3.45,0,0
S6BZ0055N0,F,81,,0,3.03,0,0
LXMDHNIBS6,M,88,,1,3.34,0,1
168R4OXTH6,M,82,,1,11.07,0,0
OBOKJMN3BJ,F,102,1,0,3.5,0,0
CHB04SN6L6,M,101,,0,,0,0
5CYVAKPIBE,U,66,1,0,5.97,0,0
OU2ZLESQU6,F,82,,0,.76,0,1
PE4PP9LFTU,M,69,,0,3.66,0,0
Q5M9I16ERF,F,69,,0,9.87,0,0
2NEZXJJKSB,F,84,,0,13.04,0,0
45Z2Q5CSU8,M,92,1,0,3.47,0,1
4MZHHDXADC,F,90,,0,12.59,0,0
ICTJQJOZXP,M,79,,0,9.84,0,0
0JS5AKBULY,U,70,1,0,14.31,0,0
7K6DVUD45N,M,74,1,0,,0,0
S4RMQK4OJ9,M,76,,0,2.64,0,0
H6BUJCKOSA,U,88,,0,,0,0
QAFC1TYK8S,U,94,,0,5.59,0,0
R0ROOOMD0U,M,77,1,0,22.47,0,0
E79X9YF3LP,U,81,,0,.68,0,1
CEL3XMO696,F,76,,0,2.1,0,0
5RYB3NO05I,F,72,1,0,4.09,0,0
B8TLC7341A,F,70,,1,7.93,0,1
745MZQYNYT,U,99,,0,.26,1,0
2CKZXYOXLQ,M,92,1,0,3.86,0,0
WPDUYC4XAX,M,97,,0,12.36,0,0
9RJ3C4AY9H,F,76,,0,1.52,0,0
XPZHM8HEM8,M,94,,0,,0,0
SK6VBSBZ5D,U,104,,0,4,0,0
FWU7FGWVTG,U,67,1,0,.41,1,0
PXIEWAMMP4,U,105,,0,4.44,0,0
D243IIC7KB,M,104,,0,13.19,0,0
34Q3D6KSZK,M,98,,0,2.55,0,1
I37MY21RNR,M,100,1,0,11.51,0,0
A406UHJ06C,F,99,,0,1.73,0,0
VRXHWZMTYE,F,84,,0,13.29,0,0
M8GS3YV5D1,F,86,,0,7.48,0,0
IKAIGURJ05,F,94,,0,3.63,0,0
3PPWR3WUW1,M,100,,0,5.47,0,0
KR5E4NR21I,U,98,,0,2.4,0,0
E7MWR9GLN4,M,76,1,1,2.66,0,1
A5WOZQVX43,M,67,,0,,0,0
KSVDX3W3GY,U,82,1,0,.83,0,1
PU1JFPF6EF,M,78,,0,10.14,0,0
WHE9OY01WJ,M,92,,1,4.87,0,1
ZK9370JL4J,F,98,,0,10.31,0,0
GK8X3IVVYY,M,94,,1,8.61,0,0
BORS4GEZRQ,F,70,,0,4.64,0,0
P7DQY871B6,U,67,,0,3.17,0,1
ODDVB4P05J,F,76,,0,12.62,0,0
T9Q45JLKT0,M,104,,0,13.65,0,1
M8H9MIQJ19,U,88,1,1,.21,1,0
WVQWUJS440,M,89,,0,1.39,0,0
KQ2XOGZ452,F,65,,0,.29,1,0
FW21TEVZBU,F,75,,0,1.94,0,1
70RWFSSP2W,M,77,,1,.23,1,1
9D2POCIY5M,F,88,,0,6.3,0,0
NZGIRGPG1A,M,101,,0,13.36,0,0
AL3CVTJZQL,M,88,,0,,0,0
Y3THYL5Y9F,F,89,,0,10.39,0,0
KP8840XRTI,M,72,,0,7.09,0,0
OALURIM8DL,M,79,,0,23.88,0,0
KOM3VYDGJ3,M,81,1,1,7.54,0,0
ISEQD1YD3R,U,105,,0,3.49,0,0
YUHRC0JPT1,U,77,,0,4.23,0,0
VYQF4AJIOE,F,84,,0,,0,0
511F4CIGGV,F,104,1,0,10.61,0,0
23AAVSDUCB,M,70,,0,5.82,0,0
G3W1TDUHQP,U,88,,0,1.99,0,0
OB6YETC6D6,U,79,1,0,7.6,0,0
0INB2YEYX8,U,76,,0,5,0,0
2VDLRB6BOM,M,105,1,0,.34,1,1
Z3U1MTJTOF,F,91,,0,12.03,0,0
TD3MMEEJVN,F,66,,0,4.68,0,0
CGF0INHAWW,F,96,,0,3.91,0,1
446BWAIEWV,M,102,1,0,10.41,0,1
PSMMBCUX7V,F,83,,0,2.55,0,0
DZCP0RZR0V,M,80,,0,.57,0,0
BHYT2TVVUF,M,80,,0,4.29,0,0
RUYN8MUB27,F,84,,1,3.07,0,1
902943WIGZ,F,96,,0,3.1,0,1
BGI7A9I8AO,U,92,,0,2.2,0,0
OWARANEXGP,F,79,,0,,0,0
7SBRNVKBS6,U,85,,0,,0,0
E86PEW5PX9,M,104,,0,6.99,0,0
Q65AHJSJ1X,M,82,1,1,3.36,0,0
JGZP8FWTTA,M,78,1,0,3.48,0,1
YYYDNP0JQ3,F,103,,0,6.59,0,0
DQ69Q8ZYOH,M,86,,0,14.98,0,0
KCU7Q9TL7O,M,89,1,0,14.98,0,0
WNS27PHOYF,M,66,1,0,2.34,0,0
CTGWOMR1B2,M,97,,0,,0,0
9HMFKH2EJK,M,91,,0,2.37,0,0
TF4GRWTPWY,M,101,1,0,.51,0,1
0K7FK5H3NF,U,77,,0,11.07,0,0
RJASX7TLNE,F,87,,0,10.46,0,0
2ZRIQ2ONJX,M,83,,0,,0,0
PM6VR0K1ZA,M,80,,0,.22,1,1
RXZJ8O8BV6,F,71,1,0,7.28,0,0
7TVGAV9TDS,M,84,,0,14.95,0,0
2YPPA5ID1N,F,81,,0,,0,0
NHR9CRFU3T,F,93,,0,7.16,0,0
6E0NSGOI4Q,M,78,,0,9.3,0,0
ZGZ2RBVZHX,M,68,,0,3.92,0,0
136V3A7CSY,F,102,,0,11.67,0,0
VQND6ZUOOJ,M,89,,0,7.58,0,0
2AI85KP1GW,M,101,,1,2.87,0,0
HGSOBW7VFT,U,102,1,0,.7,0,0
AD972HYRPB,M,83,,0,4.97,0,1
EEOW94MGWY,U,97,,0,,0,0
UERXISS582,F,98,,0,6.14,0,0
NK0T8A7POM,F,84,1,0,4.07,0,1
5MLIZF79HX,M,69,,0,3.22,0,1
8CQCGLCQHY,M,102,,0,,0,0
8KIMUMT9RD,U,94,,0,17.54,0,0
5RIUWJKTGE,U,80,,0,10.79,0,0
7BQSG5UD1R,M,74,,0,14.14,0,1
E0R9J74PYX,M,74,,0,14.65,0,0
2GIY8GQZJ2,F,84,,0,14.4,0,0
HS4OVL6LMG,F,102,1,1,3.61,0,0
BZK5J5C1EL,M,80,1,0,1.08,0,1
OWMHGNDKQK,M,102,1,0,3.01,0,0
EFDWZVTW24,F,99,,1,10.65,0,0
OTZVE7J4CB,F,92,,0,2.23,0,0
JSG80OHNFN,F,95,,0,2.54,0,0
3N15SXYCTL,M,84,1,0,2.6,0,0
ZXHI93Z62R,M,85,,0,.29,1,0
22AYDN23XL,F,95,,0,,0,0
P8NG54DG2S,U,81,,0,21.82,0,0
F2KMIQWQQ5,F,97,,0,.71,0,0
HVJG56XK7Y,M,79,,1,1.39,0,1
QTHQK9L3RW,F,68,,0,3.54,0,0
A73VPLRVY2,F,81,,0,2.85,0,0
QL83SZR7XD,U,96,,0,7.05,0,0
EATZXETJTK,M,81,,0,3.88,0,0
EC733TN1GE,F,99,,0,3.85,0,0
NJA4KX00BE,F,90,1,1,2.24,0,0
I3UE0JKV71,F,90,,1,2.51,0,0
HBV1UNYYCA,M,93,1,0,11.93,0,0
1XTJ7KTBU4,U,72,,0,14.17,0,0
WLOHRIB7C9,F,82,,0,3.2,0,0
5FBJ21VVL5,M,96,,0,,0,0
62IKDL0Y3Z,F,66,,0,29.09,0,1
5VDL700EZU,M,95,,0,4.42,0,1
ZHDGHEB9R0,M,87,1,0,11.94,0,0
VPD45LHJ8S,M,68,,0,,0,0
DS3XOIMGQF,M,90,,1,24.74,0,0
KZGBHP3M5G,M,77,,0,2.73,0,0
2R71CDV5LJ,M,78,1,0,2.6,0,0
CH5PQD1BQ5,M,70,,0,7.97,0,0
J49KAPW9JY,F,66,,1,13.87,0,0
Z1FUT1ICAJ,M,77,,0,8.24,0,0
N8L4U8BSW1,F,91,,0,24.57,0,0
TBSS464X6A,M,97,,0,7.32,0,0
QBAT9QUH6G,M,80,,0,4.73,0,0
DEZ5E68JYI,M,70,,0,8.63,0,0
HH9E87YQF6,M,92,,0,4.32,0,0
WWH13N6M6D,M,100,,1,4.49,0,1
MGF3ES36D7,U,90,,0,,0,0
ZRBXN1SPM7,F,95,,1,,0,0
VI6ZBCA38F,M,81,,1,,0,0
77G8PSS4UM,U,105,,0,13.4,0,0
9YW31RF3M8,M,70,,1,.94,0,0
1V4T2JD40S,U,96,,0,1.67,0,0
3SQE0FX4KX,F,75,,0,4.6,0,0
23YYCOZFCX,M,103,,0,3.13,0,0
AXZQIN13TN,M,91,,0,11.16,0,0
HNL2Z4YYBS,F,86,,1,.26,1,0
3VID8LVGK1,F,77,,0,.86,0,0
EW82KNCSNU,F,92,,0,,0,1
IEOMMUBHSE,F,68,,0,4.92,0,0
CC6CUAN43F,F,71,,0,2.03,0,0
F1RMMYPA1X,F,93,,1,,0,0
DPKDAW4LTI,F,82,1,0,10.7,0,0
0NB36719VK,M,103,,0,19.54,0,0
BN9N1MG79O,M,80,,0,4.22,0,0
FDWB3ZRLRM,M,102,,0,1.44,0,0
PDFYE0IGLW,U,97,,0,8.35,0,0
LRSC5UC6ZU,F,69,,0,.71,0,1
MXJC5YUADP,F,105,1,0,1.59,0,0
0F8H7X2ADF,F,87,,0,3.28,0,0
QN6CDVP8YW,F,73,,1,.71,0,0
QB6I43SA7O,F,98,1,0,2.29,0,0
UBB6XL24M8,M,78,,0,2.17,0,0
3ZCF9KJO1H,F,83,1,0,,0,1
B8HOOPKZ8K,F,81,,0,1.86,0,0
A5DR8KJ0OG,M,66,,0,19.17,0,0
TSV1688YSA,F,105,,0,1.33,0,0
8PZNV7RRMQ,U,73,,0,17,0,0
QD34TSM9Y5,U,105,,0,11.17,0,0
SKT0WNS41B,F,68,1,0,.4,1,0
L3UDC3EJ2K,M,78,1,0,4.82,0,0
WMDYZ4EMA0,U,73,,0,4.88,0,0
6OZIMKB9YL,F,71,1,0,4.68,0,1
MQCEBMU6CE,F,105,,0,.94,0,0
8J326MWXCR,U,85,,0,1.7,0,0
0H2Y1A95N0,F,84,,0,8.39,0,0
1FQA7ZT03F,U,82,1,0,3.38,0,0
TEPROI88TR,M,100,,0,8.04,0,1
WFSM7ITM54,U,94,,0,1.67,0,0
QOJ8TG7GYE,U,66,,0,11.54,0,0
BTPFH7NS3R,F,70,,0,2.14,0,0
J3SCUCAB2E,M,102,,0,17.99,0,0
TBU010LERW,F,91,,0,9.9,0,0
YWRIE6UK56,M,80,,1,.52,0,0
XX159RYL7E,F,75,,0,2.36,0,1
5GVGAJVK3Y,F,74,,1,,0,0
21PGZAVVNF,F,78,,0,14.46,0,0
BIA6NPN73E,M,99,,0,2.15,0,0
08FL40R44J,F,80,,0,,0,0
MI5V2ZD00L,F,68,,0,1.36,0,0
SZ0Q2S7EPG,F,81,,0,4.98,0,0
MXEKWZTI7K,M,104,,0,3.33,0,1
TAX623DZR7,M,71,1,0,2.86,0,1
E1CYVEXC3N,M,85,,0,3.6,0,0
7K28D04VXD,M,100,1,0,2.57,0,0
KFVTXXJK1S,M,77,,0,12.44,0,0
OVVJORXO47,M,66,,0,.58,0,0
GVXMWK1VSV,M,78,,1,.59,0,0
PNHUWD2URC,M,66,,0,1.47,0,0
WCJZEZGBW8,M,73,,0,2.62,0,0
8FL0KXQ8D7,F,77,,1,,0,0
M7VTBV4M7A,U,94,1,0,.69,0,0
ISVCDEWRLI,F,79,,0,,0,0
NCX8RN68ZY,M,75,,0,13.54,0,0
PQOLZKUE6O,U,92,,0,4.76,0,0
6AZCJUTBSM,F,65,,0,10.25,0,0
RW0K98LYWE,F,98,,0,.9,0,0
XFYUU7SKOK,U,83,,1,2.71,0,0
T6KD2QY0HF,F,103,,0,.48,1,1
VH4VBRK3DS,F,84,,0,14.51,0,0
VZVUQWEZR6,M,71,,0,25.38,0,0
SITF6QQRIY,M,71,,1,2.97,0,0
XF4AQ7R6GR,U,86,,0,3.75,0,0
O88CF9VO6A,F,91,,0,.55,0,0
U1P0H07O05,M,84,,0,5.16,0,0
1KVR35N6D2,M,86,,0,12.66,0,0
JMWAUC2UIY,M,97,,1,2.45,0,0
730S2VKL9S,F,98,,0,.59,0,0
2VINM31Z1D,U,71,,0,5.85,0,1
2POLW6M2A8,M,98,,0,8.74,0,0
QR28D8X8QZ,F,67,,0,9.93,0,0
50PKAV17JO,F,73,,0,11.27,0,0
U1O6JTNBCY,M,81,1,0,.56,0,0
IIOPHF1ZQN,F,68,,0,9.87,0,0
NVPQAKG82L,M,93,,0,2.81,0,0
RADPW6PB9R,F,70,,0,15.69,0,0
9LGVAV5VWE,F,94,,1,,0,0
3R7X93348B,F,79,,0,4.51,0,0
2TH1PX5KGZ,M,84,,0,9.16,0,0
ZFGS2XW9K2,F,3,,0,13.59,0,0
U291NPNRQ2,M,1,,0,13.45,0,0
UPPFG1RX5O,M,3,,0,4.31,0,0
Y9OPCUBJIR,M,1,,0,,0,0
DT251J1IFN,F,2,,0,2.64,0,1
8120ZCR8N3,F,14,,0,4.15,0,0
KS1CNWYBRM,M,1,,0,.8,0,0
QEZORA30QP,M,10,,0,7.39,0,0
1QYXXIG9VR,M,2,,0,4.71,0,1
K25U8D8QAF,U,11,,0,3.82,0,0
6K8KPRWR7H,M,2,,0,2.49,0,1
D04HQMD4WH,F,3,,0,,0,0
IOPSZR4TS4,M,11,,0,2.28,0,0
FGVLR6PL2P,M,5,,0,,0,1
IBQEA5Y6YS,M,10,,0,1.13,0,1
VR3HKAQYJH,F,10,,0,9.47,0,0
LNXZZVJ1L1,U,7,,0,1.12,0,0
9ZSIALZJLU,F,13,,0,4.53,0,0
6Y6LFB2RMX,F,3,,0,12.14,0,0
6N42VGEEVL,F,11,,0,24.9,0,0
FZLEE12TDV,M,12,,0,4.44,0,0
2CVU00DW10,M,12,,0,2.6,0,0
VW8XGLR8UB,M,8,,0,28.99,0,0
LLUD57UTIT,M,9,,0,5,0,0
F2XXH07F8G,F,14,,0,,0,0
PVR1G2BMTJ,U,14,,0,4.14,0,0
3G8TQ8BLJN,U,1,,0,1.9,0,1
YW9PTTUQ6I,M,8,,0,11.97,0,0
V11T1PVNF2,F,3,,0,11.26,0,0
9R6XG50Q20,M,8,,0,9.26,0,0
ZJ5JRVUTIE,U,10,,0,21.86,0,0
T8SQJ77FKK,M,102,,0,14.99,0,0
5QOOK9L7RJ,M,68,1,1,,0,1
0237I1OS05,M,100,,0,,0,0
BMIA3TLDO2,M,83,,0,13.55,0,0
TQ521515O6,M,77,,0,1.47,0,0
6SXV1QCTTQ,F,90,,0,10.24,0,0
ACD5V211VH,M,94,,0,16.24,0,0
LFEVZFFXLV,M,105,,0,2.2,0,0
Y5SGYREJ65,M,92,,1,.68,0,0
0Z8H142GH8,M,69,,0,,0,0
4878ZU4QQ2,F,98,,0,.12,1,1
M8TUA6M1XO,F,81,1,0,8.88,0,0
XIYBNCUQJ4,M,91,,0,2.03,0,0
WYSHQDW9IE,F,96,,0,23.56,0,0
CTGIRHNF8R,M,70,,0,1.86,0,0
O9WX397UHD,M,93,,0,4.95,0,0
JQCJHFEJMK,F,93,,0,3.93,0,0
ANJBMYWGHB,M,79,,0,7.06,0,0
JD0WO6L38X,M,99,,0,,0,0
IM9CXG132J,U,84,,0,12.01,0,0
6VHMMK8G6G,U,92,,0,8.37,0,0
RW5Z3OZDFY,M,88,1,0,12.99,0,0
5NEDKV02C1,U,79,,0,4.82,0,0
LBW0HP3UHH,M,79,,0,2.4,0,1
WSGMHVKAYL,M,70,,0,1.95,0,0
F817SQ39LJ,F,91,,0,5.01,0,0
TCKU9KW6X1,F,96,,0,1.43,0,1
5C7JTAY2L6,M,100,,0,5.85,0,0
SFBFAEQRI8,M,89,,0,4.73,0,1
1I2IHRS8XZ,U,91,1,0,12.21,0,0
3LGX0389CO,F,68,,0,23.68,0,1
3T5PZIOXU7,M,94,,0,2.85,0,0
LMQ6GV4NC1,M,87,,0,4.58,0,0
DTNDMM1PA3,F,68,,0,6,0,0
4IGFW0JAWM,F,75,,1,6.22,0,0
2ER2RWHVBH,U,77,1,0,,0,0
KHW6PES5L8,M,103,,0,12.71,0,0
AJ983NKV64,U,86,,0,.67,0,0
7DRJ3MG0BB,M,100,,0,11.26,0,0
7PUXZKK8CE,M,66,1,1,5.71,0,0
IL0KA6GZ99,F,94,,0,3.6,0,0
0TPTLHJLFG,F,74,,1,6.04,0,1
GLWYOHN14B,F,80,,0,1.36,0,0
X2JQNCBWPJ,U,97,1,0,12.51,0,0
AR47MH8G38,F,94,,0,,0,0
F4UY5PZAWU,F,75,1,0,13.15,0,0
X77NNCWWUR,M,68,,0,1.26,0,0
NWGYARVJ9J,U,94,,1,,0,0
WUZUHI6Q15,U,74,,0,4.71,0,0
WBSXEL4MXK,M,88,,0,5.35,0,0
HAEYXW3VNS,F,78,,0,6.72,0,0
Q2BPGQ6G3S,M,91,,0,12.23,0,0
9NBPES7I0O,M,101,,1,.85,0,1
DTCQQYLDSL,F,71,,1,.31,1,1
BGDNUTS08P,M,69,,0,6.8,0,0
NNE0R0VKDD,U,75,,0,,0,0
GMTA4UQS02,U,93,,0,.79,0,0
QDGBU0XBEF,U,86,,0,2.14,0,0
DN5T10NA5H,M,70,1,0,5.47,0,1
6DKGIZSBIR,M,82,,0,2.7,0,0
IM4ABZWVEX,M,89,,0,,0,0
KW8MTF0ZH1,M,86,1,0,20.74,0,1
YC0YABRVLA,M,73,1,0,2.67,0,1
740ZF9644T,M,97,,0,5.1,0,0
O1D3DPZ9C2,F,84,1,0,14.06,0,0
5CAC9UVLYA,F,79,,0,14.95,0,0
WYY41OIXP0,U,87,,0,4.01,0,1
Y4JBWWON7R,F,93,,0,,0,0
3MJX3FXQSV,M,68,,0,6.73,0,0
FFX2BR3M0P,M,91,,0,1.33,0,0
8SEZBDLK6Y,F,103,,1,11.25,0,0
134FCO6ZQJ,F,91,,0,10.73,0,0
M0H6OONGWW,M,69,,0,3.33,0,0
GK214VCRFX,M,68,,0,4.45,0,0
WG6BKXTQA8,F,89,,0,8.06,0,0
EGXXM3FS24,U,90,,0,1.53,0,0
AVCO5TGYW0,U,82,1,0,3.05,0,1
MMPHOFRML1,F,77,,0,3.39,0,0
4W9UI562PG,F,77,,0,9.37,0,0
TS8OEOUOCQ,F,66,,0,2.65,0,0
DVEBHZ8P5S,U,85,1,1,,0,0
1UFASHTJVQ,F,101,,0,4.74,0,0
K5141M3ISF,M,103,,0,4.17,0,0
KV5YMVPVOA,M,85,,0,2.45,0,0
COLPA9PU61,M,73,,1,,0,0
0LS6RDAMM5,M,84,,0,,0,0
A13K1EDVQ2,F,75,,0,7.11,0,1
4BFYM37F0U,U,103,,0,12.04,0,0
XUCLE8FNG5,F,75,,0,1,0,0
W1HUS0ZA88,F,75,,1,19.23,0,0
10J8T1918S,U,23,,0,12.11,0,0
3I5VO0PXXH,M,17,,0,16.34,0,0
I5Z6267K5C,M,17,,0,3.28,0,0
GFNCEBIV7B,M,17,,0,4.28,0,1
CIAT3TZT6H,M,21,,0,2.72,0,0
BAA5RFX5LC,U,22,1,0,12.96,0,0
JBDKQ9Q2G7,M,22,1,0,17.18,0,0
DE0HXS6IYV,M,20,,0,1.41,0,0
BE1XQDVAKQ,U,17,,0,,0,0
CD4QN544H7,M,18,,0,3.34,0,0
6L60H8I0VQ,U,22,,0,4.39,0,0
AFNUFJSIZF,F,20,,0,,0,1
LR5B98L1UT,F,24,,0,13.78,0,1
X0TP0GJADJ,F,18,,0,1.02,0,0
5NS1LJQZFA,M,16,,0,12.29,0,0
7QWZHTUAGV,U,23,,1,9.61,0,0
KCOL5SGJL2,F,21,,0,12.38,0,0
03CNR2WOP1,M,24,,0,3.01,0,0
2PYU5RUXNZ,F,17,,0,,0,0
TUZNUOUZGY,F,16,,0,,0,0
H3K1U4NN0G,M,23,,0,9.41,0,0
8EGBX0YDU6,M,17,,0,6,0,0
5REWBD6J05,F,18,,0,10.69,0,0
TJDS1M89UH,F,21,,0,,0,0
P1MVANYD8N,M,18,,0,4.63,0,0
H559OA1A6H,F,24,,0,1.55,0,0
LXB8V0NB5K,U,21,,0,14.43,0,0
L8DGCGLUFH,M,76,1,0,6.35,0,0
1MIH9O8NGT,F,94,,0,2.96,0,0
2ZGPOTYQG4,M,75,,1,3.26,0,1
OQ4JGYSLFB,F,72,,0,8.39,0,0
THG5UH20OV,F,95,,0,,0,0
93TP8SG8WT,M,105,,0,3.88,0,0
9NDWQ5OT1X,F,74,,0,10.43,0,0
MKKHGATLFU,M,71,,1,.9,0,0
5OZGZHGIHV,F,65,,0,10.93,0,0
W3XPIM58WM,U,75,1,0,4.84,0,0
CTXRAVPTD1,F,68,,0,13.54,0,0
EV2RFF6UG2,U,81,,0,,0,0
DCSVDEQ2N3,M,76,,0,,0,0
XMXQ9D5VVA,F,78,,0,3.98,0,0
RXI00BOXZ5,U,73,,0,13.11,0,0
AZAMTCEO17,F,67,,0,3.13,0,0
PTJL00ZYIK,M,100,,0,14.3,0,0
VUKP450JBM,U,105,,1,5.92,0,0
FPADE4Z097,F,77,,0,8.78,0,0
1ZEMQMRASC,M,89,,0,11.26,0,0
QDSKF02BSO,F,66,,0,2.2,0,0
UU7D8WZ56U,M,91,,0,4.88,0,0
2JSDO303YE,F,95,,0,1.13,0,0
AWZJ0S6OJI,M,77,,0,3.07,0,1
9NH2LAZFND,F,97,,0,2.51,0,1
G5GDLYFFAU,M,97,,0,14.7,0,0
8BZ5M4RT5A,F,79,,0,.23,1,0
LAUFLJBMM4,U,70,1,0,1.58,0,0
UFOXRMLA3E,F,66,1,1,4.15,0,1
O8423AFZHK,F,101,,0,13.18,0,0
Z017PCRP23,U,102,,0,1.45,0,0
T7BT8U4ZFD,U,89,,0,.84,0,0
RTB5CC7335,U,80,,1,1.85,0,0
OE0WXWLKGY,M,84,,0,12.14,0,0
7JMEYSOERI,M,76,,0,26.07,0,0
ZHEU1ZPK54,U,65,,0,1.97,0,0
8PFYL07HEA,F,90,,0,4.96,0,0
V6ANCTI28Q,U,72,,0,3.54,0,0
15RW4MYP5K,M,76,1,0,3.26,0,0
NUGTAOZTQM,U,90,,0,13.7,0,0
GQSC1WDRXE,F,80,,0,8.08,0,0
51Y5YI1D0U,M,77,,0,.34,1,0
GB1DZTWYAM,F,93,,1,,0,0
2VH19YQGE8,M,98,,0,9.36,0,0
KRYXGSG00K,F,82,,0,,0,0
I9H6RJKILN,F,87,1,0,4.22,0,0
KW9S7RPMMO,U,67,,0,4.03,0,0
QEVT1747YY,F,82,,0,14.61,0,0
EHHB79CH0Z,F,89,1,0,,0,0
Q6J81IZ0P8,F,73,,0,11.85,0,0
WPXJDWWURU,M,78,,0,8.57,0,0
HZ474SO2SJ,U,70,,0,.21,1,1
VRN14HQ5P9,F,85,1,0,11.57,0,0
UB4YYM3LTY,M,92,,0,8.42,0,0
0981BU1DYD,F,65,,0,13.3,0,0
R3KYKOGNVP,M,101,,0,3.23,0,0
PAPU2SVYQW,F,92,,0,4.84,0,0
UIU1S4F04A,M,80,1,0,6.11,0,0
ILQKLH7X9H,M,97,,0,7.23,0,0
TRKL7GQ1T0,F,88,1,0,11.85,0,0
8PM0ELRSQW,M,95,,0,4.23,0,0
51CSJG9WCX,F,81,,0,4.34,0,0
ZC21SEFCMC,F,83,,0,2.42,0,0
Z8SGNTLRKV,F,86,,1,1.61,0,1
UUGN7CMQF1,M,65,,0,2.78,0,0
4ZSRWXWRX2,F,73,,1,,0,0
6L8LRU0E0H,F,83,,0,1.49,0,0
ND7PNQ8L49,F,94,,0,1.38,0,0
XQ5R2W7CMM,F,82,,0,13.39,0,0
Y6TXVNMNUG,F,100,,0,1.13,0,0
TMP1WQN71I,F,74,1,0,7.27,0,1
W4CRX3ACKE,U,71,,0,11.23,0,0
ZZVYA1R9OY,F,80,,0,7.8,0,0
6CMIQEQX10,U,100,1,0,1.88,0,1
MC7LA3U7EO,U,98,,0,.79,0,0
Y38NFP5Q2A,M,89,,0,5.73,0,0
Z22EROU60O,M,99,,1,23.26,0,0
AGIPIHK1BT,M,94,,1,12.09,0,0
IPIBYVIRX4,F,90,,0,13.52,0,0
XND4XS67IX,F,75,,0,5.78,0,0
OG1DOF9GFL,M,67,,0,1.4,0,1
ZP1XMNKYXN,F,88,,0,2.45,0,0
ORTV1EACKA,M,104,,0,12.96,0,0
TG1IT28KUG,F,78,,0,2.64,0,0
KJUSCTF1R4,M,71,,1,1.4,0,1
D3VY5IRZMM,M,97,,0,2.58,0,0
DO93DBHHIJ,U,99,,0,6.48,0,0
WASIRAV1TH,U,71,,0,3.03,0,0
X90Y132N2N,F,88,,0,1.22,0,1
YAPILLBQHY,M,94,,0,4.17,0,0
2DTJMF3OCX,M,68,,0,4.3,0,0
FZTXHKESKX,M,103,,0,1.56,0,0
EEAHYMFHF7,M,86,,0,2.09,0,0
EPZ51C5WCN,F,97,,0,5.56,0,0
Q4XO798OQP,U,80,,0,,0,0
Y1TJUAVDWD,U,93,,0,3.63,0,0
PZEIJNAXYZ,F,88,,0,6.28,0,0
LT8214I7ZL,M,102,,0,10.31,0,0
G0T946WU3P,F,86,,0,5.57,0,0
2647EFO36X,M,80,,0,,0,0
MAO7WACLUF,U,69,,0,3.9,0,0
TRR6EAFALX,M,94,,0,2.5,0,0
O7KBECM3OH,F,77,,0,7.38,0,0
1V7ML36BRS,F,95,,0,12.35,0,0
T9GGDHSBPB,F,104,1,0,3.2,0,0
HSQ829S3ZP,F,89,,0,3.65,0,0
CB1WF881H2,M,65,,1,2.92,0,1
15G21DHIUA,F,94,,0,2.9,0,0
AKD7WPF0JC,F,70,,0,1.88,0,0
FLO7TJ5J5F,F,91,,0,,0,0
F0EUOY73DI,F,96,,0,1.17,0,0
ZIYN7Q8RIZ,F,65,,0,7.57,0,0
5YL0OU3NST,F,71,1,1,,0,1
Y56A4WM75C,F,65,1,0,7.7,0,0
PENOH0YAYO,U,88,1,0,8.63,0,1
9JNI5DVWVX,F,97,1,0,15.14,0,0
VQHMUHCP2R,U,98,,0,.77,0,0
R500TWY6NU,F,102,,1,12.56,0,0
AEL1GJ7JPE,U,66,,0,7.12,0,1
DJMSRK4WZW,F,91,,0,6.02,0,0
WL8169KN09,M,84,,1,2.49,0,1
B9TS7PZFJL,U,95,1,0,4.07,0,0
6T7ZMFZL29,F,76,,0,.54,0,0
TWMW2QOVU7,U,90,,0,.58,0,0
CAWRMJPP08,M,102,,0,1.54,0,0
DSZ3TG4C83,F,83,,1,1.43,0,0
JQVLW1NVXX,F,80,,0,.87,0,0
NBUSMMBBO0,M,103,,0,4.65,0,0
V6GJKXVRIZ,M,77,,0,12.46,0,0
FETBDWYXVE,M,85,,0,8.15,0,0
ANIKN0DCRU,M,90,,0,7.62,0,0
CAIQK9Z4HF,F,102,,0,7.35,0,0
MNB2XXT5U9,M,93,1,0,6.67,0,0
E07L8I7MSJ,U,66,,0,7.67,0,0
OAVCM9GWMD,M,78,,0,1.78,0,0
KIDJW4A34V,U,100,,0,3.58,0,0
PEASE9AQVR,F,73,,0,13.98,0,0
VJFN0Q1RVG,M,67,,0,3.69,0,0
87XQX74WST,M,101,,0,14.21,0,0
6GLT9BURO3,M,104,,0,4.36,0,0
HZZ6GODFG1,F,89,,0,,0,0
9O4OZEBZLP,F,65,1,0,6.11,0,1
NY3ZWVIN8Y,F,78,,0,,0,0
19DXJ8SLKR,M,80,1,0,7.25,0,0
SZWGS4P8V8,U,80,,0,2.19,0,0
ZSUHEC6MUV,M,70,1,1,8.63,0,0
SUCGKA7Z6X,M,90,,0,4.02,0,0
00J2FDXMKN,U,82,1,0,.85,0,0
6KOYADJR0C,F,73,,0,26.66,0,0
9ZY1H021WQ,M,89,,0,.31,1,1
2P5UZFI3VH,U,80,,0,1.73,0,0
8XRXIRVR89,F,92,,0,5.93,0,0
RA1AARWGAZ,F,78,,0,1.72,0,0
G6R4GJW2Y6,F,94,,0,16.3,0,0
9YU54NL6F3,M,104,1,0,.96,0,1
VZ4EGK1SRM,F,103,,0,,0,0
HNE54270KG,F,76,1,0,5.93,0,0
OOZV6SITID,M,87,,0,.71,0,0
3722EWAAX2,M,66,,1,10.87,0,0
NQ44QSUKNR,U,94,1,0,1.31,0,0
D39051152B,F,70,,1,3.14,0,1
RT3FN9UMIL,M,78,,0,,0,1
O2Y5EWINIS,U,79,,0,4.72,0,0
Q5VVEHHEDL,F,73,,0,14.23,0,0
I76C0Z3ZDJ,F,95,,0,11.61,0,0
BVLXEN2P7F,F,96,,0,2.63,0,0
25PJDTWP5T,U,88,,0,7.98,0,0
KPYSS0ODJQ,F,85,,0,10.67,0,0
4391E49BGG,F,95,,1,13.9,0,0
FUZXHSDBVA,M,87,,1,,0,0
ATXQOP0PTH,U,74,,0,3.42,0,1
NOEE9N34GT,F,67,,0,3.32,0,0
TY7B1PLI05,U,73,,1,3.5,0,0
WDGHJRVGKY,U,79,,0,9.7,0,0
NUTNKENUS1,F,89,,1,11.21,0,0
KE4NQXXVQU,F,96,,0,1.66,0,0
WDKYDFJYCA,M,93,,0,3.96,0,0
CKMW2GHAFL,M,85,,0,1.51,0,0
VKNHBSYT35,M,103,,0,,0,0
R4X9WV3YAT,M,65,,0,1.9,0,0
PIEGQ3FGD9,M,100,,0,3.91,0,1
NU51HNLQVZ,M,94,,0,2.5,0,0
SWM26EZIME,F,74,,0,11.51,0,0
PYNE4E7BQR,M,102,,0,12.38,0,0
WR4UCCYH8J,F,72,,0,,0,0
GIUVB815J8,M,94,,0,1.27,0,0
GZNGMA3UG6,M,66,,0,10.66,0,0
3CAGLIQ2HE,M,75,,0,5.45,0,0
VLUXV981WQ,F,101,,0,4.89,0,1
NOAWRW5BWF,F,98,,0,3.2,0,0
DKY2CV0IR9,M,83,1,0,5.72,0,0
86DD6672GZ,M,74,,0,,0,0
Q17Q41ZG7Q,M,80,1,0,23.9,0,0
XPE9PMUDA6,F,74,,0,2.71,0,0
YRGD77C8TM,U,102,1,0,6.11,0,0
D5FGEXBHYY,M,96,,0,1.44,0,0
949O6L52J9,U,81,,0,14.92,0,0
YM70B93MG7,M,104,,0,,0,0
811T97T2GJ,F,80,,0,2.62,0,0
5JLV5GSUL7,M,105,,0,5.4,0,0
F1I8NY77LH,F,86,,0,1.05,0,0
ZTBPPJ8062,U,88,,0,2.12,0,0
ZUP4QJKJ8V,F,81,,0,11.06,0,1
669Q3FCZ03,M,71,,0,2.89,0,0
1ICJDMC52J,F,100,,0,2.11,0,0
RAH39CADWF,U,12,,0,4.85,0,0
YOV0TTLJAF,F,42,,0,.6,0,1
UE5AV8PG8E,F,16,,0,.22,1,0
PN7RLT2LHB,F,16,,0,8.97,0,0
NZ1ZKV88MC,F,19,,0,4.38,0,0
SCZNLOVJV3,F,22,,0,2.07,0,0
UE8W984TLB,M,18,,0,14.13,0,0
3JD2Y7VMJM,U,20,,0,13.66,0,0
7P41H64UWK,U,16,,0,12.54,0,0
4V56QUQKEI,F,17,,0,4.57,0,0
ZDHU7R8WO0,M,26,,0,4.91,0,0
FZQ5LGVIQS,F,33,,1,3.64,0,0
BP7ULHWN6N,M,39,,0,6.85,0,0
XOEODRK1I3,M,32,,0,4.53,0,1
7KTK52B68E,U,25,,0,2.98,0,0
GKVYLJW5M9,F,42,,1,2.44,0,1
6WS9CK6OR2,U,44,,0,10.22,0,0
256IMADYCN,F,43,,0,11.98,0,0
WWVLPDZU0V,M,36,,1,29.78,0,1
I0FGW8FETB,M,35,,0,5.38,0,0
TN38L9TODM,F,34,,0,11.27,0,0
5P9CR7XBYD,M,32,,0,10.97,0,0
SC9S34JOEX,M,34,1,0,1.34,0,0
I9KQWV60Q8,F,43,,0,2.82,0,1
DEFD124U85,M,41,,0,4.27,0,0
QIN9GU6GH2,F,84,,0,4.48,0,0
NGJVBZSGML,F,69,,0,.14,1,0
F0BP8R502D,M,80,,0,22.5,0,0
W0IBKVK3LW,U,85,,0,1.46,0,0
C9H9F2N4O1,M,102,,0,3.79,0,0
PHHCYO9BT9,M,94,,0,3.07,0,0
NMZ6296C8S,M,67,1,0,4.69,0,0
A7B4CF3DLQ,F,70,,0,14.77,0,0
I864UR2SPS,M,85,,0,,0,0
FX9QC26LV0,M,97,1,0,,0,0
GWEPNK4DZ0,M,81,,0,12.3,0,0
L0JTENW3OD,F,78,,1,1.3,0,1
FX1KB26N0Y,M,102,,0,3.48,0,0
KWTQKKFESS,U,103,,0,.59,0,0
PAB829BK5Z,M,81,,0,1.69,0,0
63IJYH03C1,M,66,1,0,,0,1
L0YG66WFER,M,102,,0,4.2,0,0
V3BWQBV9UI,M,76,,0,.12,1,0
9XB371LTUV,F,80,,0,8.66,0,0
N2R4A0KQ2D,M,70,,0,21.78,0,0
TH4VZN2IH3,M,93,,0,11.23,0,0
F929O27T2N,M,102,1,0,4.3,0,0
69VTYEHOOA,U,89,,0,9.61,0,0
Y8Y6ZBATLE,M,76,1,0,14.28,0,0
DCEJHZRTVO,F,75,,0,2.77,0,1
5P15FSAXUD,M,82,,0,9.7,0,1
7ZYU2WHA25,M,91,,0,17.56,0,0
J889783VHD,U,78,,0,2.51,0,0
SWD6WUMV10,F,82,,0,,0,0
PEH7HWVCEB,F,74,1,0,4.61,0,0
I2FIOXMXUS,M,81,,0,2.04,0,0
S27ODNVWUS,M,102,,0,6.73,0,0
PDFGXWYYEU,F,99,,0,12.74,0,0
WR9EBB9Z2I,F,83,,0,2.31,0,0
3PN2SHU11Q,M,79,,0,.94,0,0
IZECA19TLT,U,98,,0,1.38,0,1
WTFPU60Q26,M,68,,1,3.65,0,0
Z3NAOO4OMA,U,102,1,0,.74,0,1
BHFJR727VV,U,88,,1,3.74,0,0
4J3E29D8RE,F,105,,1,,0,0
MMAAD51GQA,F,103,,0,4.48,0,0
LVWV14S2AC,F,68,1,1,6,0,1
JKHIEUOJPJ,F,100,,0,9.97,0,0
PJ0W40FNJB,M,90,,0,,0,0
E6Y7NXGJRS,F,66,,0,4.83,0,0
F321RO9MTJ,M,94,,0,10.8,0,0
LNZS28BNU1,U,76,,0,3.64,0,0
PQZ1BGL7EB,F,103,,0,.12,1,1
TTBIDWFP5X,U,67,,0,9.81,0,0
CN4C5GB8N9,U,77,1,0,11.85,0,0
VNCL1O41GD,U,84,,1,10.46,0,1
EWTRCALKYW,U,89,,0,,0,0
T5O13NJQ95,U,87,,0,3.53,0,0
PBYGRA5K59,F,104,,0,3.74,0,0
PG6EC46RH4,M,68,,0,2.8,0,0
OMAODNZ1FB,U,94,,0,1.85,0,0
H8JKK757AC,M,71,,0,10.57,0,0
88JODSO44C,F,80,,0,1.54,0,0
BY7PYQ1YRO,M,92,,1,14.54,0,0
0PURZ8JYFG,M,84,,0,1.36,0,0
GOWTBSHIO3,U,65,,0,.21,1,1
AU1H7YLKBP,M,104,,1,1.08,0,0
AOHM6ALUWI,M,104,,0,12.95,0,0
DYEUYMB3KU,U,74,,0,2.93,0,1
OTX4O001WZ,M,70,,0,3.58,0,0
SOJDU5NUMY,U,67,,0,4.62,0,0
DZ9UEB9OXU,M,77,,1,13.22,0,0
O1CGDQG0IK,F,72,,0,10.01,0,0
00CVA2UYQJ,M,76,,0,3.94,0,0
ETFFF6OP1U,M,94,,0,10.03,0,0
GL3ITKS373,U,92,,0,6.86,0,0
9B998YSVW9,F,65,,1,4.04,0,0
5CRYWM298T,F,84,1,0,.95,0,0
EV7LHGYI2T,F,83,,0,,0,0
HN7H9YJN56,M,101,1,0,14.42,0,0
11S3GWTDEY,F,68,,0,13.96,0,0
6ZYBJ5SPTR,M,88,,1,9.28,0,0
9GLWKKSJEG,F,98,,0,2.53,0,0
B48PJ83225,M,81,,0,.21,1,0
LT360T7YTK,M,90,,1,,0,0
8I7Q3PZUVX,F,65,,0,5.03,0,1
8A1ER4CW2F,F,103,,0,11.36,0,0
IKNJ9WIQBO,M,99,,1,1.26,0,0
VP1CV0340Z,M,85,,0,11.92,0,1
YGQGB2A8T1,M,77,1,0,4.16,0,0
QU5YGBO1FO,F,97,1,0,3.94,0,0
MY6C5AWPLR,M,90,,0,19.88,0,0
PGBXG4MW1G,M,102,1,0,1.43,0,1
WD62GVTVX1,U,103,,0,,0,0
CDSORWE33V,F,16,,0,1.06,0,0
10462R9N5Z,F,32,1,0,1.12,0,0
RD3FYGG0BX,F,25,1,0,3.1,0,1
ES39GF1B97,U,25,1,0,3.26,0,0
PRKZTNU6GR,F,27,1,0,2.65,0,0
RBHAXFAXFN,M,39,1,0,3.49,0,0
VSMCNBY8LX,M,33,,0,10.22,0,0
6YRNSVQCYM,F,28,,0,1.65,0,0
1NKGETTBL3,U,26,,0,.83,0,0
DF1GHF7QY6,F,25,1,0,16.31,0,0
BOV80192C5,F,42,1,0,8.2,0,0
Y03BD61UBB,M,32,1,0,11.87,0,0
LRNO0EQ1SM,U,25,,0,3.58,0,0
EOLT9XAAJE,F,51,,0,.27,1,0
HNVKFZ77YB,F,63,,0,,0,0
G2C17O9QC3,M,45,,0,4.13,0,1
BB66CLF1AA,F,62,,0,14.59,0,0
NTW76YOTCP,U,60,,0,.9,0,0
2TIMHIL7AW,F,59,,0,13.39,0,0
A5UG9DY1KL,F,55,,0,,0,0
YJ2GPXZ5VP,M,58,,0,2.41,0,0
I26DPD6CG0,F,53,,0,1.59,0,0
7925G43X8W,F,56,,0,11.42,0,1
SHY10M8A91,F,58,,1,7.74,0,0
NNJO4S3LJ3,M,81,,0,3.54,0,1
3MYDPX8O30,F,76,,0,3.97,0,0
ZEYYKQGVUG,M,90,,0,3.52,0,0
R755DUKUOM,F,67,,0,2.4,0,1
UQ8QK1PJH0,F,81,1,0,14.39,0,0
42H1DWN1FA,U,93,,1,,0,0
PSVPK2ZMPU,F,102,,0,8.08,0,0
P6IQ8TM8GV,U,66,,0,1.51,0,0
3RJ9CSIO9C,F,68,,1,2.61,0,0
D5WKPF64IV,F,87,1,0,2.26,0,0
50D5D5Y0E6,F,83,1,0,4.03,0,0
1IJ5HZ0T54,F,85,,0,18.44,0,0
REJRS07B4A,F,92,,0,6.44,0,1
GY421MCYT5,M,96,,0,,0,0
09UD3OJB68,M,65,,0,2.79,0,0
P4XJ2R2Q3J,M,74,1,0,.93,0,1
97GAWYIOB4,F,76,,0,.52,0,0
YKOPLFZNN1,F,83,,0,.78,0,1
Q7QSF0UTS9,U,84,,0,4.12,0,0
ETJ5FAH494,M,87,,0,.59,0,0
HYG61LYE91,M,102,,0,11.07,0,0
4KXR48E15G,M,79,,0,26.55,0,0
C87FOXVBCM,M,73,,1,3.56,0,0
FDTOJRQ0JZ,M,99,,1,8.5,0,0
LVBWCOO0GR,M,104,,1,3.48,0,1
ASQIT0V1JT,F,105,,0,11.52,0,0
8XSLOAV4R2,M,97,,1,17.84,0,0
62PGTSNBGB,F,67,,0,,0,0
2TBQJJFLMS,M,95,,0,.11,1,0
H9ZO4I3NGP,U,73,,0,22.82,0,0
MFGLW68FX2,F,104,,0,4.51,0,0
XULBWX62GC,F,80,,0,8.95,0,0
9B1QX61RNC,F,100,,0,3.2,0,0
SWSNW2PMU6,F,77,,1,8.36,0,0
B64EZOZU3U,F,92,,0,,0,0
CKL0R8CAHK,U,103,,1,.62,0,0
AQXK1BFHUO,U,65,,0,2.73,0,0
Q8ACW6P4BF,M,79,,0,1.16,0,0
ZXOT1DYSEK,M,85,,0,12.07,0,0
AHJ7YPVYJL,F,98,1,0,3.85,0,0
6BHZLAMTUU,F,80,,0,13.03,0,0
T6Y2DG1O4N,M,87,,0,6.33,0,0
SU7V7W4HJV,F,68,,0,.96,0,1
ARKMYN2MD5,M,76,,0,2.45,0,0
9W66C8KAQ6,M,70,,0,3.56,0,0
N93TMMU3RJ,M,91,,0,4.75,0,0
MELHL48W6J,M,68,,0,3.67,0,0
NKRZ87KCG4,M,67,,0,21.59,0,0
BJ6RKDH1CE,M,75,,1,28.47,0,0
3VVIT39T92,F,75,,1,12.9,0,0
9J8Z5HQY7Y,U,101,,0,5.67,0,0
QG17FUZBXW,M,97,,0,,0,1
GRFKVAA8D1,U,67,,0,3.27,0,0
4W3BNDX0XN,U,84,,0,2.63,0,0
CXTK2STLDO,M,66,,0,6.77,0,0
11DRQCZPHI,M,93,1,0,1.72,0,0
3A4GP62X17,M,91,,0,11,0,0
KG2B3K8HCQ,M,66,,0,4.92,0,0
YVR11Z1UPC,M,98,,1,17.58,0,0
BI7GVQMFJS,F,67,,0,2.21,0,1
1SN2KLHLFW,F,97,,0,5.73,0,0
KYKXBUZ02K,M,77,1,0,1.6,0,0
4MW0L5RB67,U,89,,0,3.13,0,0
CLYEMGAO7T,F,98,,0,10.05,0,0
XXSYLOVT1A,U,89,,0,9.19,0,0
93E7II0K76,U,101,,0,4.99,0,0
EXV0TEBZVZ,F,81,,1,11.13,0,0
MBQ5OBPZEG,U,81,,0,4.07,0,1
WWJ05AEQD8,F,102,1,1,1.97,0,0
Z7S4SE5VRI,F,101,,0,1.29,0,0
3Y0TYAZRBA,F,93,,0,15.6,0,0
K00NDEW767,F,77,,0,4.63,0,0
0FEES71DD1,M,73,,0,11.75,0,0
RDL6X2MT0P,M,83,,0,1.7,0,0
DSUAJFFBK8,F,105,,1,2.61,0,1
2SW59L2J6G,F,90,,0,,0,0
O5AMJGPZBH,M,87,,0,7.72,0,0
FFLIYL7TIH,M,105,1,0,3.24,0,0
USJZFBEGCJ,U,93,,0,4.28,0,1
YP08H017QJ,F,101,,0,1.16,0,0
FNIM90TD0T,U,85,,1,5.97,0,0
AJQ65X1RGO,M,77,,0,11.61,0,0
WJ6VFMYS6O,F,65,,0,2.7,0,0
0CQR2FCFH3,U,80,,0,2.8,0,0
G6Y0FGBE3N,U,74,,1,14.7,0,0
ZRA45NDDG7,F,77,,0,1.65,0,1
V3NI9LM48G,U,77,,1,20.27,0,1
RLZQHAKK8B,F,103,,0,4.89,0,0
FZ6RJ3V7HW,F,69,,1,5.53,0,1
ORQ9PZ6Q4Y,M,82,,0,1.27,0,0
4QIHTQP210,U,81,,0,4.09,0,0
4R92WCBX1S,F,97,,0,11.03,0,0
0YBOY5IQKF,F,76,,0,4.25,0,0
MJ2BIE9RBF,F,86,,0,.56,0,0
SPP63N5U8Z,F,104,,0,1.45,0,1
W6W88PS7W8,U,84,,0,8.22,0,0
XPY2IGPA6X,M,105,,0,4.16,0,0
5VGN5Z3WRN,U,97,,0,5.09,0,0
FKNVJBCKMM,F,87,,1,12,0,0
L9Z77MDQJW,F,69,1,0,.91,0,0
2GP5MRFHT8,F,99,,1,4.77,0,1
XQNOBU60EX,U,105,,0,,0,0
BKLL08LSOT,U,96,,0,,0,0
MMNS2FOJ6Y,M,2,,0,.83,0,1
Q0IT7QNXNQ,M,8,,0,1.52,0,0
CEH0JSXK48,F,3,,0,13.23,0,0
7TX8H5SR98,F,4,,0,11.85,0,0
VXQMX8XKDV,F,12,,0,.97,0,0
KAV2PDQ4ON,U,1,,0,4.42,0,0
YAQVTBDX3W,M,2,,0,3.63,0,0
4YNZSWJ4CB,U,12,,0,13.35,0,0
PZEWR0E3Y8,M,7,,0,3.64,0,0
7FN6NHIM9Y,M,1,,0,2,0,0
ZAA3ATLD65,U,15,,0,.68,0,0
CQCZC44FQ7,F,4,,0,,0,0
IVJUOM4BWD,M,11,,0,11.28,0,0
AXC8OUPFQ4,U,12,,0,.28,1,0
QE0C0FMGIW,U,79,,0,2.78,0,0
256A66P51G,M,96,,0,1.48,0,0
4LH0P775PN,M,83,,0,4.21,0,0
T6QY0164WT,F,87,,0,5.82,0,0
71LXNO6KAN,M,103,,0,3.65,0,0
F6KDVYRO3F,M,75,1,0,9.78,0,0
6Y97S1WUUH,F,81,,0,3.85,0,1
ZES5VUNBBD,U,72,,0,5.02,0,1
PU3J9BFBIC,F,93,,1,.14,1,0
PLR1DALJR7,U,71,,0,24.22,0,1
JCZH3W85CF,U,89,,0,,0,0
SMK0F25GYX,F,87,,0,.73,0,0
9X553D03A2,F,70,,1,5.24,0,0
9UW9BENV6L,F,99,,0,.2,1,0
ICVDM1CQ02,M,90,1,0,1.03,0,0
GIDPAU01LX,F,104,,0,1.48,0,0
LRH270MS0Y,M,97,,0,,0,0
VQJ653712S,M,68,,0,2.9,0,0
JPIIFN7X3P,M,68,1,0,2.16,0,1
XUMWMBF2SR,U,81,,0,3.57,0,0
D4KSEZIII0,M,75,,0,.87,0,0
XLJ2UK6SJP,F,79,,0,13.21,0,0
FW5YDWY5WO,M,96,,0,1.37,0,1
WH20T8A83M,F,101,,0,11.35,0,0
CBI5Q4N1L4,M,84,,0,2.06,0,1
Q43IT4NV0J,F,72,,0,3.92,0,0
XRNXKNRW1Z,F,84,,0,3.56,0,0
6WJWDE8N0N,M,97,,0,13.22,0,0
BTABYAAGMO,M,103,,0,9.79,0,0
F1K7F1U6AC,U,79,,0,10.34,0,0
0GJ4LWXIH9,F,95,,0,8.29,0,0
NVJ9D7U0TD,F,84,,0,14.72,0,0
92N9PEGURL,F,86,,1,5.58,0,0
0NMG4SVQ2E,M,100,,0,3.15,0,0
W8UZKAKETK,F,74,1,0,1.31,0,0
3396PKJHJ7,F,65,,0,3.39,0,0
N1OSROX2LU,U,77,,0,2.51,0,0
M21MO30LXQ,F,76,,0,7.16,0,0
1MGFI7MRNR,U,91,,0,1.97,0,0
NBWHNFM4G0,M,88,,0,9.07,0,0
7J7F9RICCU,F,82,,0,2.7,0,0
Z9Q33H76ON,M,85,,0,2.08,0,1
YNNX1FT389,U,78,,1,2.77,0,0
64OQZN632K,M,99,,0,13.29,0,0
25KJ50DK4I,M,90,,0,.11,1,1
8DDMJ89OSV,M,68,,0,3.47,0,0
IWO4FNJDBZ,F,94,,0,1.46,0,0
L4ADQKAZIN,M,101,,0,2.17,0,0
CXDBMZUFQI,F,73,,0,14.68,0,0
1IHUABR937,U,99,,1,.11,1,0
MARE1Q7JYX,M,93,1,0,2.75,0,0
8R82I54Z2B,U,65,,0,1.91,0,0
1I8KRBFUCO,F,99,,0,4.18,0,0
77ZFLSYDOB,U,90,,0,3.23,0,0
Y9VBXUKJAG,F,67,,0,12.58,0,0
X74C6309QK,F,90,,0,,0,0
F4ADUTAA21,M,67,1,0,,0,0
Y9RJE0Y4P7,F,74,,0,4.13,0,0
XIXZ0C603W,U,78,,0,.11,1,0
C711JF4T6E,U,104,,0,,0,0
2C3E71NFY6,M,101,,0,1.24,0,0
33HQOQ8DO0,F,65,,0,3.33,0,0
8C0V4JLWQ3,M,81,,0,1.26,0,0
NCXCG4BU0V,F,83,,0,2.56,0,0
P6BAZ3XONL,M,91,,1,2.19,0,0
O0D0JCZ3YB,U,82,1,1,2.12,0,0
OD85XAOL7N,F,103,,0,,0,0
804O4UU1GG,F,72,,0,1.76,0,0
BXK6KKL1Z7,M,95,,0,8.22,0,0
PJAQZC7QHM,M,72,,0,5.64,0,0
16OUF00D0V,M,90,,0,7.9,0,0
NHMQNL99UC,F,82,1,0,,0,0
CG1SKW41M2,F,70,,0,,0,0
N65338FO9X,U,96,,0,3.24,0,1
G0WFPVNSD4,F,104,1,0,14.62,0,0
YGHTKTBFOJ,F,104,,1,,0,1
HXEMIHQ2L3,M,102,1,0,.94,0,0
SWGZQYP1YK,M,95,,0,4.22,0,0
Y4M76Z5VVO,M,78,,0,7.87,0,0
TWUBXYNXLV,M,92,,0,.93,0,1
VVQY8LMNCQ,F,65,,0,3.45,0,0
2D2B9G5DAJ,F,102,1,1,6.47,0,0
AUMD78ZEK2,F,103,,1,11.52,0,0
JZI5T0OY51,U,103,,0,5.62,0,0
54RKD0NPFH,U,67,,0,,0,0
FVKCVAUO2H,F,78,,0,4.12,0,0
9V6VATP6YP,F,80,,0,8.71,0,0
EU5MBFS9P8,F,71,1,0,2.59,0,0
OFZTDJVSJ9,F,100,,0,10.01,0,0
V3WKB0TWLO,U,86,,0,8.35,0,0
4E4WIKUHDQ,F,42,,0,9.58,0,0
AX8AQ8WCSC,M,50,,1,1.62,0,1
M8BHCQIFS3,M,58,,1,12.63,0,1
YB4JTSNXE5,F,54,,0,3.89,0,0
GK7W7101E1,M,45,,0,1.2,0,0
2LYO5BQ72T,U,47,1,0,8.58,0,0
LZTE9YCV8Y,U,57,,0,18.14,0,0
KX1KJOS9F8,F,46,,1,6.61,0,0
YVASK5LIGC,M,51,,0,.72,0,1
Y0NC6XTSON,F,101,,0,13.94,0,0
RH3V14AX03,M,63,,0,3.89,0,1
H0Q0QNHPZX,F,54,,0,11.15,0,0
0BN5ZDRQ5L,F,47,,0,10.86,0,0
1GOQKI9375,U,45,,1,3.64,0,0
M8KD18OIR5,M,55,,0,4.28,0,1
7EI2T2HWCU,M,56,,1,3.67,0,0
XV80E1Y1N6,F,50,,0,3.3,0,0
TWEVDCELX6,M,53,,1,.57,0,1
ELCEI2KZK9,F,49,,1,2.48,0,0
LD789CN2D2,F,58,1,0,3.95,0,0
8AV00PVIWM,F,46,1,0,13.01,0,0
K0O9SMUTLJ,U,46,,0,4.64,0,1
3O936Z2LJA,F,105,,0,11.49,0,0
VZEOF79JYV,U,62,,0,13.57,0,0
VWA7W9V77E,M,99,,0,3.45,0,0
YNNXABXJUF,F,84,,1,3.36,0,0
PH8G72TP1F,U,77,,0,9.72,0,0
UUN84O302U,U,105,,0,6.29,0,0
T0Z7V8BX25,M,89,,0,.27,1,0
96U99YYR9W,F,87,,0,14.8,0,0
OQWKA2WJDD,M,72,,0,.96,0,0
QJO0U5K1C9,M,91,,0,12.35,0,0
3LTFKQ4XYS,M,71,,0,1.52,0,0
URSPHE8QDA,U,70,,0,6.41,0,0
V2NNLW2MWZ,U,89,,0,.4,1,0
05DZM7J7VP,M,67,,0,,0,1
9UN6ZL03MT,M,99,,0,4.82,0,0
1DD2Q06GSA,F,95,,0,,0,0
Z9KCVU3SBY,M,93,1,0,11.57,0,0
UF0VFAHYZJ,M,101,,0,4.85,0,0
4UL8IC1PU8,F,72,,0,11.6,0,0
JN75TIGO1H,F,88,,0,7.35,0,0
RWBW5BNOZD,F,90,,0,2.63,0,0
D7T0BT639U,U,103,,0,3.56,0,0
9NZ220ARWH,U,83,,0,2.48,0,1
XT4TEYKP1L,M,77,,0,.34,1,0
D0WZUQFF8M,U,76,,0,,0,0
KLP4CHQF5K,M,82,,0,,0,0
3O3VL0TD8H,F,91,,0,,0,0
QC03IJB1NO,F,81,,0,1.88,0,0
7C65FT4O57,F,105,,0,.44,1,0
X4MPNQ4HR8,F,103,,0,2.7,0,0
0UEJW3UEV8,F,85,,0,14.84,0,1
74Y5JPN65V,U,99,,0,17.16,0,0
WU61MBQT2P,U,73,,0,2.35,0,0
JNM1NHF8FA,F,76,,1,6.86,0,0
B54LEWEGVG,F,94,,0,2.31,0,0
TZ05XFZSJZ,M,88,,0,3.4,0,0
GJHBAVML2I,F,92,,0,2.94,0,1
5K4HLMSKSM,F,100,,0,1.97,0,0
KGZWB2UKIV,F,82,,0,10.84,0,0
XAHYSJ8VZA,M,95,,0,5.98,0,0
ITXTOBWQ5W,F,75,,0,28.98,0,0
G9MOMGAS5R,F,69,,1,.35,1,0
EUMPO7XUBQ,F,66,,0,.48,1,1
3JQ6OGOYQY,U,74,1,0,3.11,0,1
ADZH8VFBMZ,M,66,,0,1.2,0,0
M3QSZZS026,U,95,,0,,0,0
EOU38ZEL1I,U,70,,0,12.52,0,0
7K2H0CS0ZN,M,77,,0,8.94,0,0
9TH0OZS6QS,F,73,,0,2.82,0,0
RI6PQTMMRX,U,80,,0,9.52,0,0
JCBHMBVE1W,F,82,,0,3.07,0,0
023AFRBN6S,F,69,,0,,0,0
39KKX7DGZV,M,65,,0,,0,0
POSABV72KA,F,79,,0,14.8,0,0
UEDT4A9KOJ,M,88,,0,3.48,0,0
GOS0B8U8CK,M,89,,0,6.51,0,0
1P2AAC776J,M,96,,0,1.43,0,0
A1BHZ4MXMC,F,77,,0,14.39,0,0
O5VEG6N3WS,M,78,,0,,0,0
YXLS76PKDC,U,99,,0,3.86,0,0
3JOROOU0RO,U,81,,0,.41,1,1
7FS2ZLBGJV,F,67,,0,1.7,0,0
7AXZNDI1XC,M,70,,0,5.6,0,0
JYCEK4LEFN,F,102,,0,7.6,0,0
JJT2EVT7VJ,M,93,,1,8.88,0,0
65R6P43VT0,M,69,,0,1.51,0,0
RDJ0WMY005,M,70,,0,4.35,0,0
ET1KCZ0QZJ,U,72,,0,9.97,0,0
CJBYKENE20,U,104,,0,10.99,0,0
L16PMSDQCU,M,84,1,0,10.32,0,0
27194H553B,F,105,,0,,0,0
TB3KBX0RJN,U,100,,0,2.32,0,0
70WWUAZF0Z,M,70,,0,4.14,0,0
4MWYPDES8J,U,97,1,1,,0,0
I5MY2IZXF6,M,94,,1,4.41,0,0
OOETZ8FBVZ,M,69,,0,9.22,0,0
AEL0EWSNGG,F,85,,0,2.77,0,0
ZLSEAUEBVM,F,73,,0,13.41,0,0
JL9U5CE14B,F,72,,0,14.83,0,0
GXGGP8NTSA,M,83,,1,7.53,0,0
9MY78D84P8,F,92,,0,,0,0
DQP2A0KST5,M,81,,0,5.08,0,0
C1T4EIOGA0,F,97,,0,1.9,0,0
6HS4RTE6LA,M,92,,0,,0,0
BQ78J84O59,M,74,,0,.59,0,1
0PWOTCSK42,M,79,,0,,0,0
TZL6J2MAZK,F,70,,0,,0,0
X8G9WDABFG,U,101,,0,8.94,0,0
11YORM6RKP,F,103,,1,2.97,0,0
LAAZYTIVDX,M,98,,0,2.17,0,0
IUELGB4YF8,M,67,,0,3.43,0,1
86D8LAS1TP,M,79,,0,.19,1,0
N8CMJH2WJJ,M,54,,1,.54,0,0
D1SF8JSVVS,U,64,1,0,1.12,0,0
K3OBKXM3VP,F,57,1,0,12.41,0,1
RVL9NM9AB1,M,59,,0,,0,0
CYH55RZ2WU,M,53,,1,5.75,0,1
C1CCNRSLGY,F,60,,0,3.48,0,0
2407AF94LU,M,64,,0,1.61,0,0
STI6UGPSOW,M,56,,0,7.46,0,0
8LWUQLOW18,M,49,,0,8.7,0,0
99WPN4D6NO,U,57,,0,28.33,0,0
QVYIAFB2JS,F,48,,0,1.56,0,0
99J4YY6DE4,F,56,1,0,.9,0,0
HQ06JI6FDT,M,60,,0,12.28,0,0
Q71JJFX5UR,U,78,,1,4.4,0,1
D9QXBY1G3K,U,60,,0,2.11,0,0
RTB5JV4Q1K,F,53,,0,8.11,0,0
0YSRBZ4QDF,F,58,,0,3.23,0,0
YMT8XHKU89,M,60,,0,7.23,0,0
CB7GUOV20O,M,46,,0,2.29,0,0
LDG38AF3QJ,M,50,,0,13.36,0,0
I8JZK64ZT2,F,61,,0,9.44,0,0
QCEC4HZ0MX,F,74,1,0,22.16,0,0
PRP7ZYC83X,F,57,,0,1.89,0,1
E63IRFPUC2,M,61,,0,7.51,0,0
HKSKTIEBBV,F,68,,0,10.64,0,1
4WQ9TB3GUD,F,85,,0,2.97,0,0
UQPL4FPM88,M,86,,0,1.72,0,0
IMJB3RIPFG,M,89,,1,,0,0
CHH9XDRPLV,M,87,,0,.85,0,0
OJ65OGZW40,M,93,,0,2.3,0,0
PO4710WCOC,U,96,,1,17.11,0,0
8GZCZBVJ2Z,F,97,,0,4.57,0,0
6P4F12339J,M,79,,1,,0,1
744YY1IQ0Q,U,85,1,0,10.17,0,0
SX3I8JHEW6,U,76,1,0,,0,0
Q7DYI16M53,F,65,,0,8.66,0,0
Z37D8P02VI,U,75,,1,2.98,0,0
HJY8I2AI74,F,71,,0,5.19,0,0
GH2UFM7JP6,U,101,1,0,.26,1,0
CU2B602ZJM,U,71,,0,,0,0
T47E25MGOY,M,78,,1,2.63,0,0
FK2ZFKPECM,U,76,,0,2.42,0,0
YW9DKYA064,F,89,,0,6.05,0,0
XOQRTJHHDS,F,94,,0,1.42,0,1
7Y125LG1IM,U,74,,0,4.51,0,0
W24NPEKKV2,F,77,,0,1.47,0,0
DZ9TI61BHP,M,91,,0,27,0,0
QM41AYNLLI,F,90,,0,,0,0
C7VNO8LWGN,M,80,,1,11.75,0,0
JYIBEN9LI4,U,94,,0,2.66,0,0
MMWX7Q1MSS,M,89,1,0,2.06,0,1
EQ2OXTZ6RZ,M,81,,0,3.35,0,0
9JEKC8CTZC,M,86,,1,10.1,0,0
VX4EMX22GD,F,94,,0,3.88,0,0
6WT9UDNKDI,F,101,,0,14.57,0,0
HDO999987V,U,91,,0,14.1,0,0
N39PE6UYQP,M,102,,0,1.11,0,0
VKN93EYNMS,F,77,1,0,4.86,0,1
QVK7ZDNIO8,F,80,,0,6.5,0,0
ZT8MP5I8W7,M,104,,0,25.36,0,0
DTLRPNJ6M4,M,75,,0,3.1,0,0
E6PAIH4MTA,M,96,,0,4.36,0,0
KGJ55YJQ9K,M,98,,1,4.63,0,1
4UGR6TR19X,M,76,,0,,0,0
YAHOCZU60H,M,72,,0,9.94,0,1
MNIHLFWRDS,F,84,1,0,13.5,0,1
H5RJX291ND,F,105,,0,,0,0
I4F1WOJ54G,F,86,1,0,5.98,0,0
E3Q5DXLVBE,M,79,,1,11.67,0,0
RRP3CVHNHH,M,79,,1,24.06,0,0
88VUUU0UJW,M,89,,1,11.99,0,0
WF75EF3XZC,U,102,,0,8.19,0,0
34YLYFUHAJ,F,97,,0,2.88,0,0
ZD3J1JE0DY,M,73,,0,5.26,0,0
UB3820WG79,F,95,1,0,24.29,0,0
AGNSGZ99Y9,M,65,,0,5.93,0,0
OVCHBJRS33,F,82,,1,.3,1,1
33MYWW4RPV,U,72,,1,19.9,0,0
6QW43N9N4K,M,94,,0,3.25,0,0
3UWIELE7H2,M,66,,1,4.74,0,1
64SW9KRIGF,M,103,,0,14.02,0,0
VT8YB4TJHD,F,91,,0,1.68,0,1
01HC4ES7BY,F,103,,0,.56,0,0
GX99PZI89C,F,73,,0,2.33,0,0
JXOVQ62HW9,M,76,,0,16.38,0,0
PGXLSD0EQO,F,66,,1,1.53,0,0
FHFK6QCH31,U,66,,0,,0,0
7U369M63ZZ,U,82,,0,5.23,0,0
MS7FWTEYWO,M,78,,0,.81,0,0
GT8D7WQB4D,M,73,,0,.25,1,0
79VO56MJG9,M,80,,0,2.99,0,0
LMQN21R5Z2,F,84,,0,5.99,0,0
TCCBR5JQ62,M,101,,0,2.73,0,0
8CNS47J2UB,U,72,,0,9.02,0,0
PGZUAYKUNL,M,85,,0,4.51,0,0
RBFSOO645L,F,89,,0,14.63,0,0
UG46W4FUXF,F,76,,0,15.68,0,0
PUAP6HZB4K,M,101,,0,3.21,0,0
IVQQQ6TDUA,F,101,,0,9.87,0,0
G5JJL1FVPJ,U,79,,0,12.85,0,0
N5RFE43H8Z,U,93,,0,1.6,0,0
E5PFQGBH1N,F,74,,0,7.38,0,0
0T69ZU462Y,M,101,,0,9.24,0,0
KYT2XKGSU0,F,100,,0,13.38,0,0
QH3E8MJ2H2,M,95,,0,4.62,0,0
12XIYDK1J1,M,105,,0,5.46,0,0
BSKX9NNU2K,U,78,,0,,0,0
XVYGWJ65Y5,F,75,,0,6.15,0,0
BBSM6OGBDJ,F,99,,0,1.76,0,1
SHXTDEZ2JA,F,95,,0,26.1,0,0
MUECIW7JKV,F,69,,1,10.55,0,0
FVPQRK1VIH,F,103,,0,3.36,0,0
Z8IX3FNSJQ,U,102,,0,13.29,0,0
FWLAW4PZ1K,M,102,1,0,.12,1,1
OLFRR5G8UW,F,102,,0,1.02,0,0
ZZJN15BSS3,M,85,,0,4.04,0,0
MO4RJFCZX5,M,88,,0,,0,0
F21I1ZOL4C,U,88,,0,13.78,0,0
0RJ5O6LYIG,U,83,,0,,0,0
92G28WIUIO,M,0,,0,10.25,0,0
Q2OKGJ8VQ6,M,13,,0,14.77,0,0
9S359MS1U1,F,1,,0,27.48,0,0
S3X68UYHU7,F,5,,0,10.41,0,0
C4JLU5EKDZ,F,8,,0,2.47,0,0
O8LT91SCTO,M,1,,0,1.7,0,0
01APMNCF86,U,14,,0,.91,0,1
AL5ND91M34,F,2,,0,2.96,0,0
YIYXQBZ40V,M,12,,0,9.15,0,0
Z5GMRKGX6V,M,3,,0,4.44,0,1
SWCSHJ1U1T,F,4,,0,2.73,0,0
4FW609TH33,M,1,,0,13.56,0,0
5844SYYVNS,F,12,,0,13.55,0,0
BHKBCDJTT5,M,5,,0,2.29,0,0
RY04XE2K84,U,6,,0,10.48,0,0
YRA14NVPXX,F,13,,0,,0,0
U5LNBLML05,U,0,,0,10.31,0,0
UDO08Y1CXG,M,5,,0,9.48,0,0
B6NROEIZDL,M,5,,0,4.42,0,0
IWMVVFTPU9,M,7,,0,1.57,0,0
LCRFPILGD8,F,15,,0,,0,0
RURVZEKDOC,M,8,,0,4.62,0,0
JRL9Y4G3XJ,U,9,,0,14.42,0,1
20XU3ED3UD,M,100,,0,7.01,0,0
3L5BAQ5U6F,F,100,,0,10.35,0,0
ED62R6XXI6,M,67,,0,.35,1,0
2A777KD7W2,F,89,,0,7.98,0,0
8AM59RRD3Z,M,105,,0,2.83,0,1
1A7WEDSYSI,M,98,,0,3.95,0,0
BO59EG21MG,U,84,,1,.9,0,1
0INPX0YCN2,U,66,1,0,2.99,0,0
4ISH76U63G,F,82,,0,4.19,0,0
WXB711KVQI,M,97,,0,9.36,0,0
L2MOIT0CYT,M,103,1,1,2.31,0,1
2WS1Y8Z0RD,M,100,,0,14.54,0,0
HFX8MYVS2Y,F,90,,0,27.04,0,0
IIIQSTBI7H,U,93,,0,13.26,0,0
IUCQJTJXDY,F,99,,1,4.3,0,0
59GTBUZH4O,F,79,1,0,1.47,0,0
IGQ49FBAO9,F,83,,0,3.39,0,0
B6HR0VDMIK,U,87,,0,4.85,0,0
9N34P3F2UY,M,68,,0,24.25,0,0
XYXEQVH6O9,F,97,,0,3.06,0,1
1A4F3W5HW2,F,66,,0,6.12,0,0
74JOD714N6,U,89,1,0,11.14,0,0
IWOSO80W3D,F,88,,1,.32,1,1
4S5Q80T0SC,F,66,,0,4.5,0,1
DMACCNDJVP,M,93,,0,,0,1
LFPKC9ZYY0,M,82,,1,22.5,0,0
M0J44XQPV5,M,104,,0,,0,0
IH9JRE8WWK,F,103,,0,3.45,0,0
QWTJ7LKBV3,U,76,,0,26.3,0,0
YIMEEACSZH,F,105,,1,12.17,0,0
G0TMV9JOMC,U,80,1,0,7.42,0,1
GSUHFBS1K6,M,75,,0,,0,0
Z24O0P9MNK,F,98,,0,12.77,0,0
2XJFH09KUA,M,83,,1,8.94,0,0
0FACNLNBZ7,M,82,1,0,4.87,0,0
39IRXTXE2F,F,102,,0,.53,0,0
MUJ5D3EYBW,F,89,1,0,11.77,0,0
EXE6ZZ4QRQ,F,71,,0,11.96,0,1
02E5WAH8FT,U,76,,0,14.06,0,1
19ZQXE4HBC,M,93,,0,,0,0
FL0WTL096N,M,82,,0,14.61,0,0
1CNKWX9IRF,M,99,,0,2.91,0,0
HP3TU27JIS,M,95,,0,11.45,0,0
UZ1GMU00O0,F,91,,0,.64,0,0
PUNJWI9OUF,M,96,,0,13.03,0,0
6SLO4JNU5G,M,94,,0,.28,1,0
WMEC5R6W6P,M,100,,0,14.17,0,0
VGIEWLDRHD,U,100,,1,12.47,0,1
1AAS6KXWQ3,M,68,,0,8.08,0,0
7SWGT78LFX,M,89,,0,14.1,0,0
8PRK0LI6J9,M,76,,0,4.58,0,0
TWEM24VGL9,F,67,,0,1.54,0,0
UZ8QK8UD4O,F,105,1,0,8.25,0,0
R3EQNW1ZFW,U,99,,1,6.54,0,0
N51L7ZGZ7Y,M,84,1,0,3.03,0,1
WD9TV874WH,U,104,,0,13.67,0,0
DM0VZ2GB25,U,71,,0,,0,0
IIOKWJHAMY,M,73,,0,14.05,0,0
IRRIHCH7OP,U,83,,0,4.98,0,0
X16EKWDLH6,F,94,,0,2.89,0,0
1NVL7FHRZO,F,77,,0,27.21,0,0
GNR60CGXZP,M,102,,0,9.9,0,0
RFOLEE2PCV,M,86,,0,12.29,0,0
7NQ3K5I3EQ,F,79,,1,11.29,0,0
RBT8IGK91E,F,87,,0,12.52,0,0
Y7AEWOXXQX,F,102,,0,28.6,0,0
AXQZ4HP6BI,F,67,1,0,6.8,0,0
KL8JF3A6YR,M,73,,0,,0,0
C494U64FY7,M,67,,0,12.95,0,1
OONK9ONGOF,F,88,,1,12.72,0,0
3UPFTQT48Q,U,94,,0,13.61,0,0
1JAEBQCR9Y,M,104,1,1,14.49,0,0
QX01RYBPWF,F,74,,0,6.47,0,0
NTAK0OU7YJ,F,90,,0,2.84,0,0
YG2P5M2UDY,M,69,,0,17.63,0,0
8OTZ2BDVEV,M,65,,0,7.88,0,0
2UUIFOT6HO,F,82,,0,,0,0
G3RNAYAJIU,F,87,,0,8.39,0,0
HJBNHR67RV,M,84,,0,10.64,0,0
62LFQDOF9Q,F,99,1,0,2.25,0,0
KRNERZNMZT,F,73,,0,.22,1,0
58DDBZ2W4Z,F,70,,0,21.81,0,0
MQRQ9ECSOC,F,77,,1,,0,0
I3F1SWDX04,M,81,,1,8.92,0,0
FOADQ3H71Q,M,69,1,0,11.45,0,0
R2P8YIDURF,F,87,,0,14.51,0,0
VTQSR59XEY,F,76,,0,9.16,0,0
2VI9GINRCL,M,68,,0,,0,0
PAH77ATZDE,U,82,,0,20.26,0,0
4UZDJM2ZX6,F,12,,0,6.33,0,0
C91I4CLEZV,M,0,,0,11.96,0,0
RUU55H88KW,M,14,,0,21.52,0,0
KX2MBSNLH4,M,1,,0,4.19,0,1
H7VJZYVG3P,F,15,,0,1.37,0,0
0U6ITT9LWZ,U,9,,0,,0,0
1FQQF6MKKL,F,6,,0,2.33,0,0
F0T4J4MB36,F,22,,0,,0,0
HCLW8NKTL6,F,0,,0,22.98,0,0
03WZA6PYLB,F,11,,0,1.18,0,0
A6TW2DFYKH,F,6,,0,.38,1,0
5BIAY25LKN,F,11,,0,10.12,0,0
WRW0RPM91Z,M,8,,0,10.9,0,1
5FK6NR96EP,F,6,,0,25.45,0,0
M0Y1A69VTZ,F,7,,0,4.43,0,1
GVLTL2P26H,M,7,,0,4.36,0,1
0CN2SQEAYK,F,3,,0,8.58,0,0
6ZKUEJUEW7,M,13,,0,13.58,0,0
EWV7VE85OB,M,21,,0,10.42,0,0
OQ4K0PRK09,M,19,,0,1.08,0,1
8RG255OF3T,U,21,1,0,.38,1,1
LTEQZUJDME,U,24,,1,13.68,0,0
KG1M1LX6JK,U,20,,0,10.86,0,0
SAB9GRT9EZ,F,24,,0,6.92,0,0
CWNHYXJVO5,M,18,,0,.54,0,0
2831OSL0XG,U,23,,1,5.23,0,0
0KSDE4P4EV,M,24,,0,2.09,0,1
6XFVTGIR74,M,16,,0,.32,1,0
7PQQCQMBMG,M,87,,0,3.93,0,0
7B1Y9AEKZJ,M,83,,0,1.76,0,0
JPGU7K7ZF8,U,80,,0,5.78,0,0
5R2XQO0GNG,M,69,1,0,13.08,0,0
IOVKDIESJZ,M,95,,0,.89,0,1
BDOM8PYBE6,F,83,,0,,0,0
LIF9QVOY5H,M,80,,0,8.17,0,0
KG9O595XJL,M,99,,0,7.92,0,0
OIVE79LRVI,F,66,,1,5.62,0,0
LT66JVU685,M,75,,0,4.16,0,1
GZBJNX9OUW,M,89,,0,,0,0
R5MK7O0OFV,F,77,,0,4,0,0
VUEGGZDHUN,F,92,1,1,12.46,0,1
6A53LI0R6L,M,81,,0,2.14,0,0
62JPUHZI9U,M,94,,0,3.79,0,1
KLUTZXQ913,F,93,1,0,2.38,0,0
DR44OCUBXH,U,86,1,0,13.13,0,1
XQGBFXBWGL,M,74,,0,14.73,0,0
S605G2QF0I,F,84,,0,.86,0,0
6BMLD4BIQV,U,91,,0,1.69,0,0
H0LZW58ZUN,F,96,,1,,0,0
D5YGID8OVW,M,83,,0,4.06,0,0
EO4J3FUOSB,M,84,,1,1.98,0,0
VCAJE78KU8,F,79,,0,1.49,0,0
7LMUJU4VXQ,M,89,1,0,11.22,0,0
FPJYFD9ZRU,M,100,,0,2.01,0,0
7TWBXP19UP,M,94,1,0,14.32,0,0
B969DD4V62,U,93,,0,3.79,0,0
3SPLHLZWUG,U,98,,0,4.29,0,0
E2PQ56HOU5,F,80,,0,,0,0
CSAQHZYTAH,U,75,,0,28.97,0,0
ICH62JM7EK,M,94,,0,2.52,0,0
TN0B1O7GGA,M,72,,0,13.68,0,0
D2LZR98XOQ,F,104,,1,6.19,0,0
H4IOUJBQY3,F,65,,1,11.45,0,1
WRGNJGDQD1,F,81,,1,5.72,0,0
1JE9WD22QV,F,103,,0,.57,0,0
0H6TV1KDRN,U,99,,1,,0,0
YD4PY1AWXK,M,86,,0,9.89,0,0
N9GSWQG3JU,F,100,,0,9.86,0,0
ZQQCUM6QPP,F,81,,0,3.98,0,0
GH509T3P26,U,105,,1,2.44,0,0
GM27JDN0U7,F,68,,0,7.87,0,0
ERGI3U40B7,M,94,1,0,11.73,0,0
CKSYALK69H,F,88,1,0,4.54,0,0
AL83YOWWTX,F,94,,0,12.04,0,0
MBIHE1C64H,F,75,,0,4.32,0,0
IDG7MJRG7F,F,87,1,0,11.78,0,0
CAC9WMG6A4,U,90,,0,2.36,0,0
P9H6BHZNUW,F,83,,0,2.54,0,1
GN5FQFHP4F,F,75,,0,2.99,0,0
RHLM8A7GE5,M,100,,0,5.21,0,0
8UU3D2SS60,M,65,,0,13.76,0,0
EMET76JXP4,M,70,1,0,2.5,0,0
J3L4KI8WA4,M,87,,0,11.74,0,0
DMBJ9GMISA,F,79,,0,9.07,0,0
2A3VMZ1K3C,M,104,,0,14.65,0,1
K5SKUZM22R,U,102,,0,12.17,0,0
6D5YSNX1WH,F,78,,1,6.14,0,0
7UX4XD4BY6,M,90,,0,5.87,0,0
UZCA4F1EXE,F,77,,0,6.85,0,0
OYJNM8WRZ2,F,73,,0,4.83,0,0
N3OR0X94FF,M,80,,0,4.47,0,0
U88PXD3N3O,U,94,,0,3.55,0,0
36PR35NYNW,F,81,1,0,,0,0
FS8RE7FOCR,M,68,,0,13.33,0,0
PAAD048A8P,F,95,,0,9.04,0,0
E26RJ3ENQE,F,95,,0,.19,1,0
X8GCEWQS1E,F,83,,0,,0,0
2GFFERPQWT,U,84,,0,4.13,0,0
2REAHC7QXR,U,102,,0,2.35,0,0
YB0X9GNXXX,M,79,,0,10.34,0,0
ONC9HFES6H,U,93,,0,12.14,0,0
6XTR1PG8JI,M,82,1,1,5.95,0,0
LQ5FUAZ2UC,F,103,,0,11.58,0,0
PD7ZFANNQ5,M,88,,0,,0,0
DF29ALYKIQ,F,65,,0,.39,1,0
RY3UBIFCUC,F,82,1,0,12.96,0,0
P93IEL94SU,M,98,,0,,0,0
EATFCFLOP3,M,72,,0,4.07,0,0
QMB7FE0VMA,F,65,,1,1.56,0,1
97QHPV3LR1,F,78,,0,9.72,0,1
66NZVFM961,F,103,,0,3.74,0,1
V8XUHA5ZQ9,M,103,1,0,11.48,0,0
60TGYQB0C8,M,95,,1,9.74,0,0
DISOM1JCXD,F,71,,0,.95,0,0
Z8RMET1CKC,U,99,,0,7.16,0,0
4BATHH06QR,M,65,1,1,3.73,0,1
PPM2ICUWOA,F,72,,0,2.51,0,0
1HHS8XEAAW,U,32,,0,.24,1,0
RQSXCBT6UV,F,34,1,0,.88,0,0
PX5FFD00HN,F,28,,0,1.19,0,0
PB6RLG0GAV,F,40,,0,,0,0
KZ0IASBN33,M,40,,0,21.85,0,1
WMQQFLW0X9,M,33,,0,18.35,0,0
15BINQLVEN,F,30,,0,4.75,0,0
ZGNQ8SZ21W,F,41,,0,5.59,0,0
ESFMZ7WKOL,U,29,1,0,13.06,0,0
L4C3RZ4ULH,F,38,,1,1.1,0,0
DVRRJ79STE,U,30,,0,,0,0
VAOFXFARUF,F,44,,0,3.12,0,0
713548S7P4,M,36,,0,14.56,0,0
RBOUUAYK1F,F,26,,0,2.3,0,0
JKP6STFV77,F,25,,0,1.13,0,0
U88806X7ZU,U,43,1,0,3.39,0,0
OCZXNB08ZS,U,27,,0,8.17,0,0
CF77AY22AF,M,31,,0,2.13,0,0
OIRELKBWXS,M,26,,0,12.51,0,0
IPALSC7M22,F,35,,0,11.71,0,0
KIBB7HO9T7,M,43,,0,14.76,0,0
8WV49OEH6E,F,31,,0,.9,0,0
J7KW24LMK9,U,33,,0,4.71,0,0
QJNQ57MD23,U,39,1,0,29.01,0,1
YCV5V4L8OL,M,103,,1,4.26,0,1
1P2WW0902M,M,100,1,0,13.87,0,0
9C56UZR3Y0,F,87,,0,14.81,0,0
8Q1VMYZYNS,F,79,,0,11.64,0,0
6RTW2355VV,F,104,,0,2.15,0,0
TMZVHL7YBS,M,66,,0,2.13,0,0
Y9WKNYMSD2,F,80,,0,12.14,0,0
05KYH478DV,F,102,,0,2.79,0,1
90PMCSW7KJ,F,78,,0,4.56,0,0
WH5TPIF79H,F,102,,1,,0,0
GF9KLH2H6Y,U,68,,1,2.29,0,0
MU7G4DQSBH,U,66,,0,3.31,0,1
JERC8FEUG7,F,83,,1,8.17,0,0
X557322OJ5,M,96,,1,14.35,0,1
WNN6IMPQ5R,M,70,,0,2.05,0,0
AJ87BELS5A,F,84,,0,7.41,0,0
8Y4PFTXULQ,F,98,,0,9.3,0,0
7HV5J0LQTB,M,98,,0,1.78,0,0
J88ZIQ82MP,M,67,,0,2.62,0,0
78BX5VXWVP,M,80,,0,.73,0,1
QZX71U4YRI,U,77,,1,,0,0
DO1T1PIJ06,F,76,,1,10.6,0,0
G7NZDG07YW,M,98,1,0,3.35,0,0
TZ6ML9SPY5,U,101,,1,5.63,0,0
FF2N57AZ58,M,72,,0,7,0,0
XGT9915DPT,F,93,,0,5.07,0,0
EX3BMLB2CP,U,93,,0,13.08,0,0
X60DXXWBI0,M,96,,0,6.26,0,0
KGRCGVSS72,M,75,,0,5.95,0,0
E2MWCLWTN5,M,100,,0,14.72,0,0
TWJMIGUZWL,F,85,,0,4.77,0,1
UI67AK764I,F,78,1,0,3.96,0,1
JH2DIBKCNY,F,89,,0,3.25,0,0
TLCWVFNNSL,F,65,,1,.55,0,0
QOMKB6BAMI,F,74,,0,.88,0,0
6L66P1Y5FM,F,97,,1,6.87,0,0
EF7IWFEFSQ,U,96,,0,3.42,0,0
WVOMIEZP5K,F,105,1,0,,0,0
GDFZFSDLBX,U,76,,0,,0,0
LELK28RGWW,M,71,,0,1.19,0,0
RYWS3FRGDT,F,93,,0,5.17,0,0
VNNGFV1Z5R,F,88,,0,.12,1,0
DXFCGR20WZ,M,72,1,0,4.9,0,0
K2AQIU4V0T,M,102,,0,7.81,0,0
AVRHJSYOAA,M,94,1,0,,0,1
SREHXPAETP,M,89,,0,.92,0,0
DDTZIFBZYS,U,98,,0,1.51,0,0
0H51HZEXL6,M,75,,0,1.85,0,0
TLT81ZAGF9,F,80,,0,11.45,0,0
UR5X4KQYIW,U,74,,0,7.64,0,0
LGABGSPW5U,M,80,,0,3.32,0,0
9Q25SD6LKQ,U,75,,0,14.43,0,1
4H8GQ4MIXW,F,72,,0,1.59,0,0
RSYPL809AG,M,92,,0,1.06,0,0
VWH9689ZKE,M,67,,1,12.56,0,1
3FDQQD6G76,M,73,,0,1.26,0,0
V7O3DNMBL6,F,101,,0,7.96,0,1
0OZ5L0TBQ0,U,100,,0,2.48,0,0
HN46LM2JOR,F,102,,0,14.17,0,1
SEJ2N1F5LU,F,65,,1,7.08,0,0
46EFGWN00F,M,91,,0,13.27,0,0
260UM5358K,U,84,,0,26.16,0,1
FY6JMATF5N,F,102,,0,6.42,0,0
MM449HG6Y1,F,74,1,0,,0,0
TGNMHUJVY9,U,100,,0,10.96,0,0
TCQIP95A0H,F,82,,0,5.31,0,0
CJRGP1QSHT,U,88,,0,.92,0,0
WYJ4H6PD2N,F,95,,0,8.28,0,0
HIAURD0DX1,U,89,,0,6.39,0,0
7REYHSLPSA,F,84,,0,.66,0,0
VXVA270TX9,M,92,1,1,3.38,0,1
TH6ENUM0XZ,F,82,,0,11.27,0,0
P679I0Q7LT,U,102,,0,4.05,0,0
M9NK7XPLYK,F,102,,0,7.82,0,0
XEHWN9CAKJ,F,100,,0,3.9,0,1
QS5D74766S,U,80,,0,4.21,0,0
BVH2RFW4JX,U,89,,0,2.52,0,0
VZSTTLT3E6,F,99,,0,.18,1,0
WA2KXLLOYD,U,104,,1,4.2,0,0
YUMTPOCBH6,M,99,,0,3.83,0,0
PB5GC040UV,M,78,,0,7.21,0,0
Y51FPTZZ2C,M,85,,0,4.85,0,1
X89G8QIJS7,M,96,,1,.2,1,0
KXKTUGPQEZ,U,75,,0,,0,0
NQ665ZQIV6,U,83,,0,1.3,0,0
404ZBHCRQU,U,84,,0,1.44,0,0
5LFLHWCVM4,U,102,,0,9.13,0,0
67NAAO7JFI,F,105,,0,7.84,0,1
YTK8OP4MDO,M,97,,1,4.9,0,1
YGEJB05UJ9,M,99,,0,1.17,0,0
VCQC1WDPUI,U,99,,0,2.92,0,0
PU1WUHPVNZ,F,92,,0,.49,1,0
FCP3D3S1P6,M,78,,0,13.69,0,0
93BOTAOO1T,U,81,,0,10.57,0,0
7QLRNTLBQB,F,66,,0,.36,1,0
9NOAJ2QOHR,F,105,,0,8.51,0,0
SKO5TZL4K1,M,100,,0,13.46,0,0
J7QYPWW3NV,F,89,,0,9.41,0,0
3YPOT9PURV,F,69,,0,2.54,0,0
GA3X13B4E6,U,98,,0,4.99,0,1
VW29V9W4GR,F,82,,0,19.07,0,1
KBO5Q6HFVE,M,67,,0,1.91,0,0
MYSWGWMADH,M,79,,1,4.53,0,0
LJZZ77UT1O,M,70,,0,1.68,0,1
5JTBY0DBYK,M,82,,0,2.64,0,0
MMIW01BTMF,M,99,,0,,0,0
VQ3XUZ7TT8,M,79,,1,9.26,0,0
GV07IC3XNO,U,72,,1,.15,1,1
KJCKW89D2D,F,97,,0,.33,1,0
69V7GOVVKJ,U,86,1,0,11.63,0,0
YSJ899YE8D,U,74,,0,4.37,0,0
1F5FW1BGIO,U,78,,0,9.46,0,0
8E13B1G85Z,F,103,,0,2.98,0,1
IQWWK8THHD,F,97,,0,5.79,0,0
LO2D1RPJAH,M,84,,0,,0,0
U0PNJ8MGS1,F,77,,0,11.72,0,0
YZZDSFUG0Y,U,91,,0,,0,0
85GO7LGNGY,U,89,,0,1.8,0,0
YYFQQM05XX,F,73,,1,1.82,0,1
HVR3SM9PAP,F,65,1,0,,0,0
3GGIYPRM5U,F,93,,1,2.99,0,1
8413M0EE0Z,U,82,,1,.64,0,1
H0VL8KWAQR,M,85,1,0,3.79,0,0
221QS4GN8M,M,98,1,0,3.89,0,0
GU8QXZUODP,F,82,1,0,2.61,0,0
UEW5CHR7NB,M,82,1,0,3.03,0,1
BRA9NPVQ32,M,86,,0,3.83,0,0
7COP77HEJM,M,66,,0,12.14,0,0
SWA6OGZW80,F,76,,0,12.07,0,0
IWCIIR2ZH5,U,86,1,0,14.73,0,1
OWFIL779KD,M,69,,0,1.97,0,0
UTUSR8XMTC,F,86,,0,10.12,0,0
JAI2XOKBQZ,M,79,,0,10.06,0,0
BWUJWH837B,M,74,,0,13.87,0,0
6R6ZUG4YIC,M,85,,0,1.72,0,1
P57FW85A3V,F,73,,0,3.63,0,0
GJBA0JT7AV,F,70,,0,3.53,0,0
3BKVVVSONM,F,99,,0,12.88,0,1
Z5A04HH5AN,M,84,,0,4.31,0,1
E9MHRUI21O,M,69,,0,.35,1,0
FEJ7460L5Q,F,101,,0,14.61,0,0
S4BRWET8H0,F,89,,0,,0,0
QFMSLHIAO9,F,98,,1,,0,0
64OWGUR60C,F,80,,0,13.9,0,0
YB9BLLERU4,F,81,,0,,0,0
8TOLIUG65E,F,86,,1,4.69,0,0
B7XVIAMF28,U,96,,0,11.17,0,0
TT7U4AS1B4,M,82,,0,10.28,0,0
NYYQFERWNK,M,80,1,0,6.19,0,0
Z4PAM5NXMT,M,87,1,0,3.43,0,0
6200TMKPZW,F,86,1,0,1.75,0,1
4VPB67YA2J,M,90,,0,5.65,0,1
203ZDBCQNH,F,68,,1,28.17,0,0
1WJXFUBRNL,F,75,,1,1.32,0,1
M2GS0XHOYM,F,79,,1,3.12,0,0
4ZFAP3061G,F,73,,0,3.59,0,0
1Z6K82WP50,F,67,,0,10.69,0,1
WOD9QWLOKP,F,74,,0,,0,0
WJQTSD216E,M,104,,0,,0,0
XWH55JPD75,U,79,,0,.9,0,0
3H60K66YHM,M,81,,0,10.57,0,0
GO37U7TXUD,F,79,,0,29.97,0,0
SOMY2415D6,M,78,,0,8.52,0,0
X2YPM6HOI4,F,77,,1,8.15,0,0
7XW9BW1CGG,M,70,,1,,0,0
FTGKBML5LW,M,74,,0,7.77,0,0
60C1JBKU3O,F,74,,0,11.12,0,0
75B4NRP1BM,F,105,,0,3.55,0,0
EHCA1U66OW,F,105,,0,3.93,0,1
M1UUOMXO2R,M,77,,0,1.25,0,1
MAGEGV6DLG,M,83,,0,4.59,0,0
QZL02WS0W7,F,78,,0,1.66,0,0
BQCK97SWJQ,M,73,,0,3.82,0,0
HB1L5VJHA7,F,74,,0,3.73,0,0
M0HJ94CVOO,M,76,,0,9.39,0,0
PD842WZV13,M,98,,0,26.94,0,0
1SEONPJTA4,F,79,1,0,4.82,0,0
Q1WX8NRMLF,M,79,,0,3.4,0,0
BGJWNYXQYG,F,82,1,0,,0,1
1CUY124L05,F,59,,0,,0,0
2F2U66JSP3,U,53,,0,6.59,0,0
FDXKRB9IJI,U,45,1,1,4.43,0,0
MUNJQ6TJO2,M,62,,0,3.61,0,0
24FNLUS5LW,M,52,,0,.35,1,0
45ZQPMMIN0,F,49,,0,14.94,0,0
V1ANCOVTQC,U,55,,0,28.03,0,1
W0J2HZ0AM9,M,61,,0,2.09,0,0
9ESK8UPPYC,F,64,,0,8.37,0,0
IHPPEDJXKL,F,53,,0,1.31,0,0
R5Q6VFEPNV,F,52,,0,8.7,0,0
KT6KX4JS5P,U,30,1,0,4.89,0,1
9M2EZIHS2R,M,58,,1,4.15,0,1
NN1MVCV34N,M,33,,0,,0,0
34CMLU1S62,F,43,,0,6.69,0,0
QOWEO2H325,M,44,,0,.24,1,0
QM4ZPKW1OE,F,62,,1,13.95,0,0
VKAQ86OYM1,M,30,,0,14.09,0,0
4WHIEHS8Y8,F,44,,1,4.37,0,0
KKUL9ADR5C,M,37,,1,2.85,0,0
F75R1963WC,M,51,,0,,0,0
UF0YIHS51F,M,39,,0,.94,0,0
WEKK7PICQ8,M,40,,0,12.43,0,0
KXM260AR0A,M,33,,0,.7,0,0
ZQATAZEMN4,M,33,,0,,0,0
NRRY0IAJIV,M,60,,0,8.01,0,0
WR2Z9FV4O7,M,39,,1,7.21,0,0
G7T9SXWFXJ,M,37,,1,,0,0
M457W982AY,F,40,,0,2.68,0,0
IR4BT89A64,U,30,,1,4.2,0,0
KJQPUXK6WO,M,47,,0,10.77,0,0
XBRM04DH9P,M,37,,0,1.32,0,0
VVQV31FI0S,M,29,,1,3.31,0,1
OSBNP8YLGT,U,30,,0,8.92,0,0
QXA0GEATXG,U,36,,0,11.09,0,0
3PH1OZBGTJ,M,33,,1,13.41,0,0
7ZGV8OHTJY,M,62,,0,11.6,0,0
GQ8JKZ4O4O,F,41,,0,2.64,0,0
ALUQK91WTK,U,32,,0,20.7,0,0
XEUZGNBF6S,U,42,,1,10.86,0,0
P6955LBTQH,F,46,,0,3.09,0,0
P4YQ2MYFW2,M,39,1,0,,0,1
5YXW579W80,F,26,1,0,2.54,0,1
1BSHTKBZ3D,U,41,,0,1.29,0,0
NVFDHQ15OM,F,31,,0,3.18,0,0
BSNAJUXCU1,M,58,,0,13.85,0,0
LK57J1T7GV,U,39,,0,4.24,0,0
UR5AAKX6F3,U,42,,0,2.45,0,0
FNP4JP462L,F,43,1,0,1.16,0,1
SYWEMDLYQP,F,54,,0,2.74,0,0
Y7BPTTRCU2,U,31,,0,3.92,0,0
HU5DLZ8WOW,M,25,,0,3.63,0,1
INZDDKHS9N,M,38,,0,,0,0
IX8NEJCRBL,M,42,1,0,2.02,0,0
JI0OSBH25P,M,47,,1,26.68,0,0
RUZOSTBZO6,M,43,,1,6.57,0,0
OEX4OBVCWB,F,37,,0,,0,0
5X3C9W91Q0,F,39,,0,9.98,0,0
NJG6VLNSFH,U,56,,0,,0,0
9CMUVZZ9PI,M,51,1,0,6.48,0,0
CMOM5UBWMU,M,30,,0,4.28,0,0
1G1HVH1QD9,F,39,,0,4.81,0,0
45HI8NV8ZJ,M,33,,0,9.01,0,0
JEELB0LWMZ,M,64,,0,.82,0,0
AVMK9NH1JH,F,49,,0,,0,0
QD0EWIS7W3,U,58,,0,2.76,0,0
83IPLFU1Q7,U,28,,1,11.71,0,0
1I2J07U9IZ,U,43,,0,12.05,0,0
7VHGBM75RQ,F,56,,0,.26,1,0
REXEM6FM2X,F,55,,0,5.45,0,0
F3ULSO5TLG,F,47,,0,1.94,0,0
6HEEEFPPFU,M,43,,0,,0,0
TDZF5L3WAC,F,39,,0,14.74,0,0
ICQTAHK8ZC,M,44,,0,12.69,0,0
XXAFCBFLZK,M,57,,0,,0,0
BZ6PFGF9RC,F,58,,0,3.59,0,0
LPX2SG15Q0,M,31,,0,2.44,0,0
RFVBWSRQ8C,M,27,1,0,13.47,0,0
ORW4VKDW5Z,F,31,,0,2.94,0,0
LA5C1L2NTT,F,46,,0,1.38,0,1
2BTA5TTRFA,M,52,,0,2.26,0,0
G05PAS87BW,M,28,1,1,,0,0
D8C3BKKTJF,F,30,,0,11.21,0,0
B4R1HQNUU6,F,51,,0,13.29,0,0
YDGNG35SM5,U,36,,1,.78,0,0
8N61EI84KT,U,31,,0,13.57,0,1
W9ZN4NU5YE,F,36,,0,4.19,0,0
7J3VC31LFP,F,38,,0,1.83,0,0
MKU325128U,U,76,1,0,2.82,0,1
GKBY31KTCH,M,69,,0,1.2,0,0
9JKXQ62JAT,U,80,1,1,2.29,0,0
S0D7VOXOUP,M,102,,0,3.19,0,0
R3OIR5ZK77,U,71,1,0,2.47,0,1
M9J0W9ZD42,U,105,,0,12.17,0,0
YZ1323YBEO,U,67,,1,7.88,0,0
9ILH1CJI3H,M,87,,1,1.64,0,0
4D1TTTSQ1R,U,68,,0,4.61,0,1
X01HR1O838,U,69,,0,7.62,0,0
NMJ9TZYFBH,M,89,,1,7.25,0,0
X3D8FWMLPM,F,83,,0,7.62,0,0
423VA90XGF,M,71,,0,19.11,0,0
7L1RGVXGOK,U,94,,0,4.37,0,0
4RFNMH5NND,M,71,1,0,1.71,0,0
XRA4IMI07V,F,83,,0,,0,0
QLTVJ9JOH6,F,84,,0,.62,0,1
VVB96O8LGJ,M,83,,0,8.7,0,0
WMOR1ETLA6,U,93,,0,4.12,0,0
65ZHCSKD8I,F,74,1,0,14.5,0,0
ZCPHKWEJA1,F,75,,0,6.62,0,0
4A8VSQBL7G,F,95,1,1,4.06,0,1
A8XJDI91XO,M,99,,0,,0,0
C7322IK1FY,U,98,1,0,,0,0
H4VIFQUC9A,U,79,,0,2.35,0,0
V3WU8ZSOK0,F,96,1,0,2.35,0,0
KX8GPNIBHW,U,69,,0,10.67,0,0
8FZM7KYP5H,F,105,,0,3.8,0,0
LYQTW5BZAV,M,95,,0,.71,0,0
LY9MZCWWCU,M,102,,0,13.94,0,0
R1M02GKB22,F,75,1,0,.5,1,0
RYD51LV6LL,F,101,1,0,.41,1,1
YNBKSBZ2BZ,M,102,,0,14.57,0,0
JYRWIR3NIX,M,104,,1,9.12,0,0
21H8S68RND,M,80,,0,14.44,0,1
P7A58TQL7C,F,80,,1,1.28,0,0
GHYVG2I7M6,M,76,,1,.58,0,0
ZMJXH8WVFQ,M,65,1,0,2.02,0,0
XDUUTK6MH5,F,77,,0,1.9,0,0
L6GETK7AS4,M,73,,0,2.22,0,0
I7ED4EBAUQ,F,102,,0,12.45,0,0
C8QDX2Z58P,M,82,,0,1.26,0,1
HJ04PTDJLL,U,73,1,0,14.14,0,1
SL4RVIW79K,M,93,,0,17.83,0,0
BVSNPLA32J,U,75,,0,1.6,0,0
XZHK4E5UWT,M,67,,0,2.61,0,0
5KDEXHGAID,M,83,,0,24.7,0,0
NMQU9SBTUS,F,100,,0,2.61,0,1
ER8SH7EV8F,M,85,,1,3.99,0,0
D2IL9IL4GA,M,96,,0,8.02,0,0
ASPZZF12IG,M,95,,0,9.46,0,0
924A0459EI,F,65,,0,1.77,0,1
90QA4UGQ79,M,100,,1,,0,0
BJDQQ4X1V4,F,95,,0,10,0,0
S6TZZ1VHIU,F,91,,0,2.15,0,0
103RY1J52V,U,92,,0,6.19,0,0
47EIUAZWZY,M,70,,0,8.02,0,0
EH19WAH6E8,M,67,,0,.14,1,0
PUNI7WJXA5,M,75,,0,9.1,0,0
KU3PM44NIN,F,71,1,0,.98,0,0
56Y2OYVQH3,F,87,1,1,4.01,0,1
4RJHG0LOZQ,F,69,,1,3.93,0,0
